정책번호,정책제공방법코드,정책명,정책키워드명,정책설명내용,정책대분류명,정책중분류명,정책지원내용,주관기관코드명,운영기관코드명,신청기간구분코드,사업기간구분코드,사업기간시작일자,사업기간종료일자,사업기간기타내용,정책신청방법내용,심사방법내용,신청URL주소,제출서류내용,기타사항내용,참고URL주소1,참고URL주소2,지원도착순서여부,지원대상최소연령,지원대상최대연령,결혼상태코드,소득조건구분코드,소득기타내용,추가신청자격조건내용,참여제안대상내용,조회수,정책거주지역코드,정책전공요건코드,정책취업요건코드,정책학력요건코드,신청시작일자,신청종료일자,정책특화요건코드
20250520005400210862,현금지급,부산 청년돌봄이음,"제공기관,연계,서비스",고립·은둔 청년 및 가족돌봄 청(소)년 지원,복지문화,취약계층 및 금융지원,"1. 청년 돌봄이음 시범사업(제공기관 : 종합사회복지관) : 초기상담, 성장 계획 작성 및 모니터링, 자조모임, 관계 회복, 학업 및 진로탐색, 지역사회 자원 연계 등 지역 및 제공기관 특성을 고려한 서비스 제공
2. 청년 지원 정책 등 정보 공유
3. 일상돌봄 서비스 연계, 그 외 장학금 지원 등 대상자 조건에 따른 지원",부산광역시,,상시,특정기간,20250101,20251231,,"부산사회서비스원 홈페이지온라인 신청
○ 고립은둔 청년 지원 신청 : https://busan.pass.or.kr/support/sub6.php
○ 가족돌봄 청(소)년 지원 신청 : https://busan.pass.or.kr/support/sub6_2.php",,https://busan.pass.or.kr/support/sub6.php,"대상자 선정을 위해 필요한 추가서류 요청

가족돌봄 청(소)년의 경우,
① (가족돌봄 필요성) 진단서·소견서 등 증빙
② (청년의 돌봄전담) 돌봄 대상가족과 주민등록상 동거가족(실질적 동거 포함), 재직증명서(경제활동 증명) 中 1개 증빙
※ 증빙서류는 유효기간 내 또는 당해연도 발급분만 인정됨",,,,N,18,39,제한없음,기타,신청페이지 상세안내 확인,"1.고립·은둔 청년 지원
○ 정 의 : 힘들 때 기댈 사람이 없거나, 집(방)에서 나오지 않는 부산시 거주 18~39세(출생연도 1985년~2006년 기준) 청년
○ 선정기준 : 고립은둔 자가진단 테스트 및 고립은둔 상황 설문 내용 토대로 기초 상담 후 선정
　　　　※ 소득, 자산 기준은 없으며, 대상자 선정을 위해 필요한 추가서류 요청 가능

2.가족돌봄 청(소)년 지원
○ 정 의 : 돌봄이 필요한 아픈(또는 거동이 불편한) 가족과 함께 거주하면서 아픈 가족에 대한 돌봄을 전담하는 부산시 거주 19~39세(출생연도 1985년~2015년 기준) 청(소)년
○ 선정기준 : 아래 요건 ①과 요건 ② 모두 충족 시 해당 ※ 소득, 자산 기준 없음
○ 증빙서류
① (가족돌봄 필요성) 진단서·소견서 등 증빙
② (청년의 돌봄전담) 돌봄 대상가족과 주민등록상 동거가족(실질적 동거 포함), 재직증명서(경제활동 증명) 中 1개 증빙
※ 증빙서류는 유효기간 내 또는 당해연도 발급분만 인정됨",,16,부산광역시,제한없음,제한없음,제한없음,,,제한없음
20250519005400210855,상담,서울 청년 마음건강 지원사업,"2단계,마음건강,사후관리",우울·불안 등 정서적 어려움을 겪는 청년의 마음건강 회복,복지문화,건강," ㅇ (사업 내용) 2단계 선별검사로 과학적 진단을 통한 맞춤형 상담 지원
   - (진단) 1단계 사전검사(2종), 2단계 전문가 심화상담(1~6회) 거쳐 정밀한 상태 파악
   - (유형분류) 마음상태에 따라 일반/도움/잠재 임상군/임상군으로 판별 후 맞춤형 상담 지원
   - (사후관리) 유형군에 따른 마음관리 사후관리 프로그램 지원
",청년사업담당관,,특정기간,특정기간,20250101,20251231,,"총 4차(1월, 4월, 6월, 9월)에 걸쳐 참여자를 모집하며, 연도내 중복참여는 불가
- 2차 : 2025. 4. 14. ~ 2025. 4. 17.(조기마감)
※ 구체적인 일정은 향후 안내 예정이며 회차별 상담진행에 따라 달라질 수 있음",,,,"ㅇ (사업 근거)
   - 청년기본법 제21조(청년 복지증진)
   - 서울특별시 청년기본조례 제15조(청년의 생활안정), 제18조(청년의 건강증진)

 ㅇ (추진 경과)
   - 서울특별시 청년기본조례 ’청년의 건강증진‘ 조항 신설 : ’19. 5월
   - 청년마음·신체건강 청년자율예산 확정 : ’19. 12월
   - ’20년 청년마음건강 일대일 심층 상담 지원 : ’20.4월 ~ 12월
   - 보건복지부 사회보장협의 제도 신설 요청 : ’20. 11월
   - ’21~‘24년 청년마음 건강지원사업 추진 : ’21.4월 ~ ‘24.12월

 ㅇ (사업 기간) 2025. 1월 ~ 12월
  
 ㅇ (사 업 비) 5,767백만원 (지방비 5,767백만원)",https://youth.seoul.go.kr/youthConts.do?key=2310100076&sc_pbancSeCd=009&sc_bbsStngSn=2212200001&sc_bbsCtgrySn=2310200008&sc_qnaCtgryCd=&sc_faqCtgryCd=010&sc_hwStngSn=2501030001&sc_hwCtgrySn=0,,N,19,39,제한없음,무관,,"만 19세~39세 서울 거주 청년 중 심리지원이 필요한 청년(1985년생~2006년생)
(*의무복무 제대군인의 경우, 군 복무기간에 따라 최대 3년 연장 지원)

의무복무제대군인	
- 1년 미만 복무 : 만 40세(1984년생)까지
- 1년 이상 ~2년 미만 복무 : 만 41세(1983년생)까지
- 2년 이상 복무 : 만 42세(1982년생)까지
",,35,서울특별시,제한없음,제한없음,제한없음,20250201,20250930,기타
20250519005400210852,현금지급,희망두배 청년통장,"15만원,3년,2년","학자금 대출, 주거비, 비정규직 취업 등으로 어려움을 겪고 있는 청년의 자립지원을 통하여 저소득 근로청년의 자립의욕 고취",복지문화,취약계층 및 금융지원,"□ 본인저축액 : 월 15만원
□ 매칭지원액 : 본인저축액과 동일한 금액 매월 적립
□ 약정기간 : 24개월(2년) 또는 36개월(3년) 중 선택
□ 적립금 총액
ㅇ [15만원·2년] 총 720만원
ㅇ [15만원·3년] 총 1,080만원
□ 저축방법 : 매월 자동이체",돌봄고독정책관,,특정기간,특정기간,20250101,20251231,,"□ 신청기간 : 2025. 6. 9.(월) ~ 6. 20.(금) 18:00 ※ 신청기간 외 접수 불가
□ 신청방법 : 온라인 신청(PC만 신청 가능)",,https://account.welfare.seoul.kr,,"ㅇ (사업 근거)
   - 「서울특별시 주민생활안정 지원에 관한 조례」제4ㆍ5조 및 시행규칙 제2ㆍ3조
    - 희망두배 청년통장 저소득 근로청년 자립지원 계획(행정1부시장방침 제56호, ’15.6.6)

ㅇ (추진 경과)
   - 희망두배 청년통장 신규 출시(’15년 1,000명)
   - 희망두배 청년통장 선발 확대
     (’18년 2,000명, ’19~’20년 각 3,000명, ’21~’22 7,000명, ’23~’24 10,000명)
 
ㅇ (사업 기간)
   - ’25. 1월 ~ ’25. 12월
    
ㅇ (사업비) 46,307백만원 (시비 45,307, 민간재원 1,000) ",https://youth.seoul.go.kr/content.do?key=2310100069,,N,18,34,제한없음,기타,"-본인소득 : 세전 월 255만원 이하, 부양의무자: 고소득(1억원), 고재산(9억원) 미만",,,475,서울특별시,제한없음,재직자,제한없음,20250609,20250620,기타
20250519005400210851,상담,서울 영테크,"영테크,금융교육,소득지출관리",청년 금융교육 및 재무상담을 통한 경제적 자립 지원,복지문화,취약계층 및 금융지원,"무료 재무상담(대면, 비대면) 및 금융교육, 커뮤니티 운영
ㅇ (재무상담) 재무진단, 소득지출관리, 투자관리, 신용관리 등 맞춤형 재무설계 지원
  - 상담범위 : 재무진단, 소득지출관리, 투자상담, 금융상품분석, 신용부채관리 등
  - 상담방법 : (혼합상담) 대면상담과 화상, 전화 등 비대면상담을 혼합하여 진행 / (비대면상담) 화상, 전화, 이메일 등 비대면으로만 상담 진행
  - 상담종류 : (신규상담) 영테크 상담을 처음 받는 청년 (최대 3회 상담) / (연차상담) 영테크 상담을 이미 받은 청년 (최대 2회 상담)
※위 사항은 협의에 의해 변경 될 수 있음

ㅇ (금융교육) 경제상식, 금융투자, 부동산, 신용관리 등 분야별 강의 진행

ㅇ (사업홍보) 영테크 홍보단 운영, 온라인 커뮤니티 및 사회관계망 서비스 등 활용

ㅇ 문의처 : 02-1644-7747",청년사업담당관,,특정기간,특정기간,20250101,20251231,,,,https://youth.seoul.go.kr/youngtech/main,정보제공 동의(주민등록등본 정보 제공 : 서울시 거주 여부) 하신 경우 별도의 신청 서류는 없음,"ㅇ 사업 근거
   - 청년기본법 제22조(청년 금융생활 지원)
   - 서울시 청년 기본 조례 제14조(청년의 금융 생활 지원 등)

 ㅇ 추진 경과
   - 서울시장 공약사항 발표 : ’21. 4. 7(국회 기자회견, ’21. 2월)
   - 추진 방향 및 세부 운영 방안 위한 자문회의(5회) : ’21. 8~10월
   - 서울 영테크(청년 재테크 컨설팅 플랫폼) 추진계획 수립(’21. 8월)
   - 서울 영테크 사업 개시 : 비대면 상담(’21. 11월), 대면 상담(’22. 2월)
   - 서울 영테크 재무정보 시스템 운영 개시(’24. 4월~)
   - 서울 영테크 2.0 추진계획 수립(’24. 10월)

 ㅇ 사업 기간 : ’21. 11. ~ (계속)

 ㅇ (사업비) 2,950백만원 (지방비 2,950)",,,N,19,39,제한없음,무관,," ㅇ 재무상담 : 신청일자 기준으로 서울시에 주소지가 등록되어 있는 만 19~39세 청년
* 영테크 홈페이지에서 별도의 제출서류 없이 신청 가능합니다.
 ㅇ 금융교육 : 서울시에서 생활하는 청년(만19~39세)
* 금융교육 강좌별로 영테크 홈페이지 영테크 클래스 페이지에서 선착순으로 신청 가능합니다.",,26,서울특별시,제한없음,제한없음,제한없음,20250301,20251130,제한없음
20250517005400210845,현금지급,부산청년 만원플러스 문화패스,"10만원,1인,문화공연",부산 거주 청년 대상 1인 최대 10만원 문화공연 관람권 제공,복지문화,문화활동,"- 지원금액 : 1인 최대 10만원(1인 1회 예매) ▹공연기획사로 티켓 차액 지급
   (10만원권 7,500명, 5만원권 1,000명 ▹동시간대 10만원, 5만원 선착순 진행∙선정)
- 사업내용 : 지역 우수 문화공연을 1만원으로 관람할 수 있도록 지원",부산광역시,,특정기간,특정기간,20250528,20251231,,"□ 신청일시 : 2025. 5. 28.(수) 10:00 ~ 
※ 선착순 선정

□ 신청방법 : (온라인 신청) 동백전 앱 내 통합시민플랫폼을 통한 본인 신청
- 신청 전 준비사항
① 동백전 앱 설치(업데이트) 및 부산은행 동백전 카드 발급
② 디지털 시민증 발급 신청","선정 시 ""축하합니다"" 메시지 표시
- 동백전 앱 My 플랫폼 → 정책자금신청현황에서 확인",,,,https://young.busan.go.kr/index.nm?menuCd=234,,Y,18,39,제한없음,무관,,"① 신청일 기준 주민등록상 부산광역시 거주
② 18세 ~ 39세 (1986년~2007년생, 공고일 기준 해당연도)","2025년 청년문화예술패스 대상자(2006년생) ▷ 청년문화예술패스 사업 신청
2024년 사업선정자(부산청년만원문화패스, 청년문화예술패스) ▷ 1년 제외",109,부산광역시,제한없음,제한없음,제한없음,20250528,20250528,제한없음
20250517005400210839,상담,부산 청년 소셜 다이닝,"회차별,부합하는,함께","공통의 관심사를 가진 청년들이 전문가와 함께 음식을 만들고 식사를 하며 자연스러운 진로상담, 고민 상담 등을 통해 함께 성장할 수 있는 소통의 장을 마련",참여권리,"청년참여,정책인프라구축","- 모집인원 : 프로그램 회차별 8명(2인 1조, 총 4개조)
- 장 소 : 부산청년센터 공유주방(3층, 모락마루)
- 신청방법 : 청년플랫폼 온라인 신청 ※ 회차별 참여대상 부합하는 간단한 자기소개글 작성, 사진파일 등 첨부 가능
- 참여자 선정: 회차별 프로그램 주제에 부합하는 신청자 중 추첨 ※ 2회차 이후는 중복 참여자 제외
신청 마감일 다음날 추첨 결과(예비자 포함) 개별 통보",부산광역시,,상시,특정기간,20250401,20251231,,부산청년플랫폼 온라인 신청,,,,,https://young.busan.go.kr/index.nm?menuCd=276,,Y,18,39,제한없음,무관,,,,42,부산광역시,제한없음,제한없음,제한없음,,,제한없음
20250517005400210838,교육,부산 청년활동 마일리지,"동백전,부산,시정",청년들의 다양한 시정 참여 활동에 마일리지를 부여하여 청년들의 자발적인 정책 참여를 유도하고 청년이 주도하는 정책 홍보를 활성화,참여권리,"청년참여,정책인프라구축","부산 시정 참여에 따른 마일리지는 포인트(동백전)으로 부여, 연 최대 10만 포인트까지 지원
- 적립분야 : 시정홍보, 봉사활동, 시·군·구 주관 교육·행사 참여 
- 포인트(동백전)는 부산 내 동백전 가맹점에서 사용가능
",부산광역시,,상시,특정기간,20250101,20251231,,"부산청년플랫폼 ▶ 참여/권리 ▶청년활동마일리지
▶ 청년 활동 마일리지 적립 신청서 작성 (증빙자료 첨부)","신청내용, 증빙자료 등 적정여부 확인 및 항목별 마일리지 적립

- 포인트 전환 상시 신청(청년)
- 승인 및 포인트 지급(부산청년센터)
- 월2회 일괄 처리
① 매월 1일~15일까지 신청 건
▶ 25일 경 지급
② 16일~말일 신청건
▶ 다음달 10일 경 지급",https://young.busan.go.kr/mileagesave/add.do?menuCd=250&mn2=248,,"○ 마일리지 1점 당 1포인트(=1원)로, 적립된 마일리지는 포인트로 전환 신청하여 부산광역시 내 동백전 가맹점에서 사용 가능합니다.
- 매년 최초 전환 신청:마일리지 3만점 이상부터 전환 가능(10,000점 단위로 전환 가능)
- 최초 전환 이후 신청:마일리지 1만점 이상부터 전환 가능(10,000점 단위로 전환 가능)

○ 포인트는 동백전 App 내 정책 지원금 형태로 지급됩니다.
※동백전 App 설치 및 회원가입 필수

○ 지급된 포인트는 부산광역시 내 동백전 가맹점에서 사용가능합니다.
※오프라인 결제만 가능
※동백전 카드 발급 필요(기존 동백전 카드 사용 가능)
※동백전 가맹점 조회 → 동백전 App 또는 동백전",https://young.busan.go.kr/index.nm?menuCd=248,https://busandong100.kr/,N,18,39,제한없음,무관,,,,11,부산광역시,제한없음,제한없음,제한없음,,,제한없음
20250517005400210833,상담,부산 청년마음이음(일대일 상담),"일대일,상담,200명",마음 건강이 필요한 청년과 상담기관을 매치하여 일대일 상담 진행 ,복지문화,건강,"□ 상담분야 : 진로, 정서, 대인관계, 가족문제, 취업, 직무 스트레스, 성격, 기타 분야
□ 상담방법 : 신청 시 상담기관 선택, 개인별 5~7회, 본인이 희망하는 시간을 기준으로 매칭
□ 상담비용 : 무료
□ 상담인원 : 총 700명(1차 500명, 2차 200명)",부산광역시,,특정기간,특정기간,20250526,20251231,,"□ 신청방법 : 부산청년플랫폼(https://young.busan.go.kr/index.nm?menuCd=165)을 통한 온라인 신청
□ 신청기간
(1차) 2025. 5. 26.(월) 10:00 부터 * 선착순
(2차) 2025. 8월 중(예정) ",선착순 접수,,,"□ 상담기관
- 부산통합심리상담센터 : 부산시 수영구 수영로 410	(☎ 0507-1435-9091)
- 도은심리상담센터 : 부산시 연제구 중앙대로 1033 메디컬빌딩 13층	(☎ 051-863-6663)
- 안녕,마음심리상담연구소 : 부산시 해운대구 양운로42번길 12 가람프라자 7층 (☎ 051-701-5412)
- 마음의 봄 상담센터 : 부산시 연제구 중앙대로 1217 국제신문빌딩 2층 (☎ 0507-1360-7040)
- 마주심리상담소 : 부산시 해운대구 센텀중앙로 60 (☎ 0507-1336-2056)
- 위마인드 심리상담센터 : 부산시 동구 대영로243번길 43, 월드빌딩 602호 (☎ 051-977-9042)",https://young.busan.go.kr/index.nm?menuCd=165,,Y,18,39,제한없음,무관,," 부산광역시에 주민등록이 되어있으며, 마음건강 상담이 필요한 18~39세 청년",,7,부산광역시,제한없음,제한없음,제한없음,20250526,20250531,제한없음
20250516005400210832,현금지급,경북 청년애꿈 수당,"한정,1인,생활을",도내 청년 미취업자와 청년 근로자의 복지지원을 통해 고용 촉진 및 장기근속 유도 등 청년실업 문제 해결과 안정적인 생활을 지원,일자리,취업,"□ 면접수당 : 면접 1회당 7만원 (최대 5회, 35만원)
□ 취업성공수당 : 50만원 ※ 1인 1회 한정
□ 근속장려수당 : 120만원 지급(분기별 30만원씩) ※ 1인 1회 한정",경상북도,,특정기간,기타,,,연중,"□ 온라인 접수(https://gbwork.kr 또는 https://청년애꿈수당.kr)
□ 신청기간 : 2025. 4. 22.(화) ~ 예산 소진시 까지
※ 근속장려수당 : 2025. 5. 13.(화) 18:00","□ 지급일자
○ 면접수당, 취업성공수당 : 신청일의 익월 말일경 지급(+,- 10일 이내)
○ 근속장려수당 : 대상 선정 후 매분기 종료 후 익월 막일경 지급(+,- 10일 이내)
* 수당 지급 요건을 충족한 선정대상자에 한함",https://gbwork.kr,"□ 공통서류
① 부정수급확약서 1부
② 개인정보 수집·이용·제공동의서 1부

□ 면접수당
① 주민등록초본 1부
② 면접확인서 1부
③ 채용공고문 1부
④ 통장사본 1부

□ 취업성공수당
① 주민등록초본 1부
② 4대보험가입내역확인서 1부
③ 건강보험료 납부확인서, 건강보험료 산정금액 각 1부
④ 중소 또는 중견기업확인서 1부
⑤ 통장사본 1부
⑥ 근로계약서 1부
⑦ 건강보험자격득실확인서 1부

□ 근속장려수당
① 주민등록초본 1부
② 4대보험가입내역확인서 1부
③ 건강보험료 납부확인서, 건강보험료 산정금액 각 1부
④ 중소 또는 중견기업확인서 1부
⑤ 통장사본 1부
⑥ 건강보험자격득실확인서 1부","□ 지원규모
○ 면접수당 : 350건
○ 취업성공수당 :67명
○ 근속장려수당 : 530명",https://xn--cw0b41ar1bn06a70dmvn.kr/business/view/76,,N,19,39,제한없음,기타,"취업성공수당, 근속장려수당 : 월소득 2025년 최저임금 이상 ~ 기준중위소득 150%(3,588,020원)이하인 자","□ 면접수당
① 2024. 12. 31.까지 경상북도 내 주민등록 되어 있는 미취업청년
② 2025. 1. 1. ~ 12. 31. (1년간) 워크넷 등 공식적인 채용공고를 통해 도내 중소·중견기업에 면접을 응시한 자
※ 면접일로부터 6개월 이내 신청건에 한하여 지원
③ 면접일 기준 미취업, 미창업자

□ 취업성공수당
① 2023. 12. 31.까지 경상북도 내 주민등록 되어 있는 자
※ 취업 후 3개월 이내 경북으로 주소를 이전한 경우 신청 가능
② 2024. 1. 1. 이후 도내 중소·중견 기업에 생애 최초 취업한 청년
※ 취업 후 3개월 이후 신청 가능
③ 근로계약 체결 및 4대 보험 가입
④ 월소득 2025년 최저임금 이상 ~ 기준중위소득 150%(3,588,020원)이하인 자

□ 근속장려수당
① 2023. 12. 31.까지 도내 중소·중견 기업에 취업하여 현재 재직중이며 계속 도내 주민등록을 유지한 청년
※ 취업 후 3개월 이내 경북으로 주소를 이전한 경우 신청 가능
② 근로계약 체결 및 4대 보험 가입
③ 월소득 2025년 최저임금 이상 ~ 기준중위소득 150%(3,588,020원)이하인 자","○ 청년애꿈수당 기 참여자(단, 면접수당 제외) 또는 중앙정부, 타 지자체 유사사업에 참여 중이거나 참여했던 자
※ 반환, 철회 등으로 실제 국가나 자치단체로부터 지원금을 받지 않은 경우 지원 가능
○ 재정지원 직접 일자리사업 등 각종 지원사업 참여자
※ 공고일 전 참여완료(사업종료)된 경우 신청 가능
○ 경상북도 청년복지사업(행복카드, 사랑채움 등)에 참여 중인 자
※ 공고일 전 참여완료(사업종료)된 경우 신청 가능
○ 월 급여총액이 기준중위소득 150%(3,588,020원)를 초과한 자
○ 세법에 따라 사업자등록을 한 자
○ 대한민국 국적을 보유하지 않은 자
○ 현역 보충역(군인, 사회복무요원, 전문연구·산업기능요원 등)
○ 국가근로장학생(한국장학재단) 참여 중인 자
○ 임금으로 보기 힘든 성과급 위주 지급 직종 참여자
* 다단계 판매업, 학습지 교사, 보험설계사 등
○ 사업대상자 선정 이후 이직 또는 퇴사한 자(면접수당 제외)
○ 기타 경북 청년愛꿈 사업 취지에 부적합하다고 판단되는 참여자

□ 면접수당
○ 면접을 봤을 당시 재직 중인 자
○ 국민취업지원제도, 실업급여, 기타 구직활동 수당 등 타 기관에서 시행 중인 유사사업에 참여 중인 자
○ 취업 의사 없이 수당을 위한 목적으로 면접에 지원한 자
○ 제출서류 미충족자, 사업의 운영목적에 부합되지 않는 자 등

□ 취업성공수당
○ 주 40시간 미만의 단기근로자(2025년 최저임금 2,096,270원 이하인 자)
○ 중앙정부, 타 지자체 사업 중 유사사업(국민취업지원제도, 취업성공패키지, 청년구직활동지원금 등)에 참여 중이거나 참여했던 자
○ 한국장학재단 사다리장학금(고교 취업연계장려금, 중소기업 취업연계 장학금 등)에 참여 중인 자
※ 단, 사업종료 및 의무종사 기간이 종료된 자에 한하여 지원 가능(2025. 1. 1. 기준)
○ 제출서류 미충족자, 사업의 운영목적에 부합되지 않는 자 등

□ 근속장려수당
○ 주 40시간 미만의 단기근로자(2025년 최저임금 2,096,270원 이하인 자)
○ 중앙정부, 타 지자체 사업 중 유사사업(근속 유도사업, 청년(재직자)내일채움공제, 지역주도형 청년일자리사업, 일자리 채움 청년지원금 등)에 참여 중이거나 참여했던 자
※ 단, 지역주도형 청년일자리사업의 경우 근로자가 직접 수혜를 받지 않은 경우 지원 가능(자격여부 파악을 위한 추가 서류 必)
○ 한국장학재단 사다리장학금(고교 취업연계장려금, 중소기업 취업연계 장학금 등)에 참여 중인 자
※ 단, 사업종료 및 의무종사 기간이 종료된 자에 한하여 지원 가능(2025. 1. 1. 기준)
○ 사업참여(선정 및 등록) 이후 정부 및 지자체 유사사업(청년내일채움공제, 청년재직자내일채움공제 등) 참여가 영구히 불가할 수 있으며, 본 사업 참여이력 삭제 불가
○ 타 유사사업의 사업별 규정이 본사업 규정과 상이할 수 있어 관련 내용은 타 유사사업의 운영기관에 문의 후 지원",43,경상북도,제한없음,"재직자, 미취업자",제한없음,20250422,20251231,중소기업
20250515005400210830,대출,부산 학자금 대출이자 지원,"상환,발생이자,학자금대출","한국장학재단의 학자금대출을 받은 부산시 소재 대학교 대학생·대학원생 및 대학교 졸업생 대상 대출이자 지원
* 2025년 사업의 세부 일정은 7월 이후 공고 예정",교육,교육비지원,"○ 지원내용 : 한국장학재단 학자금대출의 '24년 7월 ~ '25년 6월까지 발생이자(1년분)
※ 학자금대출 종류 구별없이 지원(일반 상환 학자금대출, 취업 후 상환 학자금 대출 대상, 등록금 및 생활비 대출 포함)
※ 신청액이 예산액을 초과할 시 예산범위 내에서 소득분위별 차등 지원
○ 지원방법 : 발생이자 금액만큼 한국장학재단을 통해 대출계좌별 원리금에 상환(차감) 처리",부산광역시,,특정기간,특정기간,20250701,20251231,,□ 신청기간 : 2025. 7. ~ 8월(예정),,,,"문의처
▸ 이자지원 관련 : 부산시 120 콜센터(☎051-120)
▸ 학자금대출 관련 : 한국장학재단(☎1599-2000)",https://young.busan.go.kr/index.nm?menuCd=49,,N,18,39,제한없음,기타,공고문 확인,"○ 지원대상 : 한국장학재단의 학자금대출을 받은 부산시 소재 대학교 대학생·대학원생 및 대학교 졸업생 중 아래 요건에 해당하는 자
  ▸ 대학(원)생 : 공고일 기준 부산지역 소재 대학(원)에 재학, 휴학 중인 자
  ▸ 대학교 졸업생(2가지 요건)
      ❶ 공고일 기준 주민등록상 부산시 거주자
      ❷ 공고일 기준 부산시 소재 대학교 졸업 후 2년 이내 미취업자","대학원 졸업생은 지원대상 제외
대학 제적 또는 건강보험자격득실확인서 상 공고일 기준 건강보험 ‘직장가입자’인 졸업생은 지원대상 제외
한국장학재단 홈페이지를 통하여 본인의 대출잔액 또는 이자 면제 여부 확인 후 신청",5,부산광역시,제한없음,제한없음,대학 졸업,20250701,20250831,제한없음
20250515005400210829,현금지급,부산지역인재 장학금 및 취업장려금,"취업장려금,생활장학금,상경","부산지역 대학의 IT 및 상경 분야 대학생 3,4학년(전문대학 2학년) 대상으로 생활장학금, 취업장려금 지급 * 2025년 사업의 세부 일정은 5월 이후 공고 예정","일자리, 교육","취업,미래역량강화","○ 지원대상 : 부산지역 대학의 IT 및 상경 분야 대학생 3,4학년(전문대학 2학년)
○ 지원자격
    - 직전학기 12학점 이상 이수 및 성적 3.5이상(4.5만점 기준)
    - 한국장학재단 학자금 지원구간의 소득 9분위 이하인 자
○ 지원내용 
    - 생활장학금 (1인당 150만원)
    - 생활장학금 수혜자 중 졸업 후 지역기업에 입사하여 12개월 이상 취업을 유지하는 경우 취업장려금 추가 지급(1회 150만원)",부산광역시,,특정기간,특정기간,20250501,20251231,,,,https://young.busan.go.kr/index.nm?menuCd=164,,,,,N,18,39,제한없음,무관,,,,19,부산광역시,"상경계열, 이학계열, 공학계열",제한없음,대학 재학,20250501,20250630,지역인재
20250515005400210827,현금지급,부산청년 기쁨두배통장,"저축액,수령액,본인","부산시에 거주하는 일하는 청년이 매월 10만원을 24, 36개월을 저축하면, 본인 저축액과 동일한 금액을 부산시에서 지원
* 2025년 사업의 상세 추진 일정은 7월중 공고 예정",복지문화,취약계층 및 금융지원,"○ 부산시 거주 18세~39세 근로 중인 청년을 대상

○  청년 저축액 월 10만원 대비 1:1 매칭지원금 지급  및 온라인 금육교육 지원
   - 월 저축액(10만원) * 24개월 : 만기 수령액 480만원 + (본인 저축액 240만원+ 시 지원금 240만원) + 이자
   - 월 저축액(10만원) * 36개월 : 만기 수령액 720만원 + (본인 저축액 360만원+ 시 지원금 360만원) + 이자",부산광역시,,특정기간,특정기간,20250701,20251231,,,,https://young.busan.go.kr/index.nm?menuCd=53,,,,,N,18,39,제한없음,기타,기준중위소득 150%(2024년 기준) *2025년 상세 내용 7월 이후 공고 예정,,,124,부산광역시,제한없음,"재직자, 자영업자",제한없음,20250701,20250731,제한없음
20250515005400210822,교육,서울시 청년해외봉사단,"1개월,25,예정",청년들의 국제개발협력사업 참여기회 확대 및 봉사활동을 통한 글로벌 역량 강화 지원,참여권리,청년국제교류,"□ 국내교육 및 발대식 + 해외봉사(1개월) + 커뮤니티, 진로연계 등 후속지원프로그램(선택)
□ 왕복항공권, 생활비, 숙소, 예방접종, 해외여행자보험 및 긴급이후송서비스(SOS) 등
□ 프로그램 종료 시, 100시간(봉사활동) 인증 예정
* 자기부담금없음

□ 파견지역 : 라오스, 우즈베키스탄
□ 파견기간 : 해외 현지 파견 약 1개월
※ 25년 7월 중 출국 / 25.7.15.~25.8.12.예정
□ 주요활동 : 지역환경개선 및 취약계층 지원을 위한 노력봉사 활동 중점 수행
",서울특별시,,특정기간,기타,,,상시,서울시 청년몽땅정보통 온라인 신청,"□ 1차 전형
- 접수 : 2025. 5. 1. (목) ~ 5. 20.(화)
- 서류심사 : 2025. 5. 21.(수) ~ 5. 28.(수)
- 서류전형 합격 발표(2배수 내외) : 2025. 5. 29.(목)

□ 2차 전형
- 적합도검사 : 2025. 5. 30. (금) ~ 6. 1.(일)
- 2차 면접심사 : 2025. 6. 7.(토)
- 면접전형 합격 발표(1.5배수 내외) : 2025. 6. 13.(금)

□ 3차 전형
- 신체검사 : 2025. 6. 14. (토) ~ 6. 17.(화)
- 신체검사 재검사 : 2025. 6. 21. (토) ~ 6. 24.(화)
- 최종합격자(국내 교육 대상자) 발표 : 2025. 6. 30.(월)

□ 국내교육(교육 100% 수료 후 최종 파견 확정) : 2025. 7. 4.(금) ~ 7. 10.(목)

□ 현지출국 : 2025. 7. 15.(화)

※ 상기 일정은 파견기관 및 협력국의 사정에 따라 변경될 수 있으며, 변경 시에는 별도 공지
※ 전형별 합격자 발표는 청년몽땅정보통마이페이지, 공지사항)과 개별 문자로 안내",https://youth.seoul.go.kr/youthConts.do?key=2311120001&sc_detailAt=&pageIndex=1&orderBy=regYmd+desc&tabKind=200&sc_pbancSe=&sc_pbancSeCd=020&sc_bbsStngSn=2212200001&sc_bbsCtgrySn=2310200014&sc_pstSn=0&sc_userId=&sc_ntcPstYn=&sc_delYn=&sc_ctgry=&useYn=&sc_faqCtgryCd=001&sc_qnaCtgryCd=001&sc_plcyQnaSn=0&pstSn=&recordCountPerPage=10&nm=&mblTelno=,,"□ 문의처
  ○ 청년몽땅정보통 내 '서울시 청년해외봉사단' 사업 Q&A 게시판
  ○ 수행기간(사단법인 코익스) 사무실 문의
    ☏ 031-757-5121, 메일 : seoulyouth@koics.org
※ 문의시간 : 평일 10:00 ~ 17:00 / 점심시간(12~13시) 및 공휴일 휴무",https://news.seoul.go.kr/gov/archives/567007?listPage=1,,N,19,39,제한없음,무관,,"만 19세 이상 39세 이하의 서울시 거주 청년이라면 누구나 지원 가능
(모집공고일 기준 1985.5.2. ~ 2006.5.1. 사이의 출생자 / 사회배려청년 및 시정기여자 우대)
※ 의무복무 제대군인은 최대 3년까지 지원연령 확대(자세한 사항은 신청 화면 FAQ 참고)


①봉사 정신이 투철한 대한민국 국적의 만 19세 이상 39세 이하의 서울 거주 청년
②해외봉사활동을 수행하는 데 적합한 심신이 건강한 자
③ 국가공무원법 제 33조(결격사유)에 해당하지 아니한 자
④해외여행 결격 사유가 없는자[붙임2]
⑤협력국이 요청하는 자격 기준에 해당하는 자
⑥법령에 의한 여권 발급 거부 또는 제한 대상이 아닌 자(여권법 제 12조)
- 개인 일반 여권으로 파견 예정이며, 국내교육 대상자에 한해 상세 안내 예정
⑦남자의 경우, 군 복무를 필했거나 면제된 자
단, 군 미필자의 경우 병무청장이 허가하는 국외여행허가서 발급 가능자(서약서 제출)",,211,서울특별시,제한없음,제한없음,제한없음,20250501,20250520,제한없음
20250515005400210820,현금지급,부산 청년 디딤돌카드플러스,"부산,지급,30만원",부산 미취업 청년 사회진입 활동비 지원,일자리,취업,"○ 사회진입활동비 최대 180만원 지원(월 30만원 X 6개월)
○ 취·창업 활동에 필요한 직·간접 비용
- (취업성공금 지급) 첫 포인트 지급일로부터 5개월 이내 취·창업 시 30만원 1회 지원(조건부 지급, 동백전 지급 예정)
- (구직역량강화 프로그램) 맞춤형 구직역량 강화 프로그램 지원
○ 지원인원 : 1,000명",부산광역시,(재)부산경제진흥원,특정기간,특정기간,20250310,20251231,,,,,,,https://young.busan.go.kr/index.nm?menuCd=31,https://youthdidimdol.kr/,N,18,39,제한없음,기타,공고문 참조,,,153,부산광역시,제한없음,미취업자,제한없음,20250310,20250328,제한없음
20250514005400210818,시설제공,대전청년하우스,"000원,정기주차권,입주",청년근로자의 주거안정 및 주거복지 향상을 통한 지역정착 유도,주거,전월세 및 주거급여 지원,"옛 외국인유학생기숙사 누리관을 리모델링하여 대전소재 사업장에서 근무하는 청년 근로자 대상 기숙사 조성 및 운영

□ 위치 : 대전 유성구 엑스포로 97번길 103(도룡동)
□ 규모 : 지상 1층 ~ 10층, 연면적 7,043㎡, 1실 18.41㎡
□ 시설 : 공유라운지 등 공유공간 11개소
□ 입주기간 : 2년
※ 입주 기간 만기시 연장은 1년씩 최대 2회 가능 (입주 대기자가 없는 경우에 가능)
□ 입주부담금
  ○ 보증금 : 1,000,000원
  ○ 임대료 : 250,000원
  ○ 관리비 : 20,000원(인터넷 및 보안 등 이용료)
  ○ 공과금  : 별도(전기, 가스, 수도 등)
  ○ 정기주차권 : 10,000원 / 정기주차권은 주차 희망자에 한함. 입주민외 차량의 경우 정기주차권 발급불가
□ 배치가구 : 침대, 냉장고, 옷장, 책상, 의자, 신발장, 시스템에어컨, IP-TV, WIFI
※ 객실 난방방식은 천장형 에어컨 이용 방식임 (바닥에 별도 난방없음)",대전광역시,,상시,기타,,,상시,"□ 신청기간 : 상시(만실 시 입주대기)

□ 접수방법 ※ 접수 전 자세한 내용은 대전청년하우스 홈페이지 - 입주문의
  ○ 이메일접수 : youthhouse.d@gmail.com로 제출
  ※ 온라인으로 접수할 경우 스캔본으로 제출한 경우만 인정되며, 스마트폰 등으로 찍은 사진파일 제출 불가
  ○ 현장접수 : 대전 유성구 엑스포로97번길 103 (도룡동)
  ※ 대리접수는 현장접수만 가능(입주자, 대리자 도장 및 신분증 지참)",,https://daejeonyouthhouse.co.kr/,"□ 청년근로자
1.대전청년하우스 입주 신청서(개인) / 서식 1
2.재직증명서 1부
3. 근로계약서 1부
4. 평균임금 산정을 위한 증빙 1부 (공고일 기준 직전 3개월 간 급여명세서 등)
5. 4대보험 가입확인서 중 1부 (건강보험자격득실확인서 등)
6. (장애인실 희망 시) 장애정도를 확인할 수 있는 서류 1부(장애인증명서 등)
7. 개인(법인)정보 수집 등 동의서 / 서식 3
 ※ 2, 5, 6번 서류는 공고일 이후 서류로 제출
 ※ 프리랜서의 경우, 2번 서류는 용역계약서 또는 위(촉)탁 서류로, 4번 서류는 통장사본 
또는 은행에서 발급하는 통장거래내역서 등으로 대체 (별첨 3 참고)
 ※ 외국인 근로자일 경우 외국인등록증 사본 제출

□ 중소기업
1. 대전청년하우스 입주 신청서(기업) / 서식 2
2. 중소기업 확인서 사본 1부
3. 사업자등록증, 법인등기부등본 중 해당 사본 1부
4. 청년근로자 고용관련 증빙 1부 (4대보험 사업장 가입자 명부 또는 소득세 신고자료)
5. 매출관련 증빙 1식 (재무제표 또는 부가가치세 과세표준증명1))
6. 개인(법인)정보 수집 등 동의서 / 서식 3",□ 문의 : ☎ 042-863-2030,,,N,18,39,제한없음,무관,,"□ 신청자격 : 청년근로자 및 중소기업
  ❍ 청년근로자 : 「대전광역시 청년 기본조례」 제2조에 따른 청년으로서 대전광역시에 소재하는 사업장(본사, 지점 등 불문)에 근무하는 근로자*
                    * 특수고용직 및 프래랜서(이하 “프리랜서”) 포함
                    * 외국인 근로자일 경우 외국인등록증 필수
  ❍ 중소기업 : 「중소기업기본법」 제2조에 따른 중소기업 대표

 ※ 선정된 중소기업의 경우, 소속 근로자 중 공정한 기준에 따라 자체적으로 입주자 선발
",,317,전국,제한없음,재직자,제한없음,,,제한없음
20250513005400210810,기타,이력서 사진 무료촬영서비스,"이력서,서비스,사진을",청년들의 취업활동에 따른 구직비용 절감 및 경제적 부담완화를 위해 이력서 사진을 무료로 촬영해드리는 서비스 입니다.,일자리,취업,"1:1매칭 포토샵 사진촬영 서비스, 현장 사진인화 제공",청년정책과,,상시,특정기간,20250101,20251231,,광주청년통합플랫폼 회원가입 > 온라인 신청서 작성(증빙서류 제출) > 사진촬영(센터방문),,,"주민등록등본(최근 1달이내 발급)
신분증 사본
이력서 (자유서식)
","찰영장소 및 문의처
- 주소 : 광주 서구 상무중앙로 34 2층
- 운영시간 : 평일 10:00 ~ 20:30 / 토요일 10:00 ~ 17:30 (일요일, 공휴일 휴무)
- 점심시간 12:00~13:00
- 문의처 : 전화 : 062.372.5993 / FAX : 062.372.5996",https://youth.gwangju.go.kr/www/131?siteId=www&svc=suit&url=%2Fwww%2FsuitLend%2FmainView,,N,19,39,제한없음,무관,,"신청일 현재 주민등록상 광주광역시 거주 19세 이상 ~ 39세 이하 청년 구직자
 - 행정 상 타 지역 청년의 경우, 광주 소재 학교 재학생(졸업예정자) 이용가능(신청일 기준 1개월 이내 발급한 재학증명서 증빙 제출)",,34,광주광역시,제한없음,제한없음,제한없음,,,제한없음
20250509005400210803,상담,공공기관 맞춤형 취업지원사업,"공공기관,필수,교육","울산경남 지역 공공기관의 울산 청년 기업기회 확대를 위해 공공기관 취업을 준비하는 청년들의 맞춤형 교육 지원
",일자리,취업,"○ (필수) 공공기관 합격전략 설명회 : 채용프로세스 및 트렌드 분석, 합격전략 등
○ (필수) NCS 역량강화 교육 : 영역별 기초이론 및 실전문제풀이 등
○ (필수) 자소서 및 면접준비 교육 : 실전유형분석 및 사례, 준비전략 등
○ 공공기관 현직자 멘토링 : 취업성공사례 공유 및 공공기관별 직무안내 등",경제정책관,재단법인울산경제일자리진흥원,특정기간,특정기간,20250301,20251231,,□ 신청방법 : 이메일 접수(nrjeong@ubpi.or.kr),"2025. 5. 9.(금), 선정인원 개별 통보",,"고용보험 자격이력 내역서
주민등록등본
재학증명서 또는 졸업증명서",,https://www.ubpi.or.kr/sub/?mcode=0401080000&no=258,https://www.ubpi.or.kr/sub/?mcode=0403010000&no=3243,N,19,39,제한없음,무관,,"① 울산 거주 미취업 청년(19~39세)
② 울산 소재 대학 재학생 및 고교 졸업예정자
※ 선정 우선순위 : ① > ②",,3,울산광역시,제한없음,미취업자,제한없음,20250407,20250430,제한없음
20250509005400210801,현금지급,청년 자격증 응시료 지원사업,"자격증,응시료,2025","취업 및 이직을 위한 능동적 구직활동을 하는 청년들에게 자격증 응시가 확인 될 경우 응시료를 지원하여 구직활동 촉진 지원
",일자리,취업,"○ 기 간 : '25. 1. ~ 12.

○ 사업대상 : 2025. 1. 1. 이전부터 신청일까지 울산에 주민등록을 둔 19세 ~ 39세 미취업 · 미창업 청년
 
○ 주요내용 : 어학 및 자격증 시험 응시료 지원
- 지원범위 : 연1회 신청 가능, 10만원 한도 내 지원
- 응시일 : 2024. 12. 9. ~ 2025. 11. 30.
   * 예산 소진 시까지 

○ 추진방법 : 울산청년정책플랫폼상 신청 → 신청일 기준 주민등록지 구 · 군 접수 및 선정 · 지급

○ 수행기관 : 구 · 군",대학협력과,,특정기간,특정기간,20250101,20251231,,"울산청년정책플랫폼 누리집을 통한 온라인 신청만 가능, 방문·우편 제출 불가","□ 선정방법 : 신청순서 순
- 적정성 검토 후 보완 필요시 별도 요청
※ 보완 요청 시, 보완 완료 시점을 신청일로 인정
□ 지원금 지급
- 매월 1일 ~ 말일 신청 → 익월 15일 이내 지급
※ 단, 지급일이 휴일·공휴일인 경우, 다음 날에 지급하며, 구·군별 업무 추진일정에 따라 변동 가능
□ 지급방법 : 신청자(본인) 계좌 입금 ※ 타인 계좌 불가",https://www.ulsan.go.kr/s/ulsanyouth/contents.ulsan?mId=008001008000000000," - 홈페이지 신청화면에서 작성
① 청년 자격증 응시료 지원 신청서
② 개인정보 수집·이용·제공 동의 안내문
- 증빙자료 업로드(6종 필수. 주민번호 뒷자리 미표기)
① 주민등록표초본(변동일자 표기)
② 통장사본 : 신청자 본인 명의
③ 응시확인서 또는 성적표 : 응시 날짜 표기(점수 기재)
④ 결제 영수증 : 실제 본인이 부담한 비용을 증빙
⑤ 건강보험자격득실확인서
⑥ 사실증명(사업자등록사실여부)",,,,N,19,39,제한없음,무관,,□ 응시일부터 신청일까지 울산광역시에 주민등록된 미취업·미창업 청년 ※ 미취업·미창업 기준일 : 응시일 당일,"응시일 당일 건강보험 직장가입자·사업자 등록자
타 지방정부(지방자치단체)로부터 동일 목적으로 지원받은 사람
경찰청 주관 '자동차운전면허' · 해양경찰청 주관 '동력수상레저기구조정면허' 제외
울주군 청년 자기개발비 지원사업 대상자 제외",91,울산광역시,제한없음,미취업자,제한없음,20250207,20251130,제한없음
20250508005400210800,현금지급,청년정책 서포터즈 [광주 청년톡파원] 1기,"서포터즈,1기,청년정책",청년 정책 홍보 콘텐츠 제작 및 활동 지원을 위한 청년정책 서포터즈 <광주 청년톡파원> 운영,참여권리,청년참여," 1) 전문성 향상을 위한 교육 제공 
 2) 소정의 활동비 지급 : 블로그(글/사진) 60,000원/건 (월 최대 2회), 유튜브(영상) 130,000원/건 (월 최대 1회)
 3) 활동을 위한 명함 발급
 4) 광주청년센터 청년정책 서포터즈 1기 수료증 발급 ",청년정책과,,특정기간,특정기간,20250501,20251231,,광주청년통합플랫폼(https://youth.gwangju.go.kr/) 온라인 접수,"❍ 선발
- 1차(서류) 심사
∙ 일자 : 2025. 5. 22.(목)
* 서류합격자 개별 연락 예정

- 2차(면접) 심사
∙ 일자 / 장소 : 2025. 5. 27.(화) / 광주청년센터 3층 공유홀

- 최종 선정자 발표 : 2025. 5. 27.(화) / 광주청년센터 홈페이지 공고",https://youth.gwangju.go.kr/,,"❍ 발대식
- 일정 / 장소 : 2025. 5. 29.(목) / 광주청년센터 3층 공유홀
- 내용 : 위촉장 수여, 활동지침 안내, 청년정책에 대한 안내 등

❍ 역량 강화교육
- 일정 / 장소 : 1차(6월), 2차(8월) / 광주청년센터 3층 공유홀
- 내용 : 콘텐츠 제작에 필요한 역량 강화 교육 등

* 상기 일정은 내부사정 등에 따라 변경 될 수 있습니다.",https://youth.gwangju.go.kr/,,N,19,39,제한없음,무관,,"정책홍보콘텐츠 제작 역량이 있는 광주 청년

[활동내용]
 1) 광주청년정책 콘텐츠 제작
 2) 광주광역시 청년정책 수행기관 방문 및 프로그램 홍보
 3) 청년 관련 행사 취재 및 홍보
 4) 광주청년센터 SNS 모니터링
 5) 청년정책 및 청년 활동 개선에 대한 의견 청취
 6) 기타 청년정책을 지지하고 응원하는 활동 참여",,52,광주광역시,제한없음,제한없음,제한없음,20250508,20250521,제한없음
20250508005400210798,기타,면접정장 무료대여,"대여품목,선택,기본",청년들의 취업활동에 따른 구직비용 절감 및 경제적 부담완화를 위해 무료로 면접 정장을 대여하는 서비스 입니다.,일자리,취업,"면접정장대여 무료 서비스[대여기간 3박 4일(공휴일 미포함)]

(남성 대여품목)
- 기본 : 정장상의(자켓), 정장하의(바지), 셔츠, 넥타이
- 선택 : 벨트, 구두

(여성 대여품목)
- 기본 : 정장자켓, 정장치마·정장바지(택1), 블라우스
- 선택 : 구두

※ 보유한 품목 및 수량 내에서 선착순으로 대여함",청년정책과,,상시,특정기간,20250101,20251231,,광주청년통합플랫폼(https://youth.gwangju.go.kr) 회원가입 → 온라인 신청서 작성(증빙서류 제출) → 정장대여(센터방문) → 정장반납(센터방문),,https://www.todaktodakjob.com/bbs/content.php?co_id=narae_interview,"1. 신청서
2. 개인정보제공 동의서
3. 손해배상책임 청구지급 동의서
4. 주민등록등본(최근 1달이내 발급)
5. 신분증 사본
6. 면접증빙서류","광주청년센터 토닥토닥 3센터 : 062-372-5993

- 행정 상 타 지역 청년의 경우, 광주 소재 학교 재학생(졸업예정자) 이용가능(재학증명서 등 증빙 제출)
- 행정 상 타 지역 동일 연령대 청소년의 경우, 비학생 청소년증 소지자 이용가능

- 취업목적에 한함. 기업·기관 등의 채용면접 아닌 경우(학군단, 모의면접, 대학원 진학면접, 자격증 시험, 기업 장학생 선발 등)제외

- 면접 정장 무료대여 서비스 운영시간
* 평일 10:00 ~ 20:30 / 토요일 10:00 ~ 17:30 (일요일, 공휴일 휴무)(※ 점심시간 12:00~13:00, 원활한 서비스를 위해 정장 대여·반납시, 마감시간 1시간 전까지 방문)",https://youth.gwangju.go.kr,,N,19,39,제한없음,무관,,"신청일 현재 주민등록상 광주광역시 거주 19세 이상 ~ 39세 이하 청년 구직자
(※ 1986.1.1 ~ 2006.12.31 출생자)","추가규정
행정 상 타 지역 청년의 경우, 광주 소재 학교 재학생(졸업예정자) 이용가능(신청일 기준 1개월 이내 발급한 재학증명서 증빙 제출)
취업목적에 한함. 기업·기관 등의 채용면접 아닌 경우(학군단, 모의면접, 대학원 진학면접, 자격증 시험, 기업 장학생 선발 등)제외",19,광주광역시,제한없음,제한없음,제한없음,,,제한없음
20250508005400210794,기타,구직청년 면접용 정장대여사업,"재킷,구두,대여",구직자 연3회 정장 대여,일자리,취업,"미취업 청년 구직자에게 연 최대 3회(인당 2박 3일) 정장을 대여
대여품목
  - (여성) 재킷, 블라우스, 치마, 구두 등
  - (남성) 재킷, 셔츠, 넥타이, 바지, 벨트 등(구두 대여불가)",청년정책과,재단법인대전청년내일재단,특정기간,기타,,,2025년 연중,"업체 사전 연락 → 온라인 신청 → 대여승인 → 접수증 출력(또는 화면 캡쳐) → 업체 방문 → 대여 및 반납 → 온라인 만족도 조사 참여(상·하반기)

1) 대여업체 사전 연락
대여업체와 방문일자 조율 및 사이즈 여부 확인
※업체와 사전 연락 없이 신청 시, 승인되더라도 대여가 불가할 수 있음 / '슈트갤러리' 운영시간 변경 참고
① 가온유니폼 : 여성, 남성 정장 각 1세트(중구 보문로 89)｜운영시간 09:30 ~ 18:30 (명절연휴 휴무)｜☎ 253-5336
② 슈트갤러리 : 여성,남성 정장 각 1세트(중구 오류로 31)｜운영시간 월~토 11:30 ~18:30, 일 13:00 ~ 18:00 (수요일 휴무)｜☎ 524-9007
③ 아모르메이크업 : 여성 정장 1세트(서구 계룡로339번길 19)｜운영시간 월~일 9:00~19:00 (화요일 휴무)｜☎ 301-3436

2) 온라인 신청
※업체와 조율된 방문일자로 신청서 작성하여야 함 / 업체와 사전 연락 없이 신청 시, 승인되더라도 대여가 불가할 수 있음
대여 신청 및 취소는 방문 예정일 2일 전 18시까지만 가능
하단 신청하기 버튼 클릭 후 증빙서류 업로드
① 주민등록등(초)본(신청일 기준 1개월 이내 발행분)
② 고용보험자격이력내역서 또는 주 30시간 미만 근로계약서(신청일 기준 1개월 이내 발행분)
③ 면접 증빙서류(유선, 문자, 이메일 등 면접 응시 증빙)

3) 대여승인 : 증빙서류 확인 후 담당자 승인처리
※평일 09시~18시 진행(주말, 공휴일, 대체 휴무일 등 승인 불가)

4) 접수증 출력(또는 화면 캡쳐): 하단의 신청내역 확인 및 수정 버튼 클릭 → 접수증 출력하기

5) 업체 방문 : 신분증을 지참 후 대여업체 방문, 접수증 제시

6) 대여 및 반납(2박 3일)

7) 온라인 만족도 조사 참여 : 상·하반기(7월, 11월 예정) 문자로 링크발송 시 참여",,,"① 주민등록등·초본 1부(또는 재학증명서)
② 고용보험자격이력내역서 1부(또는 주 30시간 미만 근로계약서)
③ 면접 확인자료 1부","- 신청기간: 2025. 3. 17. ~  (예산 소진 시 종료)
- 지원규모: 900회

(재)대전청년내일재단 청년기반팀 ☎ 042-719-8433",https://www.daejeonyouthportal.kr/content/CT_000000000042/cntPage.do?commonMenuNo=304_305_323_325&dpmSectionFst=1&dpmSectionScd=5,,N,18,39,제한없음,무관,,,,18,대전광역시,제한없음,미취업자,제한없음,20250317,20251231,제한없음
20250507005400210785,현금지급,울산청년 구직지원금,"구직활동,클린카드,포인트로",미취업 청년들의 자기주도적 구직활동에 필요한 경제적 지원과 적극적 구직활동 지원으로 청년 취업률 제고,일자리,취업,"○ 지원내용
- (구직지원금) 1인당 최대 180만원(월 30만원, 6개월), 클린카드 포인트로 지급
- (취업성공금) 사업기간 내 취업 후 2개월 근속 시 울산페이 30만원 지원

○ 지원방식 : 구직활동 확인 후 매월 포인트로 지급
* 구직활동 보고서 및 익월 구직활동계획서 매월 제출
- (첫   달) 구직활동 계획서에 의거 클린카드 포인트 선 지급
- (둘째 달 이후) 매월 구직활동 결과보고서 제출(5회) 및 확인 후 포인트 지급 / 구직활동 결과보고서 미제출 또는 반려 누적 시, 지원 중단",경제정책관,재단법인울산경제일자리진흥원,상시,특정기간,20250301,20251231,,"○ 신청기간 : 2025. 매 짝수월 1일 ~ 10일  ※ 예산 소진시 접수 종료
○ 신청방법 : 온라인 접수(울산일자리포털 https://www.ujf.or.kr) 또는  
방문 접수(울산경제일자리진흥원, 북구 산업로 915 2층 일자리지원부)
 ※ 선착순 접수가 아니며, 제출 서류를 지원요건 기준으로 심사하여 선정
○ 선정발표   
- 일    자 :매 짝수월 20일(예정)
- 방    법 :경제일자리진흥원 누리집 및 울산일자리포털 공지,개별 문자 통보
※ 포기자·조기취업 등 발생 대비하여 고득점순 10% 내외 후보자 선발","○ 선정방법 :지원대상 요건 심사 후 적격 여부 판단
○ 추진절차 :신청·접수 → 자격확인·심사 → 대상자 선정·통보 → 예비교육(카드 발급 및 상호협약 체결)→ 지원금 지급 시작 → 구직활동 보고서 제출(총 5회)",,"[필수]
① 신청서(서식1)
② 개인정보 동의서(서식2)
③ 구직활동 계획서(서식3)
④ 주민등록등본
⑤ 건강보험 자격득실확인서
⑥ 건강보험 자격확인(통보)서
⑦ 건강보험 납부확인서
⑧ 졸업(예정)증명서 

[선택]
⑨ 가족관계증명서
⑩ 근로계약서
⑪ 국민취업지원제도 선발 제외 증빙서류

[서류 제출 유의사항]
○ 전체를 1개의 PDF 파일로 위 서류 순서대로 병합하여 제출
○ 휴대폰으로 PC화면 촬영하거나 캡처한 경우 접수 불가
○ 스캔이 불가능한 경우 방문 접수 가능
○ 제출자료로 심사가 어려울 경우 추가적인 자료를 요구할 수 있음",문 의 처 : 283-7203~4,https://www.ubpi.or.kr/sub/?mcode=0401070000&no=324,https://www.ubpi.or.kr/sub/?mcode=0403010000&no=3195&kd=title&kw=%EA%B5%AC%EC%A7%81%EC%A7%80%EC%9B%90,N,19,39,제한없음,기타,중위소득 120%초과~150%이하(19세~34세) / 60%초과~150%이하(35세~39세),"○ (주 소 지) 공고일 기준 울산광역시에 주민등록을 두고 있는 자
○ (나 이) 1985. 1. 2. ~ 2005. 1. 2. 생일자(2025. 1. 1.기준)
○ (졸 업) 신청일 현재 고등학교 이하·대학교·대학원 중 최종학력을 기준으로 졸업·중퇴·수료,재학생은 최종학년일 경우 지원 가능
-최종학년(전문대2학년, 대학교 4학년, 대학원2~3학년 등)을 제외한 재학생·휴학생 신청 불가
-방송통신대학교,사이버 대학교,학점인정제 재학생 신청 가능
   ※ 초중등교육법 제2조의 초중등교육학교, 고등교육법 제2조의 대학
○ (취업상태) 미취업자, 주 30시간 미만 근로, 사업자 등록증이 없는 자
○ (가구소득) 연령별 기준중위소득 * 요건을 충족하는 자
   * 120%초과~150%이하(19세~34세)
   * 60%초과~150%이하(35세~39세)
",,111,울산광역시,제한없음,"미취업자, 일용근로자","고졸 예정, 고교 졸업, 대졸 예정, 대학 졸업, 석·박사",,,제한없음
20250502005400210780,대출,부산 자립청년 주거 다 지원 사업,"중개보수,12개월,00","자립청년을 대상으로 머물자리론 대출 이자, 중개보수, 주거생활비, 자립물품 구입비를 지원",주거,주택 및 거주지,"□ 사업대상 : 신청일 현재 주민등록상 부산광역시에 거주하는  보호종료 5년 경과~39세 무주택 자립청년*(신혼부부 제외) 세대주 
□ 모집기간 : 2025. 5. 1. ~ 2026. 3. 10.  
□ 신청기간 : 매월 1일 09:00 ~ 10일 18:00 (월 단위 접수·심사·선정)
□ 지원내용 : 선정일부터 12개월 
   ① 임차보증금 대출이자 시 지원 및 청년 자부담 지원(1~1.5%, 12개월) 
   ② 중개보수 지원(최대 30만원, 1회)               
   ③ 주거 생활비 지원(월 10만원, 12개월)          
   ④ 자립물품 구입비 지원(50만원, 1회)  ",청년정책과,,상시,특정기간,20250501,20260228,,부산청년플랫폼 온라인 신청,,https://young.busan.go.kr/index.nm?menuCd=274,,,,,N,19,39,제한없음,기타,"소득기준 : 연소득 본인 60백만원 이하, 부부합산 100백만원 이하 ※ 소득심사는 협약은행에서 별도 실시",,,245,부산광역시,제한없음,제한없음,제한없음,,,기타
20250502005400210779,대출,부산청년 머물자리론,"부산은행,연소득,대출이자",부산 청년 임차보증금 대출 및 대출이자 지원사업,주거,주택 및 거주지,"□ 사업대상 : 신청일 현재 주민등록상 부산광역시에 거주하는   19~39세 무주택 청년(신혼부부 제외) 세대주 
□ 지원내용
 ◦대출취급은행 : 부산은행
 ◦대출최대한도 : 1억 원 이내(임차보증금의 90% 범위 내)
    ※ 실제 대출가능금액은 금융기관(한국주택금융공사,부산은행) 제 규정에 따라 다르며, 부산시 
      자격요건에 해당되어 선정되더라도 부산은행과 한국주택금용공사의 대출(보증)심사 및 신용평가, 
      소득심사는 별도 실시하며 그 결과에 따라 제외될 수 있음.
  ◦대출이자 : 소득별 차등 지원 (미혼인 경우 본인 연소득, 기혼인 경우 부부합산 연소득 기준)
 □ 대출용도 : 주택임차보증금
 □ 대출기간 : 1년 이상 ~ 2년 이내로서 당해임대차계약 만료일까지
 □ 상환방식 : 만기 일시상환방식
    - 단, 기한 연장 시 최초대출금 5% 이상을 상환해야 하며, 신청자격은 최초 신청조건과 동일 (소득요건 제외)",청년정책과,,상시,기타,,,매월 1일~ 10일,부산청년플랫폼 온라인 신청,,https://young.busan.go.kr/index.nm?menuCd=0,,,,,N,19,39,제한없음,기타,"연소득 본인 60백만원 이하, 부부합산 100백만원 이하",,,137,부산광역시,제한없음,제한없음,제한없음,,,제한없음
20250501005400210757,현금지급,2025 전입청년 교통비 지원,"전입청년,교통비,2025","2023년 이후 원주시로 전입하여, 타지역 직장으로 출퇴근하는 청년들의 원주시 전입 및 정착 유도를 위한 전입청년 교통비 지원",복지문화,취약계층 및 금융지원,"대중교통비(고속버스, 시외버스, 기차), 승용차 유류비 / 월 최대 10만 원(실비) 지급 / 2025. 7.~2026. 6.(12개월)",원주시,,특정기간,특정기간,20250501,20250620,,"방문, 온라인
- 방문 : 원주시청 2층 복지정책과
- 온라인 : 원주시 청년지원센터 홈페이지
※ 평일 09:00~18:00(근무시간에 접수, 점심시간 12:00~13:00 접수 제외)",추첨일정: 2025. 6. 27.(금) 10:00(추첨 후 공고 및 개별 안내 문자 전송 예정),https://www.wonju.go.kr/wjyouth/viewTnWjyouthProgrmU.do?progrmNo=40&key=5942,"- 전입청년 교통비 지원 사업 신청서 1부
- 개인정보 수집 및 이용 동의서 1부
- 사업 신청 각서 1부
- 주민등록초본 1부(주소변동사항 포함, 공고일 이후 발급분)
- 건강보험 자격득실 확인서 1부(직장가입자에 한함, 공고일 이후 발급분)
- 재직증명서 1부(공고일 이후 발급분)
- 사업자등록증 혹은 고유번호증 1부",,https://www.wonju.go.kr/www/selectBbsNttView.do?key=216&bbsNo=140&nttNo=459043&searchCtgry=&searchCnd=all&searchKrwd=&pageIndex=1&integrDeptCode=,,N,18,39,제한없음,무관,,2023. 1. 1. 이후 원주시로 전입하여 거주하고 있는 *18~39세 청년 중 관외에 직장을 두고 출퇴근하는 자(*신청일 기준),"공무원, 교사, 공공기관 재직자, 2023-2024 해당 사업 대상자",60,강원특별자치도 원주시,제한없음,재직자,제한없음,20250501,20250620,제한없음
20250501005400210745,기타,청년 자격시험 등 응시료 지원,"응시료,자격증,10만원",자격증 및 어학시험 등 응시료 실비 지원,일자리,취업,"- 어학 및 자격증 시험 응시료 지원
- 연 1회, 최대 한도 10만원
* 신청은 연 1회, 10만원 이내, 시험개수 제한없음
- 응시일 : 2024. 12. 9. ~ 2025. 11. 30.
",경제정책국,경제정책국,특정기간,기타,,,예산 소진 시 까지,"온라인 신청(청년정책플랫폼) > 신청서류 보완(적격여부 검토) > 개별 통보 > 계좌 입금
※ 울산청년정책플랫폼 누리집을 통한 온라인 신청만 가능, 방문·우편 제출 불가","○ 선정방법 : 신청순서 순
- 적정성 검토 후 보완 필요시 별도 요청
※ 보완 요청 시, 보완 완료 시점을 신청일로 인정

○ 지원금 지급
- 매월 1일 ~ 말일 신청 → 익월 15일 이내 지급
※ 단, 지급일이 휴일·공휴일인 경우, 다음 날에 지급하며, 구·군별 업무 추진일정에 따라 변동 가능

○ 지급방법 : 신청자(본인) 계좌 입금
※ 타인 계좌 불가",https://www.ulsan.go.kr/s/ulsanyouth/contents.ulsan?mId=008001008000000000,"주민등록표초번, 건강보험자격득실확인서, 사실증명(사업자등록사실여부), 응시확인 증빙서류, 응시료 결제 영수증, 통장사본","문의처 : 주소지 구·군으로 문의
시(총괄) : 052-229-7983
중구 : 052-290-8323
남구 : 052-226-3122	
동구 : 052-209-3533
북구 : 052-241-7720	
울주군 : 052-204-1363
					",https://www.ulsan.go.kr/s/ulsanyouth/contents.ulsan?mId=008001008000000000,,Y,19,39,제한없음,무관,,,"응시일 당일 건강보험 직장가입자·사업자 등록자
타 지방정부(지방자치단체)로부터 동일 목적으로 지원받은 사람
경찰청 주관 '자동차운전면허', 해양경찰청 주관 '동력수상레저기구조정면허' 제외
울주군 청년 자기개발비 지원사업 대상자 제외",123,울산광역시,제한없음,미취업자,제한없음,20250210,20251130,제한없음
20250430005400210741,현금지급,청년근로자 복리후생 지원,"여가활동,춘천사랑상품권,중소기업에서",청년근로자의 복지 향상을 통한 근로의욕 고취 및 장기재직 유도,일자리,재직자,"중소기업에서 3개월 이상 재직중이며, 춘천시에 주소지를 두고 있는 기준중위소득 130% 이하 청년에게 건강관리, 여가활동, 자기계발 등의 목적으로 사용할 수 있는 상품권 지원.
- 1인당 춘천사랑상품권 100만원(2회 분할지급, 생애 1회) ",경제진흥국,,특정기간,기타,,,연례반복,"“강원혜택이지” 접속 후 회원 가입, 신청 자격 확인 및 이용 약관 동의 후 공공행정정보 마이데이터 조회, 신청서 작성 및 업로드","선발기준 : 3개월 평균 건강보험료가 낮은 순으로 선발 / 동일 보험료일 경우, ① 현직장 장기 재직자, ② 연령 높은 순으로 선정
확인: 6. 2. ~ 6. 13.
선정 발표: 6. 17.
2차 적격확인: 2025. 11. 3.(월) ~ 11. 14.(금) (예정)",https://easy.gwd.go.kr/,"1. 근로계약서 * 공고일 기준 3개월 이상 근무 및 기간 정함이 없는 근로자 확인
2. 근무처 사업자등록증(춘천소재지 명기된 것)
3. 직장가입자 개인별 건강보험료 산출내역(2025년) 캡처본
4. 중소기업확인서(중소기업기본법 제2조 1항 2~5호 기업 또는 조합의 경우) 
      *발급 방법: 중소기업현황정보시스템(SMINFO)>중소기업확인서 발급신청",문의사항 : 춘천시 기업지원과 일자리창출팀(033-250-4434),,,N,19,39,제한없음,기타,"2025년도 기준 중위소득 130%이하인 자 (1인 기준 월 소득 3,109,617원 이하)",- 본사가 춘천인 중소기업에 2023. 1. 1. 이후 입사하여 공고일 기준 3개월 이상 재직 중인 주 36시간 이상 상용근로자," • 춘천시 청년근로자 복리후생 지원사업으로 지원받은 자(1차 지원만 받은 경우 포함)
 • 외국인, 해외파견자, 휴직자(육아휴직 포함)
 • 병역 복무 이행자(현역, 사회복무요원, 전문연구요원, 산업기능요원 등)
 • 기간제근로자 및 일시사역을 위해 취업한 근로자",95,강원특별자치도 춘천시,제한없음,재직자,제한없음,20250421,20250509,중소기업
20250430005400210736,현금지급,청년근로자 근속장려금 지원,"근속장려금,중소기업에서,정규직으로",관내 중소기업에서 정규직으로 2년 이상 재직 중인 청년근로자에게 근속장려금을 강릉사랑상품권으로 지급,일자리,재직자,근속장려금 50만 원 지급,강릉시,,특정기간,특정기간,20250101,20251231,,온라인 신청,사업공고(2월) - 사업참여 신청(2. 24. ~ 3. 7.) - 심사 및 승인(4월) - 근속장려금 지급 신청(5. 1. ~ 5. 16.) - 검토 및 지급(6월),https://www.gn.go.kr/yeyak/selectUserOnlineReceptionView.do?key=5540&programKey=19,,,https://www.gn.go.kr/yeyak/index.do,https://www.gn.go.kr/www/selectBbsNttView.do?key=258&bbsNo=12&nttNo=178860,Y,19,34,제한없음,무관,,,,46,강원특별자치도 강릉시,제한없음,재직자,제한없음,20250224,20250307,중소기업
20250428005400210728,기타,면접용 정장대여(광주 남구),"구직청년,면접용,자켓",2025년 광주 남구 구직청년 면접정장 대여 ,일자리,취업,"  ❍ 지원기간 : 2025. 2. ~ 12.   ※ 예산 소진 시 조기 마감
  ❍ 지원대상 : 광주광역시 남구에 주소를 둔 구직청년(만19세 ~ 39세) 
  ❍ 지원내용 : 면접용 정장 무료대여
    - 대여품목 : (남자) 자켓, 셔츠, 바지, 넥타이(여자) 자켓, 블라우스, 스커트(바지)
    - 대여기간 : 3박 4일(1인 연간 3회 이용 가능)",경제재정국,,특정기간,특정기간,20250203,20251219,,  ❍ 지원절차 : 대여신청(방문·이메일) → 대여승인 → 방문 대여·반납 ,,,,,,,N,19,39,제한없음,무관,,,,54,광주 남구,제한없음,제한없음,제한없음,20250203,20251219,제한없음
20250428005400210727,기타,자격증 취득 지원(광주 남구),"광주,중국어,toeic",2025년 광주 남구 미취업 청년 자격증 취득 지원,일자리,취업,"❍ 신청기간: 2025. 2. 3.(월) 09:00 ~ 12. 15.(월) 24:00 
   ※ 예산 소진 시 사업 조기종료(선착순 모집)
❍ 지원대상 : 광주 남구에 거주(주민등록)하는 미취업 청년(19세~39세)
❍ 지원내용 : 자격증 시험 응시료 지원(1인 연 2회, 최대 20만원 한도)
❍ 지원분야 : 국가기술자격증(540종), 어학(16종), 한국사
  · 「국가기술자격법 시행규칙」 <별표2>에 의한 국가기술자격
  · (영 어) 토익(TOEIC), 토익스피킹(TOEIC Speaking), 토플(TOEFL),아이엘츠(IELTS), 오픽(OPIC), 텝스(TEPS), 지텔프(G-TELP)
  · (그 외) 중국어(HSK), 일본어(JPT/JLPT), 스페인어(DELE), 프랑스어(DELF), 독일어(Goethe-Zertifikat), 러시아어(TORFL), 중국어 등(FLEX/SNULT)
  · 국사편찬위원회 주관 한국사능력검정시험",경제재정국,,특정기간,특정기간,20250203,20251215,,"  ❍ 신청방법: 방문 또는 이메일 신청
    - 방  문: 남구청 일자리정책과 청년정책팀(남구 봉선로 1, 6층)
    - e-mail: swim0312@korea.kr",,,,,,,Y,19,39,제한없음,기타,"미취업자, 사업자등록 사실이 없는 자",,"광주광역시 자격증 응시료 지원 대상자, 광주광역시 청년구직활동수당 지원 대상자, 국민취업지원제도 지원 대상자",53,광주 남구,제한없음,미취업자,제한없음,20250203,20251215,제한없음
20250424005400210721,프로그램,울산 중구 2025년 청년도전지원사업 (중기),"이수,인센티브,50만원",구직단념청년 등을 발굴하고 구직의욕 고취 및 자신감 강화를 위한 맞춤형 프로그램 제공을 통해 노동시장 참여 및 취업 촉진 지원,일자리,취업,"‣ 사업 운영기간: 15주 이상
‣ 참여수당: 1인당 150만원(50만원×3회)
‣ 이수 인센티브: 이수시 20만원
‣ 취(창)업 인센티브: 이수 후 6개월 이내 취(창)업하고 3개월 근속 시 50만원",경제문화국,,특정기간,특정기간,20250401,20251102,,울산중구종합사회복지관 상담 및 문의 (052-290-3161),,,,"<중기 2기>
‣ 접수기간: ~5월 2일까지
‣ 프로그램 기간: 4월 28일~8월 7일

<중기 3기>
‣ 접수기간: ~7월 21일까지
‣ 프로그램 기간: 7월 21일~ 11월 2일",,,Y,19,39,제한없음,무관,,자세한 사항은 울산중구종합사회복지관으로 문의하시기 바랍니다(052-296-3161),,64,울산광역시,제한없음,미취업자,제한없음,20250401,20250721,제한없음
20250424005400210720,기타,강동구 미취업 청년 어학 및 자격시험 응시료 지원,"강동구,미취업,자격시험",강동구 미취업 청년들에게 어학 및 자격시험 응시료를 지원하여 취업 준비에 대한 경제적 부담 완화 및 취업역량 강화를 통해 청년들의 적극적인 구직활동 촉진에 기여하고자 함,일자리,취업,강동구 거주중인 미취업 청년 대상으로 1인당 최대 10만원 응시료 실비지원(생애1회),강동구,,특정기간,특정기간,20250501,20251231,,공고문 확인 후 신청서 및 서류 준비하여 이메일 접수(exam_fee@gangdong.go.kr) ,,https://www.gangdong.go.kr/web/newportal/notice/01/53129,공고 참조,,,,Y,19,39,제한없음,무관,,,,54,서울 강동구,제한없음,"미취업자, 단기근로자",제한없음,20250501,20251231,제한없음
20250424005400210719,상담,청년 내일(job)설계 프로그램 운영,"진단,설계,경력경로",기업·기관에 재직 중인 청년(19~39세)에게 사회진출 초기부터 생애주기별 경력경로 설계 지원,일자리,재직자,"전문가와 참여대상 연계 후 1:1 상담(코칭)지원(1인당 2회 운영(회당 2시간))
1회 : CPA 검사 및 job 테라피
▸CPA(직무적성검사), 기본적 성향 및 패턴 파악
▸기질에 맞는 적성과 경력경로 탐색 및 설계
▸직무 관련 애로사항 솔루션 등

2회 : 퍼스널컬러 진단 및 이미지 브랜딩
▸퍼스널 컬러 진단, 라이프스타일 분석
▸체형․얼굴형 분석 및 골격 진단
▸이미지 스타일링 및 자세 코칭 등",관리담당관,,상시,특정기간,20250101,20251231,,팩스(FAX.062-613-7999) 또는 전자우편(melong1115@korea.kr),,,"①신청서 및 동의서 1부(붙임), ②재직증명서 및 신분증 1부(사본)",,https://youth.gwangju.go.kr/,,N,19,39,제한없음,무관,,"
기업·기관에 재직 중인 청년(19세 ~ 39세)",,932,광주광역시,제한없음,재직자,제한없음,,,제한없음
20250424005400210718,교육,경계선 지능 청년 일 역량강화 및 일경험 지원,"일경험,2025,지능","광주광역시 거주 경계선 지능 청년을 대상으로 직업훈련 및 일경험 기회를 제공하여, 자신감 회복과 진로 설정, 직업 역량 강화를 지원",복지문화,취약계층 및 금융지원,"① 직무훈련 지원
-취업역량 강화를 위한 맞춤형 프로그램 제공
-월,수,금 오전3시간 /교육참여 수당지원(35만원)
-직무훈련기간 : 2025.06.02.~2025.07.31.

② 일경험 지원
-① 직무훈련을 수료한 청년 중 일경험 청년 선발
-일경험 제공 및 참여 수당 지원 (140만원)
-일경험 기간(주25시간) : 2025.08.01.~2025.09.30",청년정책과,,특정기간,특정기간,20250602,20250930,,"
※ 종합심리검사 또는 웩슬러지능검사 결과지가 있는 경우
① 1단계(신청서 접수)
-구글링크(https://forms.gle/xmmwBiVt3NirDFEF9)로 신청서 작성제출
② 2단계(필수서류 제출)
-이메일(ssgc.gjyouth@gmail.com)로 필수서류 2가지 제출
-종합심리검사지 또는 웩슬러 검사 결과지
-주민등록등본

※ 지능검사 결과지(종합심리검사지 또는 웩슬러 검사 결과지)가 없는 경우
-제공된「성인(청년) 경계선 지적기능 선별 자가 체크리스트｣ 실시 후 안내되는
점수에 해당할 경우 종합심리검사 또는 웩슬러 지능검사 진행하여 결과지 제출","
2025. 5. 28.(수) 16:00(예정)",https://forms.gle/xmmwBiVt3NirDFEF9,"    -종합심리검사지 또는 웩슬러 검사 결과지
    -주민등록등본","- 모집상황 등에 따라 일정이 다소 변경될 수 있음
- 지원내용, 신청방법, 「성인(청년) 경계선 지적기능 선별 자가 체크리스트」 이용방법은 광주청년일경험드림사업 공식홈페이지(https://gjyouthdream.com) 공지사항 참고
- 문의사항 :광주청년일경험드림사업단(전남대학교 산학협력단) ☏ 062-531-1939",https://gjyouthdream.com,,N,19,39,제한없음,무관,,"광주광역시 거주 19세~39세(1985.6.2.~2006.6.1.) 경계선지능 청년
※ 경계선 지능이란? 지능지수(IQ)가 71~84 사이에 있어 평균 지능지수보다 낮은 경우
※ 지적장애 등급이 있는 경우 지원 불가",,91,광주광역시,제한없음,제한없음,제한없음,20250418,20250523,제한없음
20250423005400210715,현금지급,「광명시 청년위원회」 4기 위원 모집,"광명시,4기,청년위원회",광명시 청년정책에 관한 주요사항 심의·자문을 위한 광명시 청년위원회 4기 위원 모집,참여권리,청년참여,"- 최종 선정자 대상 광명시장 명의 위촉장 교부
- 회의 참석수당 지급",광명시,,특정기간,특정기간,20250703,20270702,,광명시청 홈페이지에서 신청서 다운받아 작성 후 이메일 또는 우편 제출,,https://www.gm.go.kr/pt/user/nftcBbs/BD_selectNftcBbsDetail.do?q_nftcBbsCode=1001&q_nftcBbsMgtno=61279#1,,,,,N,18,39,제한없음,무관,,,,5,경기도 광명시,제한없음,제한없음,제한없음,20250415,20250514,제한없음
20250416005400210710,채용,2025년 달서청년 자격증 응시료 지원사업,"달서청년,응시료,어학",청년 구직자들에게 어학‧자격시험 응시료를 지원하여 취업준비생의 경제적 부담 완화 및 취업 능력개발 촉진,일자리,취업,"​<< 2025 달서청년 자격증 응시료 지원사업 >>

신청기간: 1. 15.~11. 30.   ※ 예산소진 시까지

지원대상: 신청일 기준 달서구에 1년 이상 주민등록을 둔 18~39세 미취업 청년(1985~2006년생)

             ※ 2025. 1. 1. 이후 실시한 시험의 실제 응시자 (시험 응시 후 신청)

지원내용: 어학·자격시험 응시료 실비 지원(1인 연 1회 1종, 최대 10만원) 

지원분야: 어학, 한국사, 국가기술·전문자격증(※ 자동차 운전면허 제외)​

신청방법: 달서구 홈페이지 온라인 신청 후 이메일로 증빙서류 제출

              (홈페이지) 통합예약 > 일자리/생활 > 달서청년 자격증 응시료 지원

              (이 메 일) dalseojob@korea.kr

문      의: 달서구 일자리지원과 취업지원팀(☎053-667-2911)",기획경제국,,특정기간,특정기간,20250115,20251130,,"○ 시험 응시 후 온라인 신청 및 이메일 제출
- 홈페이지 신청서 제출(달서구청 (https://www.dalseo.daegu.kr/) → 통합예약 - 일자리/생활 - 달서청년 자격증 응시료 지원 → 신청하기에서 본인 인증 후 신청서 제출 → 증빙서류 이메일 제출(dalseojob@korea.kr)","- 대상사 선정: 신청 익월 15일까지 개별 통보
- 응시료 지급: 신청 익월 20일까지 계좌이체",https://www.dalseo.daegu.kr/index.do?menu_id=00004358,"- [필수] 응시료 지원 신청서 ※ 홈페이지 신청시 작성 
- [필수] 행정정보 공동이용 사전동의서 1부
- [필수] 응시사실 확인증빙(응시확인서 또는 성적표) ※ 접수증, 응시표 불가 
- [필수] 응시료 결제 영수증(결제일 및 결제금액)
- [필수] 통장 사본(신청자 본인 명의) 
- [선택] 근로계약서(또는 계약기간 및 근로시간 증명 가능 서류)","- 신청이 많은 경우 사업이 조기 마감될 수 있으며 신청 순서대로 지원함.
- 정부 및 타 지자체 동일‧유사사업(국민취업지원제도 등)에 참여하는 경우 신청이 불가하며, 본 사업에 참여하는 경우 정부 및 타 지자체 동일‧유사사업에 대한 참여가 제한될 수 있음.
※ 단, 한국산업인력공단 주관 ⸢청년 국가기술자격시험 응시료 지원사업」에 할인 지원 받은 경우는 지원 가능
- 허위·부정한 방법으로 신청한 사실이 확인되면 선정 취소 및 지원 환수하며, 향후 해당 사업 신청이 불가함.",https://www.dalseo.daegu.kr/index.do?menu_id=00004358,,N,18,39,제한없음,무관,,,"- 신청일 기준 취업자 및 사업자등록 사실이 있는 자
- 신청일 기준 달서구에 주민등록이 된 기간이 1년에 되지 않는 자
- 정부 및 타 지자체 동일‧유사사업에 참여 중이거나 참여한 자",475,대구 달서구,제한없음,"미취업자, 일용근로자, 단기근로자",제한없음,20250115,20251130,제한없음
20250411005400210702,프로그램,(2차)2025 광주 청년구직활동수당 지원사업,"50만원,사업참여,중단",지역 미취업 청년들의 구직활동에 필요한 비용과 구직 역량강화 프로그램을 지원하여 청년의 지역사회 진입과 자립을 촉진합니다,일자리,취업,"
○ 구직활동비 월 50만원 x 6개월(1인당 최대 300만원)
○ 구직역량 강화프로그램(1회 의무 참여 필요)
* 사업참여 중 취·창업으로 사업 중단 시, 취·창업 성공수당 50만원 지원
(단, 1인 최대 300만원은 초과할 수 없음)",청년정책과,,특정기간,특정기간,20250601,20251130,,"광주청년통합플랫폼 홈페이지(http://youth.gwangju.go.kr/) 온라인 신청
※ 신청기간 상단에 신청하기 버튼 클릭","○ 일시 : 2025. 5. 19.(월) 예정
○ 방법 : 시청 홈페이지 고시공고, 광주청년플랫폼 마이페이지 확인,선정자 개인별 문자 통보
○ 참여자 온라인 예비교육
- 교육일시 : 최종 선정자 발표 후 별도 통보
- 교육내용 : 사업설명, 유의사항, 카드발급 안내, 보고서 작성요령 등 안내
- 필수사항
1) 최종 선정자는 온라인 예비 교육 이수 후 ‘서약서’를 광주청년플랫폼 홈페이지에 첨부 해야함(미제출시 선정 취소)
2) 예비교육 기간 내 체크카드(클린카드) 미발급 시 지원금 지원 불가(비대면 발급 어려울 경우, 지정된 은행 방문 필요)
※ 비대면 발급 가능 자 : 광주은행 기존(마케팅 동의(카드‧SMS 등)) 고객
※ 지원금 카드 발급 가능 지정 은행 안내 별도 예정",https://youth.gwangju.go.kr/,공고문 참조,,https://blog.naver.com/kjexperi/223824710455,,N,19,39,제한없음,무관,,"○ 거주요건 : 공고일 기준(’25. 4. 7.) 주민등록상 광주광역시 거주자
○ 신청연령 : 19세 ~ 39세(주민등록상 1985. 4. 8. ~ 2006. 4. 7. 출생자)
○ 미 취 업 : 고용보험(상용) 미가입자 및 사업자등록이 되어있지 않은 자
- 단, 고용보험(상용)가입된 단기근로자는 주 30시간 미만인 경우는 근로시간 확인이 가능한 근로계약서 등으로 주 30시간 미만 근무 여부 증빙 필요
- 공무원 임용시험 최종 합격자는 지원 제외
- 공고일 이전 휴・폐업신고 된 경우 미취업으로 간주하며 해당자는 휴·폐업증명서 제출
○ 학력여부 : 최종학력 졸업·중퇴·제적·수료자(학력 무관)
- 재학생 참여 불가(졸업예정자(졸업예정증명서 발급자), 유예자 및 휴학생, 야간대학(원) 불인정)
- 원격대학(방송통신대학, 사이버대학), 학점은행제 재학생 가능
※ 단, 이전 고교·대학·대학원 졸업한 경우 해당 졸업증명서 제출 필요
- 해외 학교의 경우 번역 공증 또는 외국어번역행정사 번역확인 필수
○ 중위소득 : 2025년도 기준중위소득 150% 이하 (건강보험료 납부액 기준)
- 최근 2개월(2025.1.~2.) 건강보험료 납부액 합계 평균으로 산정 (노인장기요양보험료 제외)","○ 자격요건 제외대상
- 공고일 현재 학교에 재학 중인 자(졸업예정자, 유예자 및 휴학생 포함) *단, 수료자의 경우 가능
- 2025년도 보건복지부 기준중위소득의 사업 지원기준 미충족자
- 생계급여, 조건부 생계급여 수급자(단, 의료·교육·주거급여만 받는 경우 가능)
- 주 30시간 이상 상용근로자(단, 주 30시간 미만 근로할 경우 가능) *공고일 이후 퇴사자 불가
- 사업자등록증 보유자(단, 공고일 이전 휴·폐업 시 참여 가능)
- 군 복무중인 자(대체 복무 포함)
- 2018년 이후 광주청년드림수당 참여자 및 중도포기자(2018, 2020~2024년) *생애 1회 지원
- 청년 구직활동수당과 유사한 타 지자체 청년수당 참여자(서울, 전남, 부산, 인천, 광산구, 서구 등)
- 시 유사사업 참여중인 자(광주청년○○사업 : 광주청년일경험드림, 청년13(일+삶)통장 등)

○ 동시참여 제한
- 고용노동부 국민취업지원제도Ⅰ유형(구직촉진수당) 및 Ⅱ유형(취업활동비용·취업지원서비스) 참여자 및 사업기간(지원+사후관리) 종료 후 6개월 미경과자
- 고용노동부 미래내일일경험사업(인턴형, 프로젝트형) 참여자
- 실업급여 수급자
- 재정지원 직접 일자리 사업 참여자(주 30시간 미만 근로자 가능)
- 정부지원(내일배움카드) 훈련 장려금 수급자* 계좌발급 및 훈련참여는 가능하나, 훈련장려금 동시 수급 불가
- 청년도전지원사업, 청년 농업인 육성정책, 청년 어업인 영어 정착자금, 희망사다리 장학금, 고졸 취업연계 장학금, 제대군인 전직지원금, 창작준비금 등",376,광주광역시,제한없음,"미취업자, 일용근로자, 단기근로자","고졸 미만, 고교 졸업, 대학 졸업, 석·박사, 기타",20250410,20250430,제한없음
20250411005400210701,상담,경기청년 해외진출(일본) 사업,"일본,현지,해외진출",도내 청년들의 글로벌 역량강화 및 해외진출 지원,일자리,취업,"□ 일본 취업 노하우와 현지 네트워크를 지닌 전문 강사진의 취업특강 및 1:1 맞춤형 이력서 첨삭과 면접 컨설팅 진행
□ 일본 일자리 정보 제공 및 우수기업 알선과 일본 해외취업박람회 참가 지원
□ 도쿄 현지 취업 박람회 참여를 통한 현지 기업 면접 기회 및 경비 지원(70만원)",재단법인경기도일자리재단,재단법인경기도일자리재단,특정기간,기타,,,연중,"지원자 별도 평가 과정 없이 자격조건 충족시 선정
※ 단, 사업 참여 및 일본 해외 취업에 적합하지 않은 지원자라고 판단될 경우 선정 제외
","2025. 4. 22.(화)까지 개별 안내
※ 선정 발표일은 운영상황에 따라 변동될 수 있음",https://apply.jobaba.net,"① 사업 신청서 : 신청페이지 폼으로 제출
② 주민등록초본 : 모집 공고일 이후 발행본만 인정 ※ 통합접수시스템 마이데이터 활용 가능
③ 졸업(예정)증명서 : 대학에서 발행하는 공식 증명서만 인정 ※ 4학년 2학기 재학중인자는 재학증명서 제출
④ 외국어 성적증명서 : 모집 공고일 기준 유효기간 만료전 성적만 인정
⑤ 서약서 : 신청페이지 폼으로 제출(동의 여부 체크박스)",,,,N,19,39,제한없음,무관,,"□ 공통자격
○ 경기도민 기준 : ①번 또는 ②번 기준 중 하나 충족
① 모집 공고일(4. 1.) 기준 주민등록상 경기도 거주
② 도내 대학 졸업(유예)자 (거주지 무관)
※ 대학 캠퍼스가 다수인 경우 주전공 학과가 속한 대학교의 소재지가 경기도인 경우에는 도내 대학 출신으로 인정
○ 공고일 기준 19세 ~ 39세 ※ 연령기준 : 2006년 ~ 1985년 출생자
○ 4년제 대학교 졸업(예정)자를 대상으로 하며, 2026년 상반기 일본 현지 근무가 불가능한 경우 참여 불가
○ 해외(일본) 비자 취득, 출국, 취업에 결격사유가 없는 자
○ 남자는 군필 및 면제자에 한함
○ 신청 분야 외국어 사용이 원활한 자 (언어지원자격 충족 必)
○ 신체 건강한 자로 해외 현지 근무에 문제가 없는 자

□ 외국어 자격조건
○ JLPT 2급 이상 또는 JPT 525점 이상 성적 보유자
○ 해당 기준에 준하는 일본어 활용 능력을 입증할 수 있는 공식적인증빙자료 제출시 인정
※ 모집 공고일(4.1.) 기준 유효기간 만료 전 성적 증명서만 인정
※ JLPT의 경우, 모집공고일 기준으로 발급일 3년 이내인 경우만 유효 ",,138,경기도,제한없음,미취업자,"대졸 예정, 대학 졸업",20250401,20250415,지역인재
20250410005400210700,프로그램,AI 면접체험실 운영,"ai,면접,가상","AI 면접체험을 통해 면접을 가상 체험하면서, 면접에 대핸 불안감 해소 및 면접 역량 강화 등 취업지원",일자리,취업,AI  면접 체험 프로그램 제공,의왕시,,상시,특정기간,20250101,20251231,,,,,, 문 의 : 의왕시청 기업일자리과 일자리청년팀(☎031-345-2712),https://youth.gg.go.kr/gg/index.do,,N,19,39,제한없음,무관,,,,184,경기도 의왕시,제한없음,제한없음,제한없음,,,제한없음
20250410005400210699,상담,청년 직무멘토링 사업(의왕시),"멘티,멘토링을,멘토",직무전문성을 가진 현직자와의 멘토링을 통한 지역 청년들의 취업 역량 강화 ,일자리,취업,"○사업기간: 2025. 2월~9월
○사업대상
   - (멘토) 해당분야 3년 이상 활동(재직) 중인 전문가
   - (멘티) 멘토링을 희망하는 관내 거주 19~39세 청년
○사업내용: 전문가 멘토와 청년 멘티 매칭을 통한 개별 맞춤형 멘토링 지원
    - (멘토) 활동비 지원(100천원/회)
    - (멘티) 그룹별 멘토링 월 1회(기본3회, 최대5회) 지원",의왕시,,특정기간,특정기간,20250301,20250930,,,,,,,https://www.uiwang.go.kr/index,,Y,19,39,제한없음,무관,,,,62,경기도 의왕시,제한없음,제한없음,제한없음,20250201,20250430,제한없음
20250410005400210698,채용,(의왕시)청년 인턴사업,"의왕시,산하,본청",취업 준비 청년을 대상으로 의왕시 산하 행정기관에서 시정체험 및 직무경험 기회를 제공함,일자리,취업,"○ 사업기간: 상,하반기 각 4개월
○ 사업대상: 19~39세 관내 미취업 청년
○ 근무장소: 의왕시 산하 행정기관(본청, 사업소, 주민센터 등)
○ 근무내용: 행정사무 보조 등
○ 지원내용: 기간제 근로자(1일 8시간) 근무, 생활임금 적용 월급여 지원


",의왕시,,특정기간,특정기간,20250301,20251130,,,,,,,https://www.uiwang.go.kr/index,,N,19,39,제한없음,무관,,,,12,경기도 의왕시,제한없음,미취업자,제한없음,20250203,20250214,제한없음
20250406005400210692,현금지급,청년농업인 영농정착 지원,"영농정착,청년농업인,3년","대상 : 18세 이상 ~ 40세 미만 청년농업인 
평가 : 서면 및 면접 등을 통해 평가하여 대상자로 선정
조건 : 독립경영예정자 및 독립경영 3년 이하, 병역필 또는 병역면제자 ",일자리,취업,"청년농업인에게 영농정착 지원금 지원
(0~1년차) 1,100천원, (2년차) 1,000천원, (3년) 900천원 ",농생명정책과,,특정기간,기타,,,독립경영예정기간에 따라 다름,농림사업정보시스템(Agrix)를 통해 신청,"1. 신청서 및 자료 검토(25. 3. 5한도)
2. 서면심사(25. 3월중)
3. 면접심사(25. 4월중)
4. 최종선정(25. 4월중)",https://uni.agrix.go.kr/webportal/main/portalIndex.do?web=in,"1. 청년농업인 신청서, 영농계획서, 건강보험료 확인가능 서류, 가족관계증명서, 병역증명서, 
    사업자 등록사실 증명서, 본인명의 거래증명서, 영농활동 중단 증명서류 / 필수
2. 신용조사서, 재직증명서, 농업교육이수증, 농업관련 자격증 등
",,https://uni.agrix.go.kr/webportal/main/portalIndex.do?web=in,,N,18,39,제한없음,기타,타 업종 종사시 퇴직 예정서약서 제출,"1. 만 18세 이상 ~ 만 40세 미만
2. 독립경영예정자 및 독립경영 3년 이하
3. 병역필 또는 병역 면제자
4. 사업신청을 하는 광역시에 실제 거주","1. 사업자 등록을 하고 사업체를 경영하는 경우(영농관련 일부 허용 등)
2. 공공기관 및 회사 등에 상근 직원으로 채용되어 매월 보수 또는 보수에 준하는 급여를 받는 자
3. 일정 수준 이상의 재산 및 소득이 있는 자
4. 고등학교, 대학교 재학생과 휴학생
5. 청년농업인영농정착지원사업에 선정되어 영농정착지원금을 받은 사실이 있는 자
6. 진돗개를 제외한 개의 사육을 하는 자",14,대전광역시,제한없음,제한없음,"고졸 미만, 고교 졸업, 대학 졸업, 석·박사, 기타",20241218,20250305,농업인
20250403005400110686,교육,해외조달 전문인력 양성,"해외조달시장에,전문인력,채용","청년(학생 및 조달기업 재직자) 대상 해외조달시장에 대한 이론, 실무교육 실시 및 채용 연계 ",일자리,취업,"ㅇ 해외조달시장에 대한 보다 전문적인 실무 및 실습 프로그램을 개발, 적용하여 청년 전문인력으로 
    양성 
ㅇ 그간의 수료생들을 해외 조달시장에 대한 전문인력 풀로 활용하고 후속 취업교육을 실시하여 채용 
    기회를 확대 제공 
",조달청,,상시,특정기간,20250301,20251130,,,,,,,https://www.pps.go.kr/kor/bbs/view.do?bbsSn=2407150010&key=00634,,N,19,34,제한없음,무관,,대학(원)생 및 취업준비생 ,,307,전국,제한없음,제한없음,제한없음,,,중소기업
20250402005400210684,커뮤니티,청년 재능자판기 운영,"판매대,활성화에,판로지원",관내 청년공예가의 공예품을 판매할 수 있는 장을 마련하여 청년공예가의 판로지원 및 커뮤니티 활성화에 기여함,일자리,취업,공예품 판매대 설치 및 운영,의왕시,의왕시,상시,특정기간,20250101,20251231,,,,,, 문 의 : 의왕시청 기업일자리과 일자리청년팀(☎031-345-2712),,,N,19,39,제한없음,무관,,,,11,경기도 의왕시,제한없음,제한없음,제한없음,,,제한없음
20250402005400210683,상담,청년공간 운영사업,"운영,운영사업,소통의","  청년들의 취업 및 다양한 활동을 지원하고, 힐링과 소통의 역할을 수행할 수 있는 청년 전용 공간 
  운영",복지문화,문화활동,"- 청년 휴식공간 제공 및 취업 역량강화 프로그램 운영 
- 청년 심리검사 및 상담
- 강의실 대관 및 스터디룸 예약제 운영 등",의왕시,의왕시,상시,특정기간,20250102,20251231,,,,https://www.uiwang.go.kr/UWKORWEL1601,, 문 의 : 의왕시청 기업일자리과 일자리청년팀(☎031-345-2712),,,N,19,39,제한없음,무관,,,,68,경기도 의왕시,제한없음,제한없음,제한없음,,,제한없음
20250401005400210681,기타,의왕시 청년옷장(면접정장 무료대여서비스),"의왕시,면접용,정장",의왕시 거주 청년(19세~39세) 면접용 정장 무료 대여 서비스,일자리,취업,"의왕시 거주 청년(19세~39세) 면접용 정장 무료 대여 서비스
○  지원내용: 면접용 정장 무료 대여
  - 남자: 자켓, 바지, 셔츠, 구두, 벨트, 넥타이
  - 여자: 자켓, 스커트, 블라우스, 구두
○  대여기간 및 횟수: 대여일로부터 3박 4일, 1인당 연간 10회
  ※ 대여기간 1일 연장시 대여비용의 20%(대여자 부담)
  ※ 별도의 연장 없이 연체될 경우, 1일당 30% 추가(대여자 부담)
  ※ 정장의 분실 및 훼손시 대여업체에서 정한 금액에 따라 대여자가 훼손된 정장의 가격으로 부담",의왕시,,상시,특정기간,20250101,20251231,,"○  이용 방법
  1. 온라인 접수만 가능(동 주민센터 현장 접수 불가)

      잡아바어플라이 | 통합접수시스템 (링크 연결)
  2. 신청 접수 후 쿠폰 발행(문자 발송)
    ※ 신청 접수 후 문자 발송까지 일정 시간 소요, 면접일을 고려하여 여유롭게 신청해주시기 바랍니다.
  3. 업체
   - 야베스 컬렉션(전화 및 문자 예약): 02-1833-5389(※ 이수역 인근, 택배 가능)
   - 무토벨라: 네이버에서 '무토벨라' 검색후 네이버 예약(※안양시 동안구 아크로타워, 택배 불가)",,https://apply.jobaba.net/bsns/bsnsDetailView.do?bsnsSeq=4018,"○  필수 제출서류: 신분증(의왕시 주소 필수), 면접증빙서류(면접일시, 성명 명시 필수)
  ※ 신분증에 의왕시 주소가 없으면 주민등록 등∙초본 등 주소 확인 가능 서류 제출 필수",,https://apply.jobaba.net/bsns/bsnsDetailView.do?bsnsSeq=4018,https://apply.jobaba.net/bsns/bsnsDetailView.do?bsnsSeq=4018,Y,19,39,제한없음,무관,,,,12,경기도 의왕시,제한없음,제한없음,제한없음,,,제한없음
20250401005400210680,현금지급,청년제대군인 진로탐색비 지원,"구직활동,중장기복무,대전광역시","근로의사가 있음에도 취업이나 창업을 하지 못한 부상제대군인 또는 중장기복무 제대군인에게 
진로탐색비를 지원하여 원활한 사회복귀와 예우 증진 도모",복지문화,취약계층 및 금융지원,"- 지원금액: 1회 1백만원
- 대상: 청년부상 제대군인 또는 청년중장기복무제대군인('24년 이후 전역, 신청일 기준 18세~39세 이하, 신청일 기준 6개월 이상 대전에 주민등록 및 거주, 적극적 구직활동 등)
- 구비서류 제출-> 자격심사(보훈자격, 미취업 여부, 근로의사 등 구직활동) -> 본인계좌입금(신청 후 2주 이내)
- 구비서류: 신청서, 신분증 사본, 주민등록초본(주소변동모두), 병적증명서, 고용보험 자격이력 내역서, 사업자등록 사실증명, 적극적 구직활동 인정서류, 본인명의 통장사본, 국가보훈대상자증 사본(청년 부상제대군인인 경우),  제대군인확인서(청년 중장기복무 제대군인인 경우) *서류발급기준일: 신청월
* 신청서 및 안내문 게시 / 대전광역시 홈페이지:  https://www.daejeon.go.kr
* 담당부서 / 대전광역시 복지국 보훈정책추진단  042)270-0891",대전광역시,복지국,상시,특정기간,20240101,20251231,,"신청서, 구비서류 제출 / 방문 또는 우편",자격심사 후 적격자에게 본인 계좌 입금(신청일로부터 2주 이내),,"* 서류발급 기준일 : 신청월
1. 신청서   2. 신분증 사본  3. 주민등록초본(주소변동 모두)
4. 병적증명서  5. 고용보험 자격이력 내역서  6. 사업자등록 사실증명
7. 적극적 구직활동 인정서류  8. 본인 명의 통장 사본
9. (청년부상제대군인인 경우) 국가보훈대상자증 사본
   또는 (청년중장기복무제대군인인 경우) 제대군인 확인서","대전광역시 홈페이지 https://www.daejeon.go.kr / 행정정보 / 시정소식 / 진로탐색비(검색)
 - 신청서(서식), 안내문 게시(구직활동 인정서류 안내 등)",https://www.daejeon.go.kr,,N,18,39,제한없음,무관,,"청년부상제대군인(전상군경, 공상군경, 재해부상군경) 또는 청년중장기복무 제대군인(5년이상 19년 6개월 미만 복무 제대)  '24.1.1. 이후 전역자(제도시행 '24년.1.1.~)",,310,대전광역시,제한없음,미취업자,제한없음,,,군인
20250401005400210679,상담,청년 융합기술 창업지원,"융합기술,창업지원,멘토링"," ○ 사업목적 : 도내 청년들의 창의적 아이디어 발굴 및 우수 청년스타트업으로 성장할 수 있는 기회 제공 등을 통한 청년창업 저변 확대
 ○ 사업대상 : 39세 이하 도에 거주하는 예비ㆍ3년이내 청년창업자
    * 기존 「대학생 융합기술 창업지원」 사업과의 연속성을 위해 도 소재 대학(원)에 재학중인 청년도 사업대상에 포함",일자리,창업,"○ (창업인프라) 선정팀 사업화자금 지원
○ 개별창업공간(4개실) 및 공동창업공간(1개실) 지원
○ (멘토링) 창업지도교수 멘토링 및 맞춤형 컨설팅 제공
○ (역량강화) 청년창업자의 성장 지원을 프로그램 운영",경기도,,특정기간,특정기간,20250501,20251231,,https://aict.snu.ac.kr/?p=265_view&idx=200&page=1,모집공고 - 1차 서류심사 - 2차 면접심사 - 선정팀 공지- 협약체결 및 입학식,https://aict.snu.ac.kr/?p=265_view&idx=200&page=1,모집공고문 확인,문의처 : 차세대융합기술연 성과확산실 사업담당자 (031-888-9058/9060),,,N,19,39,제한없음,무관,,,39세 이하 도에 거주하는 예비ㆍ3년이내 청년창업자,257,경기도,제한없음,제한없음,제한없음,20250331,20250418,제한없음
20250331005400110677,상담,산림산업 창업지원_청년 산림창업 마중물 지원 ,"마중물,산림창업,열악한",청년법인 도약 및 사업성공을 위한 청년 산림창업 마중물 지원하여 열악한 청년 창업 여건을 개선하여 산촌 정착 저변 확대 ,일자리,창업,"1. 전문가 멘토링(희망분야) 및 운영사무국이 제공하는 창업성장 관련 교육
2. 시제품 개발, 홍보, 마케팅 등에 소요되는 사업화 예산",산림청,한국임업진흥원,특정기간,기타,,,협약 체결일부터~9월말까지,"○ 신청 접수 : 3.28.(금) ~ 4.11.(금)
○ 서류ㆍ발표 평가 : 4월 중
○ 결과발표 : 5.2.(금)
○ 사업화지원 : 5~9월","□ 선정 및 지원 절차
 ○ 자격검토 및 서류평가
  - 평가방법 : 접수 마감일까지 제출된 신청서, 증빙서류에 대한 심사 
  - 평가항목 : 신청자격 검토, 사업계획 적정성, 실현가능성, 성장전략 등 평가
    * 가점사항 : (1점) 벤처기업인증 기업, 산림형 예비사회적기업, 사회적기업
                      (0.5점) '24년도 청년 산림창업가 시너지캠프 참가자, 청년 산림창업활성화 프로그램 수료자
 ○ 발표 평가
  - 평가방법 : 신청자(대표자)의 창업사업화 모델, 사업화 추진계획 등에 대한 발표평가(발표 및 질의 응답)
   - 평가항목 : 기술성, 실현 가능성, 성장 가능성, 사업화 추진계획 등
   * 발표자는 신청자(대표인) 본인으로 하며, 평가 불참 시 선정 대상에서 제외
  ** 평가결과 기준점수(70점) 미달 시 선정하지 않을 수 있음
 ○ 결과발표 : 개별통지 및 홈페이지 게시
   - 발표평가 고득점자 순으로 지원대상자 최종 선정 및 사업화 자금(정부지원금) 확정 후 결과 공지
   - 최종 선정 후 선정 인원 20% 내외 예비합격자 선정
",www.kofpi.or.kr,"□ 자격조건
 가. 업력 : 창업 7년 이하의 개인 또는 법인사업자
   * 창업일 기준 : (개인) 사업자등록증 개업연월일, (법인) 법인등기부등본 회사성립연월일
   * 신청자격 대상기업 : '18. 3. 29. ~ '25. 3. 28. 기간 중 사업을 개시한 자
 나. 산림분야 : 산림자원을 활용한 재화생산ㆍ서비스공급 사업을 영위하는 자
 다. 청년 : 대한민국 국적의 19세 이상  39세 이하 인자 
   * 신청자격 출생기간 : 1985. 3. 29. ~ 2006. 3. 28. 출생자",,,,N,19,39,제한없음,무관,,창업 7년 이하의 개인 또는 법인사업자,"○ 과거 부정수급으로 적발되어 약정 해지된 단체(법인, 기업 등)
○ 신청서, 사업화 계획 등 신청에 관한 서류를 허위로 기재한 경우
○ 금융기관의 계좌개설이 불가능하거나, 본인 명의의 금융자산에 대한 압류가 진행 중인자(시효 소멸자는 제외) 
○ 국세 또는 지방세를 체납 중인 자 
○ 동일 사업화 아이디어로 정부부처, 지방자치단체, 공공기관에서 시행하는 창업지원사업에 참여하여 현금성 창업 지원금을 받은 자로, 타 사업과 지원기간(협약기간)이 중복되는 경우
○ 한국임업진흥원 및 정부지원사업에 참여제한으로 제재중인 개인 및 법인사업자 ",145,전국,"인문계열, 사회계열, 상경계열, 이학계열, 공학계열, 예체능계열, 농산업계열, 기타",제한없음,"고졸 미만, 고교 재학, 고졸 예정, 고교 졸업, 대학 재학, 대졸 예정, 대학 졸업, 석·박사, 기타",20250328,20250411,제한없음
20250331005400210676,정보제공,2025 구직청년 자격증 취득지원,"국가기술자격증,시험,참고",구직활동에 필요한 자격시험 응시료를 지원하여 미취업 청년들의 경제적 부담 완화 및 능력개발 지원,일자리,취업,"
어학(능력)시험, 국가기술자격증, 국가공인자격증, 국가전문자격증 중 1회 시험 응시료 지원(최대 10만원)
- 어학·능력시험 : 토익, 토익스피킹, 오픽, 텝스, 지텔프, 한국사(기본/심화) 등 별첨 2. 참고
- 국가기술자격증(500여종) : 「국가기술자격법」시행규칙 별표2에 따른 국가기술자격증
- 국가공인자격증(100여종) : 한국산업인력공단(Q-net) 및 민간자격정보서비스 참고(동일 자격증 필기 및 실기 시험 포함 1회 신청 가능)
- 국가전문자격증(200여종) : 한국산업인력공단(Q-net) 국가자격 종목별 상세정보 참고",청년정책과,,상시,기타,,,"매월 1일 300명 선착순, 예산소진시 까지",광주청년통합플랫폼 온라인 신청,,https://youth.gwangju.go.kr,"1. 주민등록표초본(신청월 발급본, 주민등록번호 뒷자리 가리고 제출, 마지막장 까지 제출)
2. 건강보험자격득실확인서(신청일 발급본, 주민등록번호 뒷자리 가리고 제출)
3. 응시 사실 확인 증빙자료(응시확인서, 성적표 등 택 1)
4. 응시료 결제 영수증(신청자 본인이 부담한 비용, 결제금액 표기, ※ 실제 결제된 금액)
5. 통장사본(응시자 본인 명의)",,,,N,19,39,제한없음,무관,,"- 주민등록 : 시험 응시일 부터 신청일 까지 주민등록상 광주광역시에 거주 중인 자
- 연령 : 19세 ~ 39세(생년월일 기준 1985년 1월 2일 ~ 2006년 1월 1일)
- 기타 : 시험 응시일 기준 미취업자",,345,광주광역시,제한없음,미취업자,제한없음,,,제한없음
20250331005400210675,대출,청년창업 특례보증,"5년,1년,은행별",청년창업기업에 대한 특례보증과 이자지원으로 청년기업 자금력 문제 완화 및 청년 창업 활성화 도모,일자리,창업,"
○ 업체당 최대 50백만원
○ 상환방법
- 1년 일시상환(최대 5년 연장 가능)
- 5년 분할상환 (1년 거치 4년 원금균등분할)
○ 이자지원 : 3%(1년간)
○ 보증비율 : 100%
○ 보증료율 : 연 0.5%
○ 대출금리 : 은행별 변동금리(광주은행, 신한은행, 우리은행, NH농협은행, KB국민은행, IBK기업은행, KEB하나은행)

※ 자금 소진 시 신청종료",창업진흥과,,특정기간,기타,,,예산 소진 시 마감,"
○ 신청 및 접수(기업 → 광주신용보증재단)
- 광주신용보증재단 홈페이지에서 상담예약 후 내방하여 접수
- 재단 홈페이지 : www.gjsinbo.or.kr
- 재단 영업점
· 광산지점 062)950-0080
· 동구지점 062)958-1400
· 서구지점 062)958-1420
· 남구지점 062)958-1440
· 북구지점 062)958-1460
· 송정지점 062)958-1480","
○ 보증지원 결정절차(광주신용보증재단 → 기업)
- 재단의 보증심사 결과에 따라 지원액 결정
○ 보증지원 결정 통보기관
- 광주신용보증재단 (062-950-0034)",https://www.gjsinbo.or.kr,"① 신분증 1부
② 사업자등록증 1부
③ 사업장 임대차계약서 1부
④ 거주지 임대차계약서(임차 시) 1부
⑤ (법인 사업자 추가서류)
- 법인등기부등본
- 정관, 주주명부
- 법인인감증명서/법인인감도장
※ 구비서류 세부내역은 신용보증재단으로 문의
※ 심사과정에서 신청서류 外 추가서류가 필요할 수 있음",,,,N,19,39,제한없음,무관,,"광주광역시 소재 청년 창업기업* (* 만 39세 이하, 업력 7년 이내인 소기업·소상공인)

“2025년 광주광역시 소상공인 특례보증 지원사업” 대상 업체 제외",,389,광주광역시,제한없음,"자영업자, (예비)창업자",제한없음,20250312,20251231,제한없음
20250331005400210673,교육,청년문화예술기획자 양성학교 운영,"프로젝트,네트워크,제고하고",청년 문화기획자 양성을 통해 문화예술인의 창조활동을 제고하고 중진 문화기획자로 성장하도록 지원,복지문화,예술인지원,"❍ 수료 후 포스트 과정(프로젝트 참여, 네트워크 연결, 취업, 창업 지원 등)
❍ 지속적인 비빌 언덕(꿈을 함께 할 동료 x 아지트 공간 x 애프터케어)
❍ 프로젝트 실습비 지원(100만원 내외)
❍ 학교장/지도멘토진의 1:1 맞춤교육과 네트워크 형성
❍ 실무형 문화기획 전문학교 수료증 및 최우수 참여자 2명 시장상 수여 예정",문화정책관,,특정기간,특정기간,20250301,20251231,,제출서류 작성 후 이메일 접수 (culturehub@daum.net),"
❍ 1차 서류전형 합격자 발표 : 4월 1일(화) 예정 *청년문화허브 블로그 고지
❍ 2차 면접전형: 4월 1~2주 예정 ※개별 연락해 일정 조율
❍ 최종 합격자 발표: 4월 14일(월) 예정 ※최종 합격자 개별 연락
❍ 교육 시작 : 4월 22일(화) 예정

※ 4월 1~2째 주에 교육생 접수 현황에 따라 추가 모집이 진행될 수 있습니다. 추가 모집 진행 여부에 따라 합격자 발표일과 교육 시작이 1~2주 연기될 수 있습니다.",,"지원서, 자기소개서(필수)
포트폴리오, 관련 증빙서류 등(해당자만)",오픈카톡 [호랭이스쿨] 검색,,,N,19,39,제한없음,무관,,"▶ 실전 문화기획을 배우고 싶은 청년 (86년생~06년생)

​- 문화기획자 지망생 및 역량 강화 필요한 현직 기획자
- 기획 실무 능력이 필요한 예술인 등 창작자
- 문화예술 분야 전공 대학(원)생 및 창업자
- N잡러, 프리랜서로 문화활동 하고 싶은 분",,10,광주광역시,제한없음,제한없음,제한없음,20250313,20250331,제한없음
20250331005400210672,현금지급,청년자립준비지원사업 [해시태그 멘토링],"멘토링,실질적인,멘티는","자립기반이 취약한 청년들에게 실질적인 지원을 제공하고, 멘토와 멘티간의 상호 작용을 통해 청년들이 사회적·정서적으로 자립할 수 있도록 지원",복지문화,취약계층 및 금융지원,"❍ 멘토링
- (목적) 자립기반이 취약한 청년들에게 실질적인 지원을 제공하고, 멘토와 멘티간의 상호 작용을 통해 청년들이 사회적·정서적으로 자립할 수 있도록 지원
- (멘티) 자립을 준비하는 청년으로, 멘토로부터 제공받는 조언이나 지원, 정보를 바탕으로 자립적인 삶을 준비하는 사람
- (멘티 수당) 멘티는 멘토링 활동에 참여하는 보상으로, 1회 참석기준 15만원을 수당으로 지급받을 수 있음(월 4회 참석 시 60만원)

❍ 개별 프로젝트
- (목적) 멘토링 프로그램의 일환으로, 멘티의 자립과 역량강화를 위한 교육, 훈련, 활동 등 다양한 지원을 포함한 실질적인 프로그램이나 활동
- (지원내용) 직업훈련, 진로, 취업, 기타 자립, 응급 자립 지원 (자세한 사항은 공고문 참조 바랍니다.)
- (지원금) 멘티는 멘토링 활동 과정에서 1인당 최대 80만원 한도 내에서 지원금을 사용할 수 있음

❍ 공통 프로그램
- (목적) 역량강화, 직업교육, 경제적 자립을 위한 재정교육, 정서적지원을 위한 심리 프로그램 등 다양한 분야를 포함하여 자립적인 삶을 준비할 수 있도록 지원
- (지원내용) 자립생활과 관련된 금융, 법률, 주거, 생활기술 등 다양한 분야의 교육을 참여자의 희망과 필요에 맞춰 제공",청년정책과,,특정기간,특정기간,20250301,20251031,,광주청년센터 사업 담당자 전자우편접수 (접수처 : msj67@gjyouthcenter.kr),1차 서류심사 / 2차 면접심사 진행(개별연락 예정),,첨부된 공고문을 참조 바랍니다.,"- 자립준비청년: 「아동복지법」 제52조제1항제1호 및 제4호부터 제5호까지의 시설에서의 보호연장 또는 종료된 청(소)년

- 가족돌봄청년 : 고령·장애·정신 또는 신체의 질병 등의 사유로 도움이 필요한 가족에게 간호·간병, 일상생활 관리 또는 그 밖의 도움을 제공하는 등 돌봄대상가족을 돌보거나 사실상 생계를 책임지고 있으면서 중위소득 100% 이하인 청(소)년

- 한부모가족의 자녀 : 「한부모가족지원법」 제4조제3항에 해당하는 가정의 자녀이면서 중위소득63% 이하인 청(소)년

- 자립기반 취약청년 : 과거 「한부모가족지원법」 제4조제3항에 해당하는 가정으로 지원을 받은 이력이 있으면서 중위소득 63% 이하인 청(소)년, 복지수급자나 기초생활수급자로 경제적 어려움을 입증할 수 있는 경우 그 외 자립기반이 취약하다고판단되는 청(소)년",,,Y,19,39,제한없음,기타,공고문 참조,"광주광역시에 거주하는 19세 이상 39세 이하의 자립준비청년, 가족돌봄청년, 한부모가족의 자녀, 자립기반 취약청년",,81,광주광역시,제한없음,제한없음,제한없음,20250326,20250406,"한부모가정, 기타"
20250328005400210670,기타,서귀포시 취업준비 청년 자격증 등 응시료 지원사업 ,"응시료,자격증,취업준비",취업준비 청년들의 자격증 등 응시료 지원을 통해 청년 경제적 부담 경감 및 취업 역량 강화를 통한 경쟁력 제고 ,일자리,취업,"1인·1시험, 연 1회, 10만원 한도 내 자격증 및 어학시험 등 응시료 실비 지원",서귀포시,,특정기간,특정기간,20250210,20251231,,서귀포시청 홈페이지에서 신청접수,"홈페이지 시스템으로 처리대기, 처리중, 지급완료 진행상황 통지 및 신청월 기준 익월에 지원금 지급",https://www.seogwipo.go.kr/group/selfgoverning/planning/application/intro.htm,"주민등록초본
통장사본
응시확인서 또는 성적표
결제영수증
건강보험자격득실확인서
사실증명서",,,,Y,19,39,제한없음,무관,,"신청일 기준 서귀포시에 주민등록을 둔 자로서, 응시일 기준 미취업자이고 사업자등록된 사실이 없는 자",,60,제주 서귀포시,제한없음,미취업자,제한없음,20250210,20251215,제한없음
20250328005400210668,현금지급,미래두배 청년통장(대전),"유지,근로자,적립금과",ㅇ 근로자(임금근로자 및 사업근로자)가 월 15만원씩 2년간 저축하면 만기시 적립금과 동일 금액을  지원하는 사업,일자리,재직자,"ㅇ 지원대상: 중위소득 140% 이하의 근로자(임금근로자, 사업근로자)
   - 월 130시간 이상 근로자
ㅇ 지원조건: 대전광역시 거주, 근로 유지, 저축 유지(2년) 등
   - 2025년 12월 선정 2026년 1월 부터 저축시 만기금 지급시까지(2028년 1월)까지 조건 유지
ㅇ 지원내용
   - 월 15만원씩 2년간 저축하면 만기시 적립금과 동일 금액 지원
     (본인 저축액 : 360만원 + 시 지원금 360만원 = 720만원)",청년정책과,재단법인대전청년내일재단,특정기간,기타,,,선정된 년과 월로 부터 2년 2개월,ㅇ 온라인 신청 / 홈페이지 개편 중,"ㅇ 심사기간내 접수 → 선정기준으로 순위결정 → 순위내 1,500명 선발
ㅇ 선정기준: 현재 개편 중
ㅇ 발표: 홈페이지내 공고",,"온라인 작성
ㅇ 참여신청서
ㅇ 개인정보 수집 제공동의서
전자증명서 발급(네이버, 카카오톡 등에서 발급)
ㅇ 주민등록 초본(최근 5년)
ㅇ 주민등록 등본
ㅇ 건강보험료 자격득실확인서
ㅇ 건강보험료 자격 확인서
ㅇ 건강보험료 납부 확인서
ㅇ 사업자 등록증(사업근로자만 해당)
ㅇ고용보험 자격이력내역서(필요시)
직접발급
ㅇ 4대 사회보험 가입자 가입내역 확인서 / 4대보험 정보 연계 센터)
ㅇ 재직증명서(임금근로자만 해당, 사업장)
ㅇ 근로계약서 또는 위촉계약서(특수관계 근로자만 해당, 사업장)
ㅇ 소득 확인용 서류(특수관계 근로자 만 해당, 3개월분)
ㅇ 사업활동 증빙 서류(사업근로자만 해당, 3개월분 매출 자료)",,https://www.daejeonyouthportal.kr/,https://www.dhrdf.or.kr/html/kr/,N,18,39,제한없음,기타,중위소득 140% 이하,,,1508,대전광역시,제한없음,"재직자, 자영업자, 일용근로자, 기타",제한없음,99991231,99991231,제한없음
20250327005400210667,상담,경기도 청년 푸드창업 허브,"외식업,입점하여,허브",도내 청년(만 39세 이하) 대상 원-스톱 외식업 창업지원 프로그램 운영,일자리,창업,"  - 창업 기본교육 및 컨설팅, 메뉴개발 및 조리교육 등을 통합한 창업성공패키지
  - 브랜딩 및 디자인 지원, 개별 주방에 입점하여 실제 외식업 경영 실습기회 제공",경기도,재단법인경기도시장상권진흥원,상시,기타,,,상시(기수별 4개월/ 연간 3기수 운영),"기수별 모집 공고 및 신청 (기수별 4개월/ 연간 3기수 운영)
(예시)-11기 모집공고 https://ggbaro.kr/apply/biz-announce.do?bizId=2025-050-01&bizType=01",심사 및 선정 / 발표 = 경기도시장상권진흥원 홈페이지 공고,https://ggbaro.kr/web/index.do,"1.지원신청서
2.개인정보등 수집, 이용 동의서
3.창업계획서
4.총사업자 등록내역 사실증명
5.신분증 사본
6.주민등록표초본",,https://youth.gg.go.kr/gg/intro/youth-policy-job-test.do?mode=view&articleNo=7663&article.offset=0&articleLimit=10,,N,19,39,제한없음,무관,,,,700,경기도,제한없음,(예비)창업자,제한없음,,,제한없음
20250327005400210664,현금지급,경기청년 해외 취·창업 기회 확충 사업,"방문이력이,적성국,미국",해외 취·창업을 꿈꾸는 도내 미취업 청년에게 해외기업 현장체험 및 실무멘토링 기회 제공을 통한 취·창업 역량 향상,일자리,취업,"○ 지원내용 : 프로그램 운영비용, 숙박비, 식비, 항공비, 여행자보험, 비자발급비(필요지역)
 - 여권발급 비용은 지원 제외
 - 인도(오프라인 신청) 및 미국 관광비자(ESTA) 발급을 진행하며, 호주는 안면인식을 통한 비자 개인발급 필요, 그 외에는 별도의 비자발급 없이 무비자 또는 도착비자 입국으로 진행
 - 미국의 경우 2011년 3월 이후 적성국 방문이력이 있을 경우 미국 관광비자(B1/B2)를 인터뷰를 통해 개인이 발급하여야 함(비용 자부담)
 ※ 적성국 : 이란, 이라크, 수단, 시리아, 리비아, 예멘, 소말리아, 북한, 쿠바(2021년 1월 이후 방문이력이 있을 경우)
 - 식비는 프로그램 운영 일정(4주) 동안 국가 등급별 차등 지급",국제통상과,재단법인경기도경제과학진흥원,특정기간,특정기간,20250301,20251231,,"○ 신청기간 : 2025. 4. 14.(월) ~ 5. 2.(금) 18시
 ※ 신청기간 내 24시간 신청가능, 마감일은 18시까지
○ 신청방법 : 잡아바 어플라이(https://apply.jobaba.net) 온라인 신청","○ 선발기준 : 자기개발계획서 내용, 언어능력, 열정, 도전정신 등 발전가능성 고려
○ 선발단계 : 서류심사, 인적성검사, 면접심사
○ 선발절차
 - 서류평가(1차) + 인적성검사 : 총 400명 선발(상반기 200명/하반기 200명)
 - 면접심사(2차) : 총 200명 선발(상반기 100명/하반기 100명)
  ※ 예비인원 100명 별도
○ 합격자 발표
 - 서류전형 합격자 : 개별 메일통보
 - 최종 합격자 : 잡아바(https://www.jobaba.net) 또는 잡아바 어플라이(https://apply.jobaba.net)에서 확인",https://apply.jobaba.net,"① 참가신청서(온라인양식) ② 자기개발계획서(온라인양식) ③ 동의서 ④ 주민등록등본
⑤ 질병·병력 및 결격사유 부존재 확인서 ⑥ 개인정보 수집·활용 및 제공 동의서
⑦ 최종학력증명서, 졸업증명서 또는 재학증명서(국문) ⑧ 건강보험자격득실확인서(미취업상태 확인용) ⑨ 어학성적증명서(TOEIC, JPT 등)","우대서류  ※ 해당자에 한해 제출
① 출입국사실증명원(해외여행ㆍ연수 경험이 없는 청년) ② 보호종료확인증(자립준비청년(보호종료아동)) ③ 다문화가정을 알 수 있는 가족관계증명서(다문화가정 청년) 
④ 휴폐업사실증명원(창업 이후 휴‧폐업 이력이 있는 청년) ⑤ 기초생활수급자 증명서 
⑥ 차상위계층 확인서 ⑦ 한부모가족 증명서 ⑧ 장애인증명서",,,N,19,39,제한없음,무관,,"1. 비자 발급에 문제가 없고, 해외기업 체험(4주)에 참여 가능한 자
2. 발대식, 수료식, 사전교육 등 프로그램 전 일정에 참여 가능한 자
 ※ 정당한 사유없이 불참 시 미수료 처리 및 향후 유사 경기도 정책사업에 참여가 제한될 수 있으며, 중도하차 시 연수 프로그램비 전액 환수가 발생될 수 있음",2024년 경기청년 해외 취·창업 기회 확충사업 기 참여자(중도 포기자 포함),192,경기도,제한없음,미취업자,제한없음,20250414,20250502,제한없음
20250327005400210663,기타,스터디카페·독서실 이용료 지원,"독서실,결제한,이용료",신청일 현재 원주시에 1개월 이상 거주 중인 만18세에서 39세 청년 중 2025년도에스터디카페·독서실 이용료를 결제한 청년에게 지원,일자리,취업,"2025년에 결제한 관내 스터디카페·독서실 이용료 / 1인 연 1회 최대 100,000원(실비)",원주시,,특정기간,특정기간,20250203,20251128,,"❍ 신청기간: 2025. 2. 3.(월) 09:00 ~ 11. 28.(금) 18:00(예산 소진 시 마감)
             ※ 방문 접수 시 평일 09:00~18:00 근무시간에 접수, 점심시간(12:00~13:00) 접수 제외
❍ 신청방법
   - 방  문: 원주시청 복지정책과 청년정책팀
   - 온라인: 원주시 청년지원센터 홈페이지 > 프로그램 신청",,https://www.wonju.go.kr/wjyouth/viewTnWjyouthProgrmU.do?progrmNo=29&key=5942," 가. 주민등록초본(주소변동사항 포함) 1부
 나. 신청서 1부 [붙임 1]
 다. 개인정보 수집 및 이용 동의서 1부 [붙임 2]
 라. 지원 대상 증명 서류 택1 1부
 마. 건강보험자격득실 확인서 1부
 바. 사업자등록사실여부 증명서 1부
 사. 스터디카페·독서실 비용 증빙서류(본인 결제 영수증, 본인 이용 내역 등) 1부
 아. 본인 명의 통장사본 1부",,,,Y,18,39,제한없음,무관,,"신청일 현재 원주시에 1개월 이상 거주 중인 만18~39세 청년 중 대학교 3학년 마친 휴학생, 대학교 4학년 재학생, 일반 청년 중 취업 준비 중인 청년","고등학생, 대학 재학생 및 휴학생(1~3학년), 직장인, 사업자",133,강원특별자치도 원주시,제한없음,미취업자,"고교 졸업, 대졸 예정, 대학 졸업",20250203,20251128,제한없음
20250327005400210660,기타,청년 취업 면접정장 지원,"면접정장,세트,원주시에",신청일 현재 원주시에 1개월 이상 거주 중인 만18세에서 39세 청년 중 면접 일정이 잡힌 청년에게 면접정장 무료 대여,일자리,취업,"면접정장 세트 무료대여 지원(3박 4일간, 택배 수령·반납 포함)
/ 1인 연 최대 3회",원주시,,특정기간,특정기간,20250203,20251128,,"❍ 신청기간: 2025. 2. 3.(월) 09:00~11. 28.(금) 18:00(예산 소진 시 마감)
             ※ 방문 접수 시 평일 09:00~18:00 근무시간에 접수, 점심시간(12:00~13:00) 접수 제외
❍ 신청방법
   - 방문: 원주시청 복지정책과 청년정책팀
   - 온라인: 원주시 청년지원센터 홈페이지 > 프로그램 신청
❍ 지원절차: 면접 7~15일전 신청, 쿠폰번호 수령 후 면접 정장 대여 신청",,https://www.wonju.go.kr/wjyouth/viewTnWjyouthProgrmU.do?progrmNo=33&key=5942," 가. 주민등록초본(주소변동사항 포함) 1부  *신청일 기준 1개월 내 발급분만 인정
 나. 신청서 1부 [붙임 1]
 다. 개인정보 수집 및 이용 동의서 1부 [붙임 2]
 라. 면접 일정 등 세부 내용이 확인되는 증빙서류
     (면접공고, 1차 시험 합격 서류, 접수증 등)",,,,Y,18,39,제한없음,무관,,,,37,강원특별자치도 원주시,제한없음,제한없음,제한없음,20250203,20251128,제한없음
20250327005400210659,교육,AI면접 및 역량검사 체험 지원,"자료,체험,이용",청년 취업 역량 강화 지원,"일자리, 교육","취업,미래역량강화","- AI면접 및 역량검사 체험 이용
- 개인별 결과 분석 및 녹화영상 제공, 면접 학습지원
- AI 이용 자기소개서 작성 ‧ 첨삭
- NCS 자료 및 대기업 인적성검사 자료 제공",원주시,,특정기간,특정기간,20250304,20251231,,"❍ 신청방법
   - 방  문: 원주시청 2층, 복지정책과 청년정책팀
             ※평일 09:00~18:00, 점심시간(12:00~13:00) 제외
   - 온라인: 원주시 청년지원센터 홈페이지 접속 → 프로그램 신청
❍ 제출서류: 신청서 1부, 개인정보 수집 · 이용 동의서 1부, 주민등록초본 1부
   - 주민등록초본: 주민등록번호 뒷자리 및 주소변동사항 미포함, 신청일 기준 1개월 이내 발급분
❍ 이용기간: 이용권 수령일~2025. 12. 31.까지
   - 문자 통보 즉시 이용 가능
❍ 이용권 제공 시기
   - 월~금요일 16시 이전 신청 시: 신청 당일 문자 전송
   - 토, 일요일 및 공휴일 신청 시: 다음 근무일에 문자 전송",,https://www.wonju.go.kr/wjyouth/viewTnWjyouthProgrmU.do?progrmNo=35&key=5942,"신청서 1부, 개인정보 수집 · 이용 동의서 1부, 주민등록초본 1부
  - 주민등록초본: 주민등록번호 뒷자리 및 주소변동사항 미포함, 신청일 기준 1개월 이내 발급분",,,,Y,18,39,제한없음,무관,,,,36,강원특별자치도 원주시,제한없음,제한없음,제한없음,20250304,20251231,제한없음
20250327005400210658,현금지급,청년 동아리 활동비 지원(상반기),"활동비,내역,정착할","청년들의 성장을 지원하고, 청년들이 지역에 소속감을 갖고 정착할 수 있는 기반 마련",복지문화,문화활동,"활동 내역 제출에 따른 활동비* 지급
*월100,000원×3개월",원주시,,특정기간,특정기간,20250304,20250328,,"❍ 접수기간: 2025. 3. 4.(화) 09:00 ∼ 3. 28.(금) 18:00
❍ 접수방법: 방문, 우편, 이메일
  - 방  문: 원주시청 2층 복지정책과 청년정책팀 (☎033-737-2308)
    ※ 평일 09:00~18:00 / 점심시간(12:00~13:00) 제외
  - 우  편: 강원도 원주시 시청로 1, 원주시청 복지정책과 청년정책팀
    ※ '25. 3. 28.(금) 18:00 도착분까지 인정
  - 이메일: psy1593@korea.kr
    ※ '25. 3. 28.(금) 18:00 도착분까지 인정","❍ 선발방법: 추첨(공정추첨 프로그램 이용)
   - 추첨일: 2025. 4. 2.(수)
❍ 선발인원: 4팀
❍ 결과발표: '25. 4. 3.(목) 원주시청 홈페이지 결과 공고 및 선발자 개별 통보",https://www.wonju.go.kr/wjyouth/viewTnWjyouthProgrmU.do?progrmNo=36&key=5942," 가. 지원사업 신청서 1부 <서식 1>
 나. 회원명단 및 개인정보 수집·이용·제공 동의서 1부 <서식 2>
 다. 주민등록초본(※원주에 주소를 둔 자)",,,,N,18,39,제한없음,무관,,"  - 18세~39세 청년으로 구성된 동아리
  - 등록 인원 최소 5인, 등록된 인원의 과반이 원주시에 주민등록을 둘 것
  - 월 1회 이상 활동이 가능한 동아리",  - 종교·영리·정치적 목적을 위해 구성된 동아리가 아닐 것,9,강원특별자치도 원주시,제한없음,제한없음,제한없음,20250304,20250328,제한없음
20250327005400210656,교육,청년 우울증 치료비 지원,"치료비,본인일부부담금,400","취업 스트레스, 사회적 고립 등으로 마음의 병을 앓고 있는 청년들에게 치유의 기회 제공",복지문화,건강,"- 관내 정신건강의학과 전문의에 의한 치료비, 약제비에 소요되는 외래 본인일부부담금(외래비)
- 1인 1년 최대 400,000원 / 실비지원, 최대 2년차까지 지원",원주시,,특정기간,특정기간,20250203,20250228,,"❍ 접수기간: 2025. 2. 3.(월) 09:00 ∼ 2. 28.(금) 18:00
❍ 접수방법
  - 이메일(psy1593@korea.kr) ※ 2. 28.(금) 18:00 도착분까지 접수 가능
  ※ 제출서류의 허위기재, 기재사항 착오 및 누락, 연락 불능 등으로 인한 불이익은 지원자의 책임으로 함",,https://www.wonju.go.kr/wjyouth/selectBbsNttView.do?key=5882&bbsNo=1190&nttNo=453294&searchCtgry=&searchCnd=SJ&searchKrwd=%EC%9A%B0%EC%9A%B8%EC%A6%9D&pageIndex=1&integrDeptCode=,"❍ 지원 시: 해당 서류(가~마) 모두 제출한 경우에만 접수 가능
 가. 우울증 치료비 지원 신청서 1부(서식 1)
 나. 개인정보 수집·이용·제공 동의서 1부(서식 2)
 다. 지원 신청 서약서 1부 (서식 3)
 라. 주민등록초본 1부             *공고일 이후 발급분(주소변동사항 포함)만 인정
 마. 최초 진단 연도 및 진단 받은 질병코드를 확인할 수 있는 진료기록 사본 또는   정신건강의학과 전문의 소견서  1부               *공고일 이후 발급분만 인정

❍ 선정 후(치료비 신청 시)
 가. 우울증 치료비 지급 신청서 1부
 나. 진료비 계산서·영수증
 다. 주민등록초본 1부           *지원금 신청기간 내 발급분(주소변동사항 포함)만 인정
 라. 본인 명의 통장 사본",,,,N,18,39,제한없음,무관,," ❍ 신청일 현재 원주시에 주소를 둔 18세∼39세 청년 중
 ❍ 우울증 치료를 위해 관내 병원에서 진료를 받고 있는 자
    ※ 질병코드 F30~39, F40~48로 최초 진단받은 후 5년 이내인 경우",,40,강원특별자치도 원주시,제한없음,제한없음,제한없음,20250203,20250228,제한없음
20250326005400210655,상담,청년 창업자 역량강화 컨설팅 지원,"경영컨설팅을,환경과,지리적","관내 청년창업자들이 1대1 경영컨설팅을 통해 접경지역의 불리한 지리적 환경과 자원활용의 한계성을 극복하고, 청년들의 지역정착 정주여건 마련",일자리,창업,"컨설팅 수행기관과 관내 청년창업자들이 1대1 경영컨설팅을 통해 접경지역의 불리한 지리적 환경과 자원활용의 한계성을 극복하고, 청년들의 지역정착 정주여건 마련",고성군,고성군,특정기간,특정기간,20250501,20250630,,"고성 평생살기, 청년 창업지원 사업 선정 청년 창업자에 대한 경영컨설팅 지원으로 별도 신청절차 없음.",,,,,,,N,19,39,제한없음,무관,,"고성 평생살기, 청년 창업지원 사업 선정 청년 창업자에 대한 경영컨설팅 지원으로 별도 신청자격 요건 없음.",,10,강원특별자치도 고성군,제한없음,(예비)창업자,제한없음,20250110,20250131,제한없음
20250325005400210653,정보제공,대전산업단지 2030 일자리 육성 프로젝트,"대전산업단지,정보통신산업,지식산업","지식산업, 정보통신산업 및 특화산업 관련 대전산업단지 입주기업에 청년 취업을 연계하여 신규 고용창출 및 기업 경쟁력 강화에 목적을 둠.",일자리,취업,"만 39세 이하 대전지역 미취업 청년을 채용한 대전산업단지 입주기업(지식산업, 정보통신산업, 특화산업 분야)에 신규채용인력 1인당 2,400만원 기준으로 90%까지의 인건비와 정규직 유지 시 인센티브 1,000만원 지원",지역청년정책과,,마감,기타,,,채용시기 등 상이하여 사업(종료)기간이 인원 별로 상이함,,,,,,,,N,18,39,제한없음,무관,,,,49,대전광역시,"인문계열, 사회계열, 상경계열, 이학계열, 공학계열, 예체능계열, 농산업계열, 기타",미취업자,제한없음,,,중소기업
20250325005400210652,채용,우수기업 청년채용 지원사업,"유망중소기업,좋은일터,채용한","유망중소기업, 좋은일터 인증기업 등 우수 지역기업에 청년취업을 연계하여 청년일자리 창출 및 중소.중견기업 경쟁력 강화를 목적으로 함",일자리,취업,"만39세 이하 대전지역 미취업 청년을 채용한, 유망중소기업, 좋은일터 인증기업 등 일정 규모의 중소기업을 대상으로 신규 채용 인력 1인당 연 2,400만원 기준으로 90%의 인건비 및 정규직 2년 유지 시 인센티브 1,000만원을 지원",지역청년정책과,,마감,기타,,,채용시기 등 상이하여 사업(종료)기간이 인원 별로 상이함,,,,,,,,N,18,39,제한없음,무관,,,,12,대전광역시,"인문계열, 사회계열, 상경계열, 이학계열, 공학계열, 예체능계열, 농산업계열, 기타",미취업자,제한없음,,,중소기업
20250321005400110645,채용,해양경찰청 청년인턴 채용,"청년인턴,해양경찰청,채용","ㅇ 청년의 일경험 기회를 확대하고, 정책과정 경험 및 참여를 통해 청년의 다양한 시각을 반영하기 위한 2025년 해양경찰청 청년인턴 채용",일자리,취업,"ㅇ 분야별 청년인턴 40명 선발
 - 채용분야(선발인원) : 행정홍보·전산통계(36), 외국어(3), 식품영양(1)

ㅇ 근무조건
 - (신      분) 청년인턴(공무원의 사무를 보조하는, 공무원이 아닌 근로자)
 - (계약기간) 채용일로부터 3개월
 - (근무시간) 주 5일, 40시간
 - (후생복지) 건강보험, 고용보험, 산재보험, 국민연금 가입",해양경찰청,해양경찰청,특정기간,기타,,,채용일로부터 3개월,"ㅇ 응시원서 제출
 - (접수기관) 해양경찰청
 - (일반전화) 032-835-2416
 - ( 이 메 일) hulyzya@korea.kr
※ 제출서류 및 주의사항 등 채용 공고문 참조","ㅇ 시험공고 : 2025. 3. 20.(목) ~ 3. 31.(월)
ㅇ 원서접수 : 2025. 3. 20.(목) ~ 3. 31.(월) 18:00
ㅇ 서류전형 합격자 발표 및 면접시험 장소 공고: 2025. 4. 10.(목) <예정>
ㅇ 면접시험 : 2025. 4. 17.(목) ~ 4. 18.(금) <예정>
  ※ 면접 시간 및 장소 등은 서류전형 합격자 공고 시 발표 및 개별통보 예정
ㅇ 최종 합격자 발표: 2025. 4. 28.(월) 예정",,ㅇ 채용공고문 참조,,https://www.kcg.go.kr/kcg/na/ntt/selectNttInfo.do?nttSn=59846&mi=2797,,N,19,34,제한없음,무관,,"ㅇ 응시자격 요건
 - 대한민국 국적 소지자
 - 최종시험(면접시험) 예정일 기준 청년기본법상 청년(19세~34세)의 연령에 해당하는 사람","ㅇ 응시제한
 - 2023년 ~ 2024년 중앙행정기관(타부처 포함) 청년인턴 2회 이상 참여자
 - 응시자는 응시 제한요건 확인을 위한 고용보험 자격이력 내역서 제출
 ※ 기타 응시제한 사유는 모집공고문 참조",118,전국,제한없음,제한없음,제한없음,20250320,20250331,제한없음
20250319005400210644,기타,2025 북구 청년 창업자 임대료 지원사업,"임대료,창업자,북구",2025 북구 청년 창업자 임대료 지원사업,일자리,창업,"사업장 임대료 월 20만원 지원 (최대 4개월, 총 80만원) / 30명",청년미래정책관,,특정기간,특정기간,20250301,20250730,,,,,,,,,N,19,39,제한없음,무관,,,,19,광주 북구,제한없음,"자영업자, (예비)창업자",제한없음,20250310,20250321,제한없음
20250317005400210642,현금지급,청년예술지원사업,"발표,작품,발표공간"," ㅇ 경력이 부족한 청년예술인의 지원 확대를 통해 안전한 예술창작 활동 기반 마련
 ㅇ 청년계층 지원 신설을 통해 경력단계별 예술 창작활동 활성화 도모 ",복지문화,예술인지원," ㅇ 데뷔 경험이 없는 청년예술인 대상 첫 작품 발표 지원
 ㅇ 창작지원금 외 작품 개발 및 상호 교류를 위한 간접지원 제공
 ㅇ 지원규모 : 최대 1천만원 창작지원금(직접지원) 및 역량강화 프로그램, 멘토링, 네트워킹, 발표공간 등(간접지원)

[지원금]
최대 1,000만원 이내
지원금 사용가능 항목 : 사례비(본인 사례비의 경우 지원금 내 20% 이하), 홍보비, 제작비, 재료비, 발간비, 대관료, 임차료, 공공요금 및 제세, 용역비, 회계검증수수료

[작품개발]
멘토링 : 예술계 전문가와 1:1 멘토링 진행 2회(필수)
성과공유회 : 작품 제작부터 최종 발표 과정 공유 및 다양한 피드백 진행
(발표시기별 진행시기 상이 / 예술계 전문가, 심의위원, 멘토, 일반관객 등 참여)(필수)

[교육ㆍ네트워킹]
교육 : 역량강화 특강, 워크숍 등 동시대 창작이슈 및 현장실무 관련 교육프로그램 운영
네트워킹 : 청년예술청 운영 사업과 연계한 선정자 및 청년예술인 네트워킹 프로그램

[통합홍보]
2025년 서울문화재단 청년예술지원사업 선정작품 온라인홍보(홈페이지,SNS), 사진촬영, 리뷰 등

[발표 공간(희망 시)]
장소 : 청년예술청 그레이룸(공연형) 또는 화이트룸(전시형) 발표공간 지원 가능
기간 : 25년 6월 ~7월, 9월 ~11월
※ 희망 신청자에 한하여 공간지원 여부 동시 발표 예정

지원내용은 매년 변경되오니 자세한 내용은 공지사항을 확인하시기 바랍니다.",서울문화재단,,특정기간,특정기간,20250101,20251231,,,,https://www.scas.kr/biz/list,,"□ 사업내용
 ㅇ 사업근거
   - 대통령 공약사항 ‘청년 문화예술인 창작지원금 등 지원사업 확대’
   - 서울시장 공약사항 ‘약자와의 동행’
   - 서울특별시 청년 예술인 육성 및 지원 조례
   - 서울문화재단 ‘3대 전략, 10대 혁신안’ 中 “그물망 예술지원체계 수립”
 ㅇ 추진 경과
   - 서울문화재단 예술지원사업 통합 브랜딩(“경력단계별 예술인 및 단체의 창작발표 지원”) 목표에 따라 2023년 신진 트랙 신설을 통한 서울형 예술지원체계 발전을 도모
   - 청년예술인의 창작활동을 위한 세분화된 지원설계(직/간접지원)를 통해 해당 경력단계(첫 작품발표 및 미 데뷔) 예술인의 필요를 반영한 지원계획 수립
   - 현장 의견 수렴을 통해 지속적인 사업보완을 통한 추진 예정
 ㅇ 사업비 : 700백만원",https://www.sfac.or.kr/site/SFAC_KOR/12/11202070300002024093004.jsp,,N,19,39,제한없음,무관,,"서울에서 청년예술지원사업을 통해 ‘데뷔 첫 작품 발표’를 진행하고자하는 39세 이하 청년예술인(단체)
- ‘데뷔 및 첫 작품 발표’ 기준 : 예술인으로서 대중에게 공개적으로 발표한 활동을 의미함(연출, 기획, 안무 / 개인전 개최 등)
- 작품발표 : 서울에서 오프라인(실내/실외 모두 가능)으로 진행되어야 하며, 공개적으로 이루어져야 함",,266,서울특별시,제한없음,제한없음,제한없음,20250101,20250331,기타
20250317005400210641,교육,청년예술청 운영,"청년예술인,주요대상,운영목적",ㅇ 청년예술인의 예술생태계 안착 지원 및 창작·교육·교류 활성화를 위한 ‘청년예술인 종합지원 플랫폼’ 운영,복지문화,예술인지원,"  1) 청년예술인 창업지원 프로그램 운영
   - 운영목적: 청년예술인의 新산업 콘텐츠 발굴 및 청년예술인 자생력 제고
   - 주요대상: 예술창업에 관심이 있는 청년예술인 및 기획자 
   - 주요내용: 청년예술인 창업 기초부터 준비, 실행까지 단계별 지원
  2) 청년예술인 커뮤니티 사업 운영
   - 운영목적: 청년예술인들의 능동적 상호작용을 통한 협업 촉진 및 교류 기회 확대
   - 주요대상: 청년예술인 누구나(제한없음)
   - 추진내용: 청년예술 현장 이슈별 기획·발표형 프로젝트 운영
  3) 공간 및 대관 운영
   - 운영목적: 청년예술인을 위한 자유로운 창작 활동 기반 제공
   - 위치: 서울시 서대문구 경기대로 26-26(충정로 역세권 청년주택 B2)
   - 규모: 연면적 1,877㎡, 총 6개소(연습실,회의실,미디어실,다목적홀,전시실,공유오피스)
   - 주요대상: 청년예술인(제한없음)
   - 대관운영: 재단 통합시스템을 통한 월별·분기별 대관 운영
",서울문화재단,,상시,특정기간,20250101,20251231,,,,,,"□ 사업 내용 
ㅇ (사업 근거)
   - 서울시문화예술과-2919(2016.10.19.)호 “서울예술인플랜” 中 지속가능한 예술환경 ‘예술청 조성’ 추진
   - 서울문화재단 대표이사방침 제353(2019.09.25.)호 “서울형 예술교육: 미래일자리 문화실험실 아카데미 기본계획(안) 충정로 청년예술청 조성사업)”
 ㅇ (추진 경과)
   - 2016.12월 충정로 청년주택 공공기여시설 청년예술청 조성 협의
   - 2017.01월~11월 청년예술청 조성 관련 전문가 자문회의 (2회)
   - 2017.03월/06월 충정로3가 기업형임대주택 사업계획 승인/착공신고
   - 2020.01월 청년예술청 기부채납 (등기 기준)
   - 2020.03월 공유재산심의회 심의 (공유재산 사용허가 ‘적정’ 통보)
   - 2020.08.21. 개관 (코로나19로 개관프로젝트는 10월로 연기하여 진행)
   - 2020.10.14.~17. 개관 프로젝트 진행 
   - 2020.12.05.~2021.1.25 코로나19에 따른 1차 운영중단
   - 2021.10.01.~2021.10.14. 코로나19에 따른 2차 운영중단
   - 2021.10.15.~현재 공간 운영
 ㅇ (사업 기간) 2025년 1~12월
 ㅇ (사업 대상)  나이·경력·장르 등 행정 및 정책이 규정하는 기준이나 경계를 벗어나, 유연한 태도로 새로움을 추구하는 청년예술인
   - (연령 기준) 39세 이하 청년예술인 중심
 ㅇ (사업비)  900백만원",https://www.sapy.kr/MAIN,,N,19,39,제한없음,무관,,"나이·경력·장르 등 행정 및 정책이 규정하는 기준이나 경계를 벗어나, 유연한 태도로 새로움을 추구하는 청년예술인",,837,서울특별시,제한없음,제한없음,제한없음,,,기타
20250316005400210639,시설제공,청년인생설계학교 운영,"청년인생설계학교,운영,여름","ㅇ 인생전환기 청년들에게 주체적인 인생설계 기회 제공
ㅇ 자기이해 및 진로탐색 프로그램을 제공하여 자존감 회복 및 자립역량 강화",교육,미래역량강화," ㅇ (사업 근거)
   -「청년기본법」제19조(청년 능력개발 지원)
   -「서울특별시 청년 기본 조례」제11조(청년의 능력 등의 개발)
 ㅇ (추진 경과)
   - 2017년 서울청년의회’ 개최 및 갭이어 정책 제안(’17. 7. 23.)
   - 2018년 청년인생설계학교 시범 사업 운영(’18. 8. ~ 11.)
   - 2019년 청년인생설계학교 여름·가을학기 운영(’19. 7. ~ 11.)
   - 2020년 청년인생설계학교 여름·가을학기 운영(’20. 7. ~ 11.)
   - 2021년 청년인생설계학교 여름·가을학기 운영(’21. 6. ~ 11.)
   - 2022년 청년인생설계학교 운영(’22. 8. ~ 12.)
     ∙ 사업 추진방식 전면 개편(프로그램 전문성 향상, 시공간적 접근성 강화 등)
     ∙ 서울시에서 생활하는 만19~39세 청년 3,763명 중 1,000명 선정
   - 2023년 청년인생설계학교 운영(’23. 5. ~ 12.)
     ∙ 서울시에서 생활하는 만19~39세 청년 4,130명 중 1,057명 선정
     ∙ ’2023 청년자율예산’을 통한 대학 비진학청년 특화 코스 도입
   - 2024년 청년인생설계학교 운영(’24. 5. ~ 12.)
     ∙ 서울시 거주 만 19~39세 청년 2,579명 중 1,026명 선정 
      ∙ 참여 만족도 4.6점/5점, 사전-사후 지표 평균 17% 상승 (3.50→4.10점)
 ㅇ (사업 기간) ’18년~
 ㅇ (사업 대상) 서울시 거주 청년  
   - (연령 기준) 19~39세
   - (소득 기준) 무관
   - (기타 조건) 국민기초생활수급권자, 차상위계층, 기준중위소득 100% 이하 가구 등 취약 청년 우선선정(반 별 정원 50%이내)  
 ㅇ (사업 내용) 진로모색 단계 및 고민유형별 맞춤형 프로그램 운영
   - 자기 진단도구 및 전문 강사가 진행하는 다회차 그룹 코칭 제공
   - 참여자 대상 다각적 소통 프로그램 진행, 대상자 특화코스 운영
 ㅇ (사업비) 1,170백만원",청년정책담당관,,특정기간,특정기간,20250101,20251231,,,,,,,,,N,19,39,제한없음,무관,,"국민기초생활수급권자, 차상위계층, 기준중위소득 100% 이하 가구 등 취약 청년 우선선정(반 별 정원 50%이내)",,54,서울특별시,제한없음,제한없음,제한없음,20250401,20251130,기타
20250316005400210633,현금지급,청년안심주택 공급활성화(임차보증금 무이자지원),"청년안심주택,신혼부부,사업",ㅇ 높은 주거비 부담 등에 시달리는 청년․신혼부부의 안정적인 주거환경 확보를 위해 청년안심주택 입주자에 대하여 주거비를 지원,주거,주택 및 거주지," ㅇ (사업 근거)
   - 「서울시 보증금지원형 장기안심주택 업무처리 지침」
 ㅇ (추진 경과)
   - ‘16.03.25.  역세권 청년주택 공급계획 수립
   - ‘19.11.26.  청년·신혼부부 주거비 지원계획 수립
   - `19.12.09   역세권 청년주택 혁신방안
 ㅇ (사업 기간)
   - 2021년 1월 ~ 
 ㅇ (사업 대상)
   - 지원대상 : 청년안심주택, 민간임대주택 입주(예정)자
   - 연령기준 : 19~39세
   - 소득 : 전년도 도시근로자 가구당 월평균소득의 100%(신혼부부 120%) 이하
   - 자산 : 청년 2억 7,300만원 이하 / 신혼부부 3억 4,500만원 이하
 ㅇ (사업 내용)
    - 임차보증금 무이자 지원
      · 1억원 초과시 보증금의 30%, 1억 이하는 보증금의 50%
      · 최대 지원금액 청년 4,500만원 / 신혼부부 6,000만원
 ㅇ (사업 주체)
   - 서울시, SH공사
 ㅇ (사업 추진절차)
   - 신청인이 임대차 계약 체결 후 약정서 작성 및 구비서류 제출
   - 소득심사 등을 거쳐 확정시 지원금액 지급하고 보증보험 가입",건축기획관,,상시,특정기간,20250101,20251231,,,,,,,,,N,19,39,제한없음,기타,전년도 도시근로자 가구당 월평균소득의 100%(신혼부부 120%) 이하,,,3976,서울특별시,제한없음,제한없음,제한없음,,,제한없음
20250316005400210632,프로그램,청년안심주택 공급(매입),"청년안심주택,역세권,운영기준",ㅇ 역세권(간선도로변)의 민간소유 토지를 체계적으로 개발(민간 주도+공공 지원)하여 쾌적하고 저렴한 주택을 공급함으로써 청년층의 주거안정을 도모하고 지역경제를 활성화하고자 함.,주거,주택 및 거주지," ㅇ (사업 근거)
   - 「민간임대주택에 관한 특별법」
   - 「서울특별시 청년안심주택 공급 지원에 관한 조례」
 ㅇ (추진 경과)
   - ’16.03.25.  역세권 청년주택 공급계획 수립
   - ‘16.07.14. 「역세권 청년주택 공급 지원에 관한 조례」제정·시행
   - ‘16.08.22. 「역세권 청년주택 건립 및 운영기준」수립·시행
   - ‘19.11.26.  청년·신혼부부 주거비 지원계획 수립
   - `21.09.29. 「역세권 청년주택 건립 및 운영기준」개정(10차)
   - ’23.03.06.  역세권청년주택 혁신을 통한 ‘청년안심주택 추진방안’ 수립
   - ’23.05.22. 「청년안심주택 공급 지원에 관한 조례」개정
   - ’23.07, ’24.08. 「청년안심주택 건립 및 운영기준」개정(11차, 12차)
   - ’24.12.27. 「서울특별시 모두의 안심주택 건립 및 운영기준」제정
 ㅇ (사업 기간)
   - 2016년 7월 ~ 2025년 12월
 ㅇ (사업 대상) 
   - 지원대상 : 청년 및 신혼부부
   - 연령기준 : 19~39세
   - 소득기준 : 도시근로자 월평균소득 100% ~120% 이하
  ㅇ (사업 내용)  
   - 역세권(간선도로변)에 민간이 임대주택을 건설하게 하고 일부를 청년안심주택(공공임대)으로 매입하여 청년ㆍ신혼부부에게 공급하는 사업
 ㅇ (사업비)  79,662백만원 (국비 66,350 / 시비 13,312)",건축기획관,,상시,특정기간,20250101,20251231,,,,,,,,,N,19,39,제한없음,기타,도시근로자 월평균소득 100% ~120% 이하,,,485,서울특별시,제한없음,제한없음,제한없음,,,제한없음
20250316005400210631,기타,청년 부동산 중개보수 및 이사비 지원사업,"중개보수,이사비,부담이",주거비 부담이 높은 서울 청년의 주거 안전망 강화 추진,주거,전월세 및 주거급여 지원,"최대 40만원 실비 지원(중개보수, 이사비) ※ 생애 1회
",청년사업담당관,,특정기간,특정기간,20250101,20251231,,,,,,"□ 사업내용
 ㅇ (사업 근거)
   - 청년기본법 제20조(청년의 주거지원)
   - 서울특별시 청년 기본 조례 제13조(청년의 주거안정 등)
   - 서울특별시 청년주거 기본 조례 제7조(청년주거사업)
 ㅇ (추진 경과)
   - ’21.5. ~ 6.    市 청년시민회의 주거분과 정책 제안 및 숙의
   - ’22.5.24.      보건복지부 사회보장위원회 제도 신설 협의 완료
   - ’22.7.8.        ’22년 청년 이사비 지원사업 추진계획
   - ’23.4.14.       ’23년 청년 부동산 중개보수 및 이사비 지원 추진계획
   - ’24.1.29.       ’24년 청년 부동산 중개보수 및 이사비 지원 추진계획
 ㅇ (사업 기간)
   - `22년~
 ㅇ (사업 대상) 
   - (지원 대상) 서울로 전입 또는 서울 내에서 이사한 19~39세 청년가구
   - (지원 기준) 중위소득 150% 이하, 거래금액 2억원 이하 무주택 임차가구
 ㅇ (사업비)
   - 3,410백만원",,,N,19,39,제한없음,기타,"중위소득 15% 이하, 거래금액 2억원 이하 무주택 임차가구",,,1063,서울특별시,제한없음,제한없음,제한없음,20250401,20250430,제한없음
20250316005400210629,보증,청년 월세 지원,"월세,사업,청년","ㅇ 사회에 갓 진입한 청년층의 주거비 부담 완화를 통한 청년 주거 수준 향상으로 사회 진입을 돕고 내 집 마련, 결혼, 출산, 양육 등 생애 다음 단계로의 성장 지원",주거,전월세 및 주거급여 지원,"ㅇ (사업 근거)
   -「주거기본법」제15조(주거비 보조), 「청년기본법」제20조(청년 주거지원)
   -「서울특별시 청년주거 기본 조례」제7조(청년주거사업),「서울특별시 청년 기본 조례」제13조(청년의 주거안정 등)
 ㅇ (추진 경과)
   - 청년자율예산제에 따른 청년층 신규사업으로 요구(’19.9.)
   - ’20년도「청년 월세 지원」사업 모집(’20.6.)
   - ’21년도「청년 월세 지원」사업 모집(’21.3./’21.7.)
   - ’22년도「청년 월세 지원」사업 모집(’22.6.)
   - ’23년도「청년 월세 지원」사업 모집(’23.5./’23.9.)
   - ’24년도「청년 월세 지원」사업 모집(’24.4.)
 ㅇ (사업 기간) ’25.1.1.~’25.12.31.(연례반복)
 ㅇ (사업 대상) 서울시 월세 거주 무주택 청년 1인 가구
   - (연령 기준) 19~39세
   - (소득 기준) 건강보험료 납입 기준 중위소득 150% 이하
   - (재산 기준) 일반재산 1억 3천만원 이하, 자동차 2,500만원 미만
   - (기타 조건) 임차보증금 8천만원 이하 및 월세 60만원 이하 
 ㅇ (사업 내용) 월 임차료 지원(20만원×12개월)   ※ 생애 1회 
 ㅇ (사 업 비) 45,817백만원",주택정책관,,특정기간,특정기간,20250101,20251231,,,,,,,,,N,19,39,미혼,기타,건강보험료 납입 기준 중위소득 150% 이하,,,1091,서울특별시,제한없음,제한없음,제한없음,20250701,20250831,제한없음
20250316005400210628,현금지급,신혼부부 청년 임차보증금 지원사업,"확대,이자지원,지원금리",신혼부부 · 청년의 주거안정을 위한 주거비 부담 완화,주거,전월세 및 주거급여 지원,"ㅇ 추진근거
   - 서울특별시 주거기본조례 제7조
   - 서울특별시 출산 및 양육지원에 관한 조례 제4조
   - 서울특별시 청년주거 기본 조례 제7조
 ㅇ 추진경과
   - 2017.01.   청년 임차보증금 이자지원 사업 시행 
   - 2018.05.   신혼부부 임차보증금 이자지원 사업 시행
   - 2020.01.   1차 금융지원 확대(소득기준, 지원금리 확대)
   - 2023.05.   2차 금융지원 확대(대출한도 확대, 추가 지원금리 신설 등) 
   - 2024.07.   3차 금융지원 확대(소득기준, 지원금리 확대 등)
 ㅇ 사업 내용
   - 신혼부부 보증금 이자지원
   - 청년 보증금 이자지원
 ㅇ 사업비 : 90,071백만원",주택정책관,,특정기간,특정기간,20250101,20251231,,,,,,,,,N,19,39,제한없음,연소득,,,,297,서울특별시,제한없음,제한없음,제한없음,20250701,20251231,제한없음
20250316005400210626,기타,청년 매입임대주택 사업,"매입임대주택,공급계획,사업",ㅇ 무주택 저소득 청년층의 주거안정을 위해 신축주택을 매입하여 저렴하게 공급,주거,주택 및 거주지,"ㅇ (사업 근거)
   - 공공주택특별법 제43조, 기존주택 등 매입임대주택 업무처리지침
 ㅇ (추진 경과)
   - 2022년 기존주택 매입임대주택 공급계획(’22.2.28)
   - 2023년 기존주택등 매입임대주택 공급계획(’23.3.16)  
   - 2024년 기존주택등 매입임대주택 공급계획(‘24.2.  )
 ㅇ (사업 기간)
    - 2025. 1. ~ 2025. 12.
 ㅇ (사업 대상) 대학생, 취업준비생 등 청년
   - (연령 기준) 19세~39세
   - (소득 기준) 전년도 도시근로자 월평균소득 100%이하
   - (기타 조건) 자산기준 제한
 ㅇ (사업 내용)  
   - 민간이 건설한 다가구, 다세대 등 양호한 신축예정주택을 서울주택도시공사에서 매입하여 무주택 저소득 청년층에게 저렴하게 공급
 ㅇ (사업비) 55,709백만원 (국비 38,709백만원, 지방비 17,000백만원)",주택정책관,,상시,특정기간,20250101,20251231,,,,,,,,,N,19,39,제한없음,기타,전년도 도시근로자 월평균소득 100%이하,,,441,서울특별시,제한없음,미취업자,제한없음,,,제한없음
20250316005400210625,상담,서울 청년 밀키트 창업지원,"밀키트,창업지원,롯데마트",ㅇ 민관 보유 창업 인프라를 활용한 청년 밀키트 창업 지원으로 준비된 창업가 양성,일자리,창업,"ㅇ (사업 근거)
  -「청년기본법」제18조(청년 창업지원)  
  - 서울특별시 청년 창업 지원 조례 제5조(청년 창업지원 사업)
 ㅇ (추진 경과)
   - ('22.3~11) 서울농수산식품공사 주관 서울 청년 밀키트 창업지원 시범사업 추진
   - ('22.5) 공사․롯데마트 MOU(밀키트 창업지원 사업 업무협약) 체결
 ㅇ (사업 기간) '22.3~계속
 ㅇ (사업 대상) 공고일 기준 서울 거주 19~39세 청년 창업 희망자 
 ㅇ (사업 내용) 기수별 창업교육 운영(3개 기수) 
   - (교육)실무 중심의 창업교육(8주) 진행으로 교육 종료 후 현업 적용도 향상
   ▸ 집합교육(5주) : 창업교육, 밀키트 메뉴 개발 과정 멘토링(현직 외식업체 대표 등) 
   ▸ 시제품 제작 및 전문가 컨설팅(3주) : 메뉴 개선(맛) 등 롯데마트 밀키트 개발 쉐프진 사회공헌활동 참가
  - (판로지원) 시제품 경진대회 우수작 밀키트를 상품화하여 롯데마트 입점
   ▸ 마트 매대의 일정공간을 서울 청년 밀키트 전용 공간으로 운영(’24년 추진 예정)
 ㅇ (사업비) 153백만원",농수산유통과,,특정기간,특정기간,20250101,20251231,,,,,,,,,N,19,39,제한없음,무관,,,,53,서울특별시,제한없음,(예비)창업자,제한없음,20250301,20250331,제한없음
20250316005400210624,상담,로컬크리에이터 양성(로컬인서울),"로컬브랜드,로컬크리에이터,로컬인서울",ㅇ 지역의 역사적․문화적 특색을 살린 상품․서비스로 로컬브랜드 상권 활성화에 앞장설 수 있는 청년 창업가 양성 및 지원,일자리,창업," ㅇ (사업 근거)
   - 서울시 소상공인 지원에 관한 조례 제8조(경영 및 창업지원)
   - 서울시 청년창업 지원 조례 제5조(청년창업 지원사업), 제6조(청년창업 경진대회 개최)
   - 로컬브랜드 상권 육성계획(노동‧공정‧상생정책관-4896 ’21.10.29.)
 ㅇ (추진 경과)
   - 로컬브랜드 상권육성사업 연계 로컬크리에이터 양성과정 운영계획 수립 : ’22.6.
   - 로컬크리에이터 양성과정(로컬인서울) 1~3기 시행 : ’22.9.~’24.12.
 ㅇ (사업 기간) ’22년 9월~계속
 ㅇ (사업 대상) 로컬브랜드 상권 내에서 창업할 서울시 거주 중인 청년
   - (연령기준) 19세~39세
   - (신청분야) 라이프스타일 편집샵, 복합문화공간, F&B 등 창업가의 개성 및 경험을 반영해 로컬브랜드 상권에서 공간창업을 진행할 수 있는 전 분야
 ㅇ (사업 내용)  
   - 서울형 로컬크리에이터 전문과정(로컬인서울) 운영
   - 사업화 자금 3,000만원 및 창업자금 융자 최대 1억원 지원
   - 상권내 안정적 창업을 위한 후속컨설팅 지원
 ㅇ (사업비)  235백만원",상권활성화과,,상시,특정기간,20250101,20251231,,,,,,,,,N,19,39,제한없음,무관,,,,916,서울특별시,제한없음,(예비)창업자,제한없음,,,제한없음
20250316005400210623,상담,청년 골목창업 지원,"프렙,아카데미,21","ㅇ 청년창업 지원을 통한 혁신적인 청년 사업가 양성
ㅇ 지속가능한 골목창업환경 조성을 통한 지역경제 활성화",일자리,창업," ㅇ (사업 근거)
   - 서울특별시 소상공인 보호 및 지원에 관한 조례 제8조(경영 및 창업지원), 제9조(소상공인경영지원센터), 제11조(사무의 위탁)
 ㅇ (추진 경과)
   - 프렙 아카데미(舊상권혁신 아카데미) 개소(‘21.7.5.)
   - 프렙 아카데미 1~7기 교육생 모집 및 교육(’21.7.5.~‘24.11.21.)
     ※ ‘24년 6월 골목창업학교에서 프렙 아카데미로 리브랜딩
 ㅇ (사업 기간) ’21년 7월~계속
 ㅇ (사업 대상) 외식업·베이커리·식음료 분야 예비창업가
   - (연령 기준) 서울 소재 19~39세
                ※ 의무복무 제대군인 복무기간 가산
   - (소득 기준) 소득 조건 없음  
 ㅇ (사업 내용)  
   - (이론교육) 상권분석, 임대차계약, 마케팅, 위생관리 등 창업 및 경영에 필수적인 주제별 강의 실시
   - (실습교육) 전문가 1:1 코칭으로 레시피 개발 지원 및 품평회를 통한 실습 결과물 평가, 보완기회 제공
   - (멘 토 링) 선배 사업가 멘토풀 활용, 경영 노하우 전수
   - (사후관리) 창업 전후 컨설팅, 홍보 마케팅, 창업자금 최대 7천만원 융자지원
 ㅇ (사업비)     2,209백만원 (시비 100%)",소상공인정책과,,마감,특정기간,20250101,20251231,,"상반기 : 신청마감
하반기 : 7월 말 ~ 8월 초 예정",,,,,,,N,19,39,제한없음,무관,,,,976,서울특별시,제한없음,"자영업자, (예비)창업자",제한없음,,,제한없음
20250316005400210622,프로그램,캠퍼스타운 혁신 및 청년희망·지역경제 활성화,"캠퍼스타운,자치구,대학","ㅇ 대학의 인적 물적·자산 등을 활용, 대학 및 청년 창업 활성화",일자리,창업,"ㅇ 사업 근거
   - 서울시 캠퍼스타운 조성사업 지원 등에 관한 조례
 ㅇ 추진 현황 : ’25년 20개소 캠퍼스타운 조성·운영(창업형 16, 단위형 4)
 ㅇ 추진 체계
   - 사업주체 : 서울시·서울RISE센터·자치구·대학
   - 시행방법 : 사업유형별 공모 선정(대학ㆍ자치구 공동 제안 → 서울시 선정 및 지원)
 ㅇ 사업 방식
    - (창업형) 청년 초기 창업기업 발굴·육성, 대학·자치구 협력 지역활성화
      ▸ 4~5기 4년간 최대 80억원, 6기 2+1년간 최대 45억원 이내 지원
    - (단위형) 청년활동 증진 위한 단위 프로그램 운영
      ▸ 3년간 최대 15억원 이내 지원
 ㅇ 사업 대상
   - 지원대상 : 예비 및 초기 청년 창업자
   - 연령기준 : 19세 이상~39세 이하
     ※ 의무복무 제대군인은「제대군인 지원에 관한 법률 시행령」제19조에 따라 
        연령 상한 연장 적용
   - 소득기준 : 제한 없음
 ㅇ 사업비(’25년) : 21,202백만원",경제일자리기획관,,특정기간,특정기간,20250101,20251231,,,,,,,,,N,19,39,제한없음,무관,,,,19,서울특별시,제한없음,(예비)창업자,제한없음,20250101,20250331,제한없음
20250316005400210621,현금지급,청년쿡 비즈니스센터 식품제조 스타트업 지원,"제품,중간,주방",청년 푸드산업 스타트업 창업 활성화를 위한 성장 기반 마련,일자리,창업,"□ 공간지원 프로그램
(입주기업)
‧ 센터 내 사무 공간 제공(기업당 1석)
‧ 제품 생산·판매를 위한 주방 및 냉장·냉동실 사용
※ 즉석판매제조가공업만 가능하며, 영업신고 必
(비입주기업)
‧ 신제품 연구개발을 위한 주방 사용

□ 인큐베이팅 프로그램
‧ 제품개발을 위한 초기 사업비 일부 지원(총 150만 원, 지원금 100만 원 + 자부담금 50만 원)
‧ 식품위생법, 식품표시사항, 법률, 마케팅, 특허, 투자 등 각 분야 전문가 1:1멘토링
‧ 온 · 오프라인 품평회 지원
‧ 코엑스 푸드위크 등 국내 전시회·박람회 참가비(부스 비용), 서울시 주최 식품 관련 행사 우선 참가, 크라우드펀딩(와디즈, 해비빈 등)을 포함한 판로지원
‧ 브랜드 및 제품 홍보 지원(홍보 콘텐츠 제작, 홍보 채널 제공 등)
‧ 입주기업 간 네트워킹 지원(역량 강화 교육, 현장 탐방, 네트워킹 행사 등)
‧ 대기업·플랫폼 등 연계 협업, 온·오프라인 판로지원
‧ 중간 평가 및 최종성과공유회를 통한 사업화자금 지원 및 투자유치 기회 제공

▶ 중간 평가: 총 3,500만원 규모 ▶ 최종성과공유회 : 총 2,000만원 규모
※ 사업 운영 진행상황에 따른 변동 가능

□ 지원기간 : 협약일 ~ 2026년 2월 28일까지

※ 입주 공간은 독립공간이 아닌 개방형 공간이며, 센터 공간 내 제품 상시 판매 불가.
※ 입주기업의 경우, 1차 년도 사업 종료 이후 평가를 통해 연장 가능",청년사업담당관,,특정기간,특정기간,20250101,20260228,,"신청링크를 통한 제출 (별첨 지원서 양식 작성, 구글 폼 문항 내 제출)","서류평가 : 자격요건 및 서류평가(3.31 ~ 4.4)
서면심사 결과발표 : 개별 안내(문자, 메일) (4.7)
발표평가 : 발표평가(현장대면) (4.9 ~ 4.10)
최종 발표 : 개별 안내(문자, 메일) (4.14)
오리엔테이션 : 프로그램 안내 및 개별 협약(대면 진행) (4.16)

※ 세부 일정은 변경될 수 있음",https://forms.gle/NHB9oJEbgK7voXB29,,"□ 사업 내용
 ㅇ (사업 근거)
   - 「청년기본법」제17조, 제18조
   - 「서울특별시 청년기본조례」제11조, 제12조, 제21조
   - 「서울특별시 청년창업지원조례」제5조
 ㅇ (추진 경과)
   - 청년자율예산(’21년 글로벌 K푸드 브랜딩 플랫폼 사업) 	: ’20. 7. 
   - 청년쿡 비즈니스센터 설치·운영 사업계획(서울시)	: ’20.9.	
   - 청년요식업 분야 창업실태조사 용역 시행 		: ’20.10.~12. 
   - 쿡비즈니스센터 설치·운영 변경계획(서울시) 	: ’21.9.
   - 공간 임차계약 체결 					: ’21.10.
   - ’22년 청년쿡 비즈니스센터 조성 및 운영 계획(외식업)    : ’22.1.
   - 서울시 청년쿡 비즈니스센터 개소                       : ’22.5.
   - ’23년 청년쿡 비즈니스센터 운영 계획(외식업→식품제조업) : ’23.2.
   - ’24년 청년쿡 비즈니스센터 운영 계획(영등포센터 포함)    : ’24.3.
   - 서울시 청년쿡 푸드테크센터 개소                       : ’24.12.
 ㅇ (사업 기간) : 2025. 3. ~ 2026. 2.
 ㅇ (사업비)  1,090백만원(시비 100%)",https://youth.seoul.go.kr/bbs/view.do?pstSn=2503070001&key=2303300002&sc_detailAt=&pageIndex=1&orderBy=regYmd+desc&sc_wDateS=&sc_wDateE=&sc_bbsCtgrySn=2304110001&sc=&sw=&recordCountPerPage=10,,N,19,34,제한없음,무관,,"□ 입주기업
‧ 공고일 기준 19~39세(대표자), (시)제품을 보유한 (예비)창업팀
‧ 즉석판매제조가공업만 지원가능
‧ 서울 외 지역 거주 청년 지원 가능(입주 후 센터주소로 사업자등록 혹은 지점 설립 필수)
‧ 입주 후 1개월 이내 사업자등록 및 영업신고(즉석판매가공업) 필수
□ 비입주기업
‧ 공고일 기준 19~39세(대표자), (시)제품을 보유한 창업팀
‧ 서울에 사업 소재지를 둔 즉석판매제조가공업, 식품제조가공업, 위탁생산 및 유통전문판매업을 운영 하고 있는 창업 7년 미만 스타트업
※ 졸업기업 재지원 가능(단, 중간·최종 사업화 자금지원 제외 참여)

※ 청년 창업자 인정기준 : 1986.03.10.~ 2006.03.10. 출생자
※ 청년 기준 연령 산정시 군복무기간 상한 연장 적용",,177,서울특별시,제한없음,"자영업자, (예비)창업자",제한없음,20250301,20250331,제한없음
20250316005400210620,교육,지역연계형 청년 창업 지원사업(넥스트로컬),"지역연계형,기준,지역","ㅇ 지역상생 차원의 농업‧농촌자원에 대한 인식 전환 및 문화‧관광‧IT 등 다양한 분야에서의 서울청년 참여 지역활력사업 추진 
 ㅇ 서울청년의 지역탐색 과정 통한 지역자원 활용 아이디어 발굴 ‧실험 지원 및 서울-지방 민관협력 통한 지역연계 창업환경 조성 
 ㅇ 지역균형발전을 위해 지역경제 활성화 가능한 청년 비즈니스 모델 개발 및 서울-지역 간 지속가능한 경제적 상생 도모 ",일자리,창업," ㅇ (사업 대상) 서울거주 만19~39세 예비 및 기 창업자 
   - (연령 기준) 19세~39세 이하
   - (소득 기준) 기준 없음
   - (기타 조건) 서울시 거주자, 청년 
 ㅇ (사업 내용)  
   - 지역아이템 활용하여 지역 또는 서울에서 창업하는 청년 개인 또는 팀별 연2천만원~7천만원 단계별 사업비 차등 지원
   - 지역연계형 창업교육 및 전담코칭
   - 지역별 맞춤식 혜택 및 자원연계 제공(공간 및 네트워크 등)
   - 활동지역 : 총 18개 지역 - 강원권역(강릉, 영월, 양구), 충청권역(괴산, 단양, 서천), 호남권역(익산, 목포, 여수, 곡성, 장흥, 강진), 영남권역(구미, 영주, 상주, 예천, 하동, 함양)
    ※ 활동 희망지역은 위에 제시된 4대 권역 중 1개 권역을 선택하여 그 중 최대 3개까지 선택 가능",대외협력과,,특정기간,특정기간,20250101,20251231,,,"서류합격발표 : 4월 9일(수)
면접전형 : 4월 17일(목) ~ 4월 18일(금)
최종선발 : 4월 21일(월)
합격자에게는 개별 메일 발",https://seoulnextlocal.co.kr/,"□ 팀당 1개 제출
※ 양식 다운 후 작성
- 팀 소개서
- 사업신청서

□ 팀원 모두 제출
※ 개인별로 작성 및 발급하여 대표가 하나의 파일로 제출
- 개인정보 수집 이용 및 마케팅 활용 동의서
- 주민등록등본
  * [상한 연령 연장 군필자] 병적증명서, 전역증
- 사실증명원
  * [예비창업자]사업자등록사실여부
  * [기창업자]총사업자등록내역
- [기창업자]사업자등록증
- [타 지역 거주 청년] 서울시 관내 활동이력 증빙자료
  * 재학증명서, 졸업증명서, 재직증명서, 4대보험 가입내역 확인서 중 택1

□ 기타 제반서류
- 지자체 출신 청년 증빙 등","□ 사업 내용
 ㅇ (사업 근거)
   - 도시와 농어촌 간의 교류촉진에 관한 법률 제3조, 제12조
   - 서울특별시 상생교류 활성화 지원에 관한 조례 제4조
   - 서울특별시 청년 기본 조례 제3조, 청년 창업 지원 조례 제5조, 제13조
   - 지역상생 청년 일자리 창출 연계사업 운영계획(서울시장방침 제64호)
 ㅇ (추진 경과)
   - 「지역상생 청년 일자리 창출 연계사업 운영계획」방침 수립 : ’19.3.
   - 지역연계형 청년 창업 지원사업 1~6기 시행  : ’19.9 ~ ’24. 12
 ㅇ (사업 기간)
   - ‘19년 9월 시행 ~ 계속시행
 ㅇ (사업비) 1,320백만원 (전액 시비)",,,N,19,39,제한없음,무관,,,,168,서울특별시,제한없음,(예비)창업자,제한없음,20250305,20250331,제한없음
20250316005400210619,현금지급,서울청년 예비인턴,"ʼ24,예비인턴,선발","ㅇ 대학 재학생에게 졸업 전 선제적으로 일경험 기회를 제공하여, 청년들의 직무역량을 향상시키고 기업 요구에 맞는 실무형 인재 양성",일자리,재직자,"ㅇ (사업 근거)
   - 청년기본법 제19조(청년 능력개발 지원), 청년고용촉진특별법 제1조·제3조
   - 서울특별시 청년기본조례 제11조(청년의 능력개발 및 교육지원 등)
   - 서울특별시 청년일자리 기본 조례 제7조 제1항(직장체험 기회 제공)
 ㅇ (추진 경과)
   - 서울청년 예비인턴 추진계획 수립 : ʼ24. 4.
   - 사업 운영 전문기관 선정 ※운영대행(ʼ24. 4. 22.), 직무교육(ʼ24. 6. 18.)
   - 총 8개 직무분야 선정 : ʼ24. 4.
   - 서울 청년 예비인턴 참여기업 모집 : ʼ24. 4.~5.
   - 참여기업 선정 심사위원회 운영 : ʼ24. 5.
   - 예비인턴 참여자 모집·선발 : ʼ24. 6.~7. ※근로기간 ʼ24.8.1.~11.30.
   - 발대식 : ʼ24. 7. 15.
   - 예비인턴 참여자 추가 모집·선발 : ʼ24. 8.~9. ※근로기간 ʼ24.9.12.~12.11.
   - 예비인턴 기업 및 참여자 현장점검 : ʼ24. 9.~10.
   - 직무수행역량 평가 : ʼ24. 8.~11.
   - 참여자 및 참여기업 대상 만족도 조사 : ʼ24. 12.
   - 성과공유회 : ʼ24. 12. 18.
 ㅇ (사업 기간) ‘24년 ~ (계속사업)
 ㅇ (사업 대상) 서울 거주 혹은 서울 소재 대학 재학 중인 만 19~39세 청년 
   - (연령 기준) 19~39세
   - (소득 기준) 무관
※ 우선 선발 대상(서류 심사시 가점 부여)
  - 취업취약계층 : 저소득층, 장애인, 국가 유공자, 취업지원 대상자 등 (관련 증빙자료 제출)
  - 청년부상 제대군인(군의관발병경위서, 의사진단서 등 증빙자료 제출)
  - 4학기 이상 수료한 재학생(3,4학년)(재적증명서 등 증빙자료 제출)
 ㅇ (사업 내용) 기업 직무체험 기회 제공 및 직무역량 강화 교육 지원
   - (직무체험) 기업별 직무 수요에 따라 청년 선발 후 인턴 배치
   - (근로조건) 주 5일 8시간 최대 4개월 근무, 생활임금* 및 보험료 지급
       * ’25년 서울시 생활임금 적용, 시급 11,779원(월 2,461천원)
 ㅇ (사업비) 1,131백만원 (지방비 1,131백만원)",청년정책담당관,,특정기간,특정기간,20250101,20251231,,,,,,,,,N,19,39,제한없음,무관,,,,72,서울특별시,제한없음,제한없음,대학 재학,20250301,20250630,제한없음
20250315005400210618,교육,미래 청년 일자리 사업,"사업,일자리,미래","ㅇ 미래 변화를 주도할 신산업 분야 청년일자리 발굴 및 제공
ㅇ 기업맞춤형 직무교육과 일경험 병행을 통해 기업-청년 미스매치 완화",일자리,취업,"ㅇ (사업 근거)
   - 청년기본법 제17조(청년 고용촉진 및 일자리 질 향상)
   - 청년고용촉진특별법 제1조(목적) · 제3조(국가 및 지방자치단체 등의 책무)
   - 서울시청년기본조례 제11조(청년의 능력개발 및 교육지원 등) · 제12조(청년의 고용확대 등)
   - 서울시일자리정책기본조례 제5조(일자리 창출 사업) · 제6조(취업지원 사업)
 ㅇ (추진 경과)
   - 서울청년시민회의 청년자율예산 정책 제안 : 20. 7.
   - 서울청년시민회의 대시민투표 추진 : 20. 8.
   - 청년 일자리 ‘1,000개의 꿈’ 사업 추진 : 21. 1. ~ 12.
   - 미래 청년 일자리 사업 추진 : 22. 1. ~ 
    · 서울시-한국콘텐츠진흥원 업무협약 체결 : 22. 3.
    · 서울시-한국사회적기업진흥원 업무협약 체결 : 23. 3.
 ㅇ (사업 기간) : ’22년 ~ (계속사업)
 ㅇ (사업 대상) : 서울 거주 미취업 청년(※대학 및 대학원 재학생 참여 제외)
   - (연령 기준) : 만19~39세 
   - (소득 기준) : 무관
    · 취업취약계층(저소득층·장애인·국가유공자 등) 서류심사 가점을 통한 우대 지원
 ㅇ (사업 내용)  
   - 최대 6개월 일자리 지원 + 역량강화 교육 지원
 ㅇ (사업비) : 8,953백만원 (지방비 8,953백만원)",청년정책담당관,,특정기간,특정기간,20250101,20251231,,,,,,,,,N,19,39,제한없음,무관,,,,83,서울특별시,제한없음,미취업자,제한없음,20250301,20250731,제한없음
20250315005400210617,교육,청년취업사관학교 조성 및 운영,"개관,캠퍼스,청년취업사관학교",ㅇ 디지털 신기술 분야 양질의 교육과정 제공 및 취업지원을 통해 청년일자리 미스매칭 해소,일자리,취업,"ㅇ (사업 근거) 「서울특별시 일자리정책 기본조례」제6조 및 제18조
 ㅇ (추진 경과)
   - ’21.07.09 : 청년취업사관학교 추진 기본계획 수립
   - ’21.12.28 : 청년취업사관학교 금천 캠퍼스 개관
   - ’22.1~12월 : 마포, 용산 등 5개 캠퍼스 개관
   - ’23.1~12월 : 광진, 서대문 등 8개 캠퍼스 개관
   - ’24.1~12월 : 강북, 관악 등 5개 캠퍼스 개관
 ㅇ (사업 기간) 2021년 ~
 ㅇ (사업 대상) 20~30대 청년 구직자 중심
 ㅇ (사업 내용) 디지털 교육 + 취·창업지원
   - 교육과정 : SW 개발자 및 디지털 전환(Digital Transformation) 과정
   - 취업지원 : 잡 코디, 일자리 매칭데이 개최, 직무체험 캠프 운영 등
   - 창업지원 : BM/법률/회계 등 멘토단 구성(32명), 창업 자문
 ㅇ (사업비) 44,404백만원 (지방비 100%)",경제일자리기획관,,상시,특정기간,20250101,20251231,,,,,,,,,N,19,39,제한없음,무관,,,,68,서울특별시,제한없음,미취업자,제한없음,,,제한없음
20250315005400210616,교육,서울 매력일자리,"일자리,가능한,경험",어려운 고용여건에 있는 실업시민이 안정된 생활기반 위에서 직업역량을 배양하고 체계적인 취·창업 지원을 통해 안정적 일자리 진입 지원,일자리,취업,"○ 지원내용: 직무교육 + 일 경험 제공 + 취·창업 지원
○ 일터 기반 학습을 통한 취업 디딤돌 일자리 사업
- 경력형성형 : 민간 부문에서 경력 형성 기회가 적고 공공부문에서 주도적으로 유용한 일 경험 기회 제공이 가능한 일자리 연계사업
- 약자동행형 : 노인 · 장애인 등 사회적 약자 보호를 위한 정책사업 지원 및 민간분야 일자리 연계가 가능한 사업
○ 임금: 서울형 생활임금 시급 11,779원 적용 (일급제)
○ 최대 18개월간 안정적으로 근무가능 (풀타임 · 파트타임 선택가능)
○ 일하는 동안 관련 경력을 쌓아 민간일자리에 취업, 2023년 참여자취업률 60.5%
○ 연간 140시간 취·창업교육, 자격증 응시비용 지원
○ 문의처 : 다산콜센터 120",경제일자리기획관,,특정기간,특정기간,20250101,20251231,,,,https://job.seoul.go.kr,,"□ 사업 내용
ㅇ 사업 근거
   - 고용정책기본법 제6조(국가와 지방자치단체의 시책), 제34조(실업대책사업)
   - 서울특별시 일자리정책 기본 조례 제3조(시장의 책무)~7조(보조금 지원 사업)
   - 서울특별시 청년일자리 기본 조례 제3조(책무), 제11조(행정적·재정적 지원)
 ㅇ 주요 추진경과
   - (2013년) 취약계층의 일자리지원을 위한 경과형 일자리 도입
   - (2015년) 민간수요를 반영한 민간공모 방식 도입
   - (2016년) 청년사업 강화, 투자출연기관 사업 추진
   - (2017년) 참여자 처우 개선(생활임금 지급 등), 자치구 사업 도입
   - (2018년) 민간기업 맞춤형 뉴딜일자리 사업 도입
   - (2020년) 평가 개선 등 사업관리 강화, 참여자 온라인 교육 도입
   - (2021년) 온라인 교육 확대, 사업종료자 취창업 지원서비스 도입
   - (2022년) 서울시 공공일자리 개편
   - (2024년) 뉴딜일자리에서 매력일자리로 사업명칭 변경
 ㅇ 사업 기간 : ’13년부터 계속사업
□ 과제 추진체계
 ㅇ 사업 대상 : 구직의사 있는 미취업 만18세 이상 서울시민
 ㅇ 사업주체
   - 공공형(서울시, 투자출연기관, 자치구), 민간형(민간협회·단체)
 ㅇ 사업 시행방법
   - 직접사업(서울시 본청 및 사업소), 간접사업(자치구 사업: 시 70%, 구 30%)
   - 민간보조사업(투자출연기관, 민간기업 맞춤형, 민간 협단체 협력형)
 ㅇ 사업비: 71,130백만원(구비 3,039백만원 별도)",https://news.seoul.go.kr/economy/newdeal,,N,18,39,제한없음,무관,,,,195,서울특별시,제한없음,미취업자,"고졸 미만, 고졸 예정, 고교 졸업, 대졸 예정, 석·박사",20250101,20250331,제한없음
20250315005400210614,상담,서울시 일자리카페 운영,"기본조례,스터디룸,사업","ㅇ 취업준비 청년에게 일자리정보와 취업상담, 특강, 멘토링 등 취업 역량강화 프로그램과 스터디룸 대여, 이력서용 사진촬영 등 취업 준비 종합서비스 제공",일자리,취업,"ㅇ 사업 근거
   - 서울특별시 청년일자리 기본조례 제11조(행정적·재정적 지원)
   - 서울특별시 일자리정책 기본조례 제18조(일자리지원시설)·제19조(행정·재정 지원)
 ㅇ 사업 기간 : ’16년 ~ 계속 사업 
 ㅇ 사업 대상 : 39세 이하 청년 구직자
 ㅇ 사업내용 : 취업지원 프로그램(1:1상담, 취업특강, 멘토링 등)및 스터디룸 무료 제공 
 ㅇ 사업비 : 1,297백만원 (지방비 100%)",경제일자리기획관,,특정기간,특정기간,20250101,20251231,,,,,,,,,N,19,39,제한없음,무관,,,,58,서울특별시,제한없음,제한없음,제한없음,20250201,20251231,제한없음
20250315005400210613,교육,서울형 청년인턴 직무캠프,"사업,인턴십,서울특별시",ㅇ 실무중심 직무교육과 인턴십 과정의 접목으로 청년 구직자에게 일경험 및 취업역량 강화 지원,일자리,취업,"ㅇ (사업 근거)
  - 청년고용촉진특별법 제8조의2(청년에 대한 직장체험 기회 제공)
  - 서울특별시 일자리 정책 기본 조례 제6조(취업 지원 사업)
  - 서울특별시 청년일자리 기본 조례 제7조(청년일자리 지원 사업)
 ㅇ (사업 기간)
   - ’21년~ (계속사업)
 ㅇ (사업 대상)
   - 서울시 거주 청년(18∼34세 )
     ※「제대군인지원에 관한 법률 시행령」제19조에 따라 제대군인의 응시 연령을 군 복무기간만큼 최대 3년까지 연장
 ㅇ (사업 내용)  
   - 사전직무교육 ✚ 인턴십 및 직장적응교육 ➔ 취업연계
 ㅇ (사업비) 4,316백만원 (지방비 100%)",경제일자리기획관,,상시,특정기간,20250101,20251231,,,,,,,,,N,18,34,제한없음,무관,,,,167,서울특별시,제한없음,제한없음,제한없음,,,제한없음
20250315005400210612,채용,취업날개 서비스 지원,"취업날개,제12조,재정적",ㅇ 물가상승과 취업난으로 경제적 부담을 겪고 있는 구직 청년들을 지원,일자리,취업,"ㅇ (사업 근거)
   - 「청년고용촉진 특별법」제3조(국가 및 지방자치단체 등의 책무)
   - 「서울특별시 청년 기본 조례」제12조(청년의 고용확대 등)
   - 「서울특별시 청년일자리 기본 조례」제12조(행정적·재정적 지원)

 ㅇ (추진 경과)
   - ’16년도 취업날개 서비스 최초 시행계획 수립 
   - 청년구직비용 절감을 위한 재정적 지원 근거 신설     
   - ’24년 취업날개 서비스 운영기관 확대 (14개 지점)

 ㅇ (사업 기간)
   - ’16년~ (계속사업)

 ㅇ (사업 대상)
   - 서울시 거주 청년(고교졸업예정자 ∼ 39세 )
    ※ 주민등록 및 추가 증빙 등을 통하여 서울에 거소를 두고 있음이 확인된 청년
  
 ㅇ (사업 내용)  
   - 구직용 면접정장 무료대여(1인당 연간 최대 10회)

 ㅇ (사업비) 2,123백만원 (지방비 100%)",경제일자리기획관,,상시,특정기간,20250101,20251231,,,,,,,,,N,18,39,제한없음,무관,,,,561,서울특별시,제한없음,제한없음,제한없음,,,제한없음
20250314005400210611,기타,2025 상반기 김해시 청년 자격증 응시료 지원사업(G-PASS CARD) ,"자격증,응시료,2025",청년의 구직활동 및 자기개발을 지원하기 위한 2025 상반기 김해시 청년 자격증 응시료 지원사업(G-PASS CARD),일자리,취업,"□ 지원내용 : 1인당 연 1회 한정, 시험 응시료 실비(1인당 10만원 한도)
○ 자격증 :「국가기술자격법 시행규칙」 제3조 별표 2에 따른 국가기술자격증*
* 한국산업인력공단 홈페이지에서 확인가능(https://www.q-net.or.kr/)
○ 어학 : 토익(TOEIC), 토익스피킹, 오픽(OPIC), 지텔프(G-TELP), 토플(TOEFL), 텝스(TEPS), 스널트(SNULT), 플렉스(FLEX), HSK, JPT 등
○ 한국사 : 한국사능력검정시험
2025. 1. 1.이후 응시한 시험, 자격증 취득 여부와 무관",김해시,,특정기간,특정기간,20250310,20250620,,"□ 신청방법 : 온라인 또는 방문
- 온라인 : 김해시청 누리집(홈페이지) 접속 ⇒ 시민참여 ⇒ 온라인신청·접수 ⇒ 2025 상반기 청년 자격증 응시료 지원사업 ⇒ 신청하기 ⇒ 본인 인증(휴대폰 인증) ⇒ 신청정보 등 작성〔시스템 입력〕⇒ 제출서류 파일 업로드〔스캔 또는 사진〕
- 방문 : 김해시 김해대로2401, 김해시청 본관 4층 인구청년정책관","□ 선정기준 : 지원요건 충족 시(나이, 주소, 시험응시 등) 선정
※ 단, 지원인원(예산) 초과 시 선착순 선정
□ 선정결과 : 매월 25일경 문자(또는 알림톡) 등 안내
□ 지급시기 : 매월 말일 지급 예정
    · 매월 20일까지 접수분 : 매월 말일 지급
    · 매월 21일 ~ 말일까지 접수분 : 익월 말일 지급
□ 지급방법 : 개인별 계좌입금",https://www.gimhae.go.kr/00708/07681/07686.web,"① 응시료 지원사업 신청서
② 개인정보 수집·활용 동의서
③ 주민등록 초본
  ☞ 주민등록번호 뒷자리 비공개, 신청월 발급, 최근 1년간 주소 및 신고일 포함
④ 건강보험자격득실확인서(미취업 여부 확인)
  ☞ 주민등록번호 뒷자리 비공개, 전체 내역, 신청월 발급
  ☞ 가입자구분이 ‘지역세대주’일 경우, 사업자등록사실여부 증명서(홈택스 발급) 추가 제출
⑤ 응시사실 확인 자료(응시확인서 또는 성적표)  *접수확인서 불인정
  ☞ 시험일 이전 접수상태 신청 불가, 해당 시험을 실제 응시한 후 신청 가능
⑥ 응시료 결제 영수증(내역서) 사본
  ☞ 영수증(내역서)상 본인 이름, 시험과목(또는 시험기관), 결제금액 표기되어야 함
⑦ 통장사본(신청자 본인 명의)"," □ 신청자는 사전에 공고문을 숙지하여 신청서류를 제출하여야 하며, 숙지하지 아니하여 발생한 불이익은 신청자의 책임으로 함.
 □ 지원내용에 명시되지 않은 시험은 지원 불가하며, 반드시 시험에 실제 응시한 이후에 신청하여야 함.(※ 응시원서 접수 상태에서 신청하는 경우 부적격 처리)
 □ 신청자가 많을 경우 사업이 조기 마감될 수 있으며, 이 경우 접수 순번 기준으로 선착순 지원함.
 □ 본 사업에 참여자는 당해연도 국민취업지원제도 및 타 지자체 동일·유사 사업에 대한 중복지원이 불가하므로 현재 또는 향후 동일·유사 사업에 대한 참여 또는 참여 예정인 분은 각별한 주의 요함.
□ 단, 한국산업인력공단 ‘청년 국가기술자격 시험 응시료 지원사업’ 참여자로 50%를 감면 지원 받은 경우 본인부담액(실제결제액)에 한하여 지원 가능.
□ 1인당 연 1회 한정(시험 횟수 무관), 최대 10만원 한도 내에서 응시료를 지원하므로 신청금액이 지원 상한액(10만원) 초과 시, 초과금액은 지급하지 않음.
□ 서류의 보완이 필요한 경우 보완요청을 할 수 있으며, 요구기한까지 미제출 시 부적격 처리함.
□ 김해시 홈페이지를 통한 온라인 신청 및 방문 신청만 가능함(우편, 팩스 제출 불가)
□ 허위 및 기타 부정한 방법으로 신청한 사실이 확인될 경우, 선정 취소 및 관련 법령에 따라 지원금 환수 및 제재부가금 부과될 수 있으며 향후 해당 사업의 신청이 불가함.
□ 본 공고문은 사정에 의해 변경 될 수 있으며 변경된 사항은 김해시 홈페이지에서 확인 가능.",,,N,19,39,제한없음,무관,,,,250,경상남도 김해시,제한없음,미취업자,제한없음,20250310,20250620,제한없음
20250313005400210609,현금지급,충주시 청년 입영지원금,"소집,입영,충주시",입영(소집)하는 충주시 거주 청년들의 복지 증진 및 병역 의무 이행 격려,복지문화,취약계층 및 금융지원,"-지원대상 : 입영(소집)하는 충주시 거주 청년(19~39세)
 ※현역병, 보충역(사회복무요원 등) 단, 직업군인 제외
-지원내용 : 입영지원금 10만원 지원
-지급방법 : 지역화폐카드 충전
※입영(소집)통지서 수령일~입영(소집)일로부터 6개월이 되는 날이 속한 달 말일까지 신청 가능",안전행정국,,상시,특정기간,20250106,20251231,,주소지 읍면동 행정복지센터 방문 또는 온라인 신청,,https://www.gov.kr/portal/rcvfvrSvc/dtlEx/439000000875,"신청서, 입영(소집)통지서, 신분증 지참,
본인 명의 충주사랑상품권카드 사본",,,,N,19,39,제한없음,무관,,,,95,충청북도 충주시,제한없음,제한없음,제한없음,,,군인
20250307005400210601,현금지급,부천시 청년정책협의체 위원 모집(기간 연장),"부천시,청년정책협의체,위원","부천시 청년의 더 나은 미래를 위해, 함께 청년 문제를 고민하고 정책을 만들어 나갈 청년정책협의체 신규위원 모집",참여권리,"청년참여,정책인프라구축","□ 모집대상
 ○ 부천시에 주소 또는 직장이 있거나, 부천 소재 대학에 재학 중인 대학(원)생
 ○ 19 ~ 39세 청년 (1986. 1. 1. ~ 2006. 12. 31. 출생자)
 ※ 부천 소재 대학에 재학 중인 외국인 유학생 신청 가능
□ 주요활동
 ○ 지역 청년과의 소통 및 의견 수렴
 ○ 청년문제 조사·연구 및 청년정책 제안
 ○ 분과활동 및 각종 회의 참석
 ○ 위원 역량 강화 워크숍, 성과공유회 등 프로그램 참여
 ※ 선정 후 워크숍 참여자에 한하여 위촉
□ 지원내용
 ○ 청년정책협의체 위원 위촉장 수여
 ○ 활동비 지급
 ○ 자원봉사시간 부여
 ○ 부천시 청년 관련 행사 우선 참여 등",부천시,부천시,특정기간,특정기간,20250305,20250410,,"□ 지원서 및 개인정보 수집·이용동의서 작성 후 방문 또는 (전자)우편 접수
 ○ 방문 또는 우편 : 경기도 부천시 원미구 길주로 210, 부천시청 7층(중동)
                            청년청소년과 청년지원팀
 ○ 전자우편 : jes0630@korea.kr","□ 심사방법 : 지원서 심사(1차) → 전화 인터뷰(2차)  ※ 심사기준표에 의한 심사
□ 선정결과 : 개별안내",,"□ 지원신청서 및 개인정보 수집·이용동의서
※ 부천시 홈페이지(부천소식 - 고시·공고·입법예고) 관련서식 게시
※ 접수된 신청서 등은 반환하지 않음",□ 문의처 : 부천시 청년청소년과(☎ 032-625-3723),https://bucheon.go.kr/site/homepage/menu/viewMenu?menuid=148002003001,,N,19,39,제한없음,무관,,,,79,경기도 부천시,제한없음,제한없음,제한없음,20250305,20250410,제한없음
20250307005400210600,정보제공,부천 청년 사진 Dream(드림),"부천시,2007년,아닌",부천시 청년 구직자의 고용 촉진을 위하여 청년의 자격증 시험·취업에 필요한 증명사진 지원,일자리,취업,"□ 지원대상 : 신청일 기준 부천시 거주 청년(18 ~ 39세)
  ※ 2025년 기준 1986년~2007년 출생자로, 2007년 출생자는 취업목적 특성화고교 졸업예정자로 제한
□ 지원내용 : 청년의 자격증 시험·취업에 필요한 증명사진(파일포함) 지원  ※ 1인 연1회 지원
□ 이용업체 : 팰리스 스튜디오(부천시 원미구 중동로 100, 303호)
□ 이용규정안내
 ○ 이용횟수 : 1인당 연간 1회 가능  ※ 선정 후 한 달 이내 미촬영 시 자격 소멸
 ○ 본인이 아닌 경우 이용 불가
 ○ 지원 대상이 아닌 경우 추후 환수 조치",부천시,부천시,특정기간,특정기간,20250301,20251130,,"□ 서비스 신청(신청자) : 일자리 통합접수시스템(https://apply.jobaba.net) 내 해당 사업 신청
□ 신청확인(사업담당자) : 대상자 자격 확인
□ 선정안내(사업담당자) : 선정자 쿠폰번호 발송
□ 예약 확정(신청인-사진관) : 사진 촬영 일정 조율 및 예약 확정  ※ 쿠폰번호 확인
□ 서비스이용(신청인-사진관) : 서비스 이용(신분증 및 쿠폰번호 지참) 및 만족도 조사",,https://apply.jobaba.net/bsns/bsnsDetailView.do?bsnsSeq=4198,"□ 필수 : 주민등록초본(주소변동이력 포함 / 마이데이터 제출 시 초본 제출 불필요) 
□ 해당자에 한함 : 재학증명서(특성화고교졸업예정자) 
※ 모든 증빙 서류 신청일로부터 30일 이내 발급서류에 한함","□ 문의처 : 부천시 청년청소년과(☎ 032-625-3723)
※ 토요일, 공휴일 등 업무 시간 외 신청 시 다음 업무 시작일에 처리
※ 최소 촬영 일주일 전 신청 바람(신청 후 사진관 일정에 따라 예정 일자에 촬영이 불가능할 수 있음)",https://www.bucheon.go.kr/site/program/board/basicboard/view?menuid=148006003020005001&pagesize=10&boardtypeid=27510&encid=E+JLK0i/h+0k55oocZTi5A==,,N,18,39,제한없음,무관,,,,170,경기도 부천시,제한없음,제한없음,제한없음,20250301,20251130,제한없음
20250306005400210599,기타,청년정책 SNS 홍보 공모전,"sns,홍보,콘텐츠",지역의 청년들이 직접 제작한 SNS 콘텐츠를 활용하여 청년 정책과 청년센터 등을 효과적인 홍보,참여권리,청년참여,"청년정책관련 SNS 콘텐츠(영상, 웹툰) 심사 및 시상 후, 우수 콘텐츠 배포와 홍보 활용",대구광역시행복진흥사회서비스원,,특정기간,기타,,,연중(세부일정 미정),미정,미정,,,,,,N,19,39,제한없음,무관,,,,16,대구광역시,제한없음,제한없음,제한없음,20250602,20250831,제한없음
20250306005400210598,커뮤니티,2025년 청년정책참여 활성화 사업,"청년정책,체계를,효율적인","지역 청년, 정책 관계자, 청년 거버넌스간의 적극적 소통 및 교류를 통해 대구시 청년정책을 중점 논의하고 효율적인 청년지원 체계를 구축",참여권리,청년참여,"청년정책 포럼, 청년정책 교류회 등",대구광역시,대구광역시행복진흥사회서비스원,상시,기타,,,연중(세부일정 미정),,,,,,,,N,19,39,제한없음,무관,,,,59,대구광역시,제한없음,제한없음,제한없음,,,제한없음
20250305005400210597,기타,연제청년창업나래센터 신규 입주기업 모집(예비 또는 초기 창업자),"연제청년창업나래센터,2개,센터","연제청년창업나래센터  신규 입주기업(예비 초기 청년 창업가)를 모집합니다.  
센터 위치 : 부산 연제구 법원남로9번길 17 (동해선 거제역사) 
센터 전화 : 051-862-3733",일자리,창업,"<연제청년창업나래센터 청년창업 입주자 모집>
모집기간 : 2025. 3. 4~ 3. 11(화) 18시까지
모집규모 : 개별사무실- 1인실 2개, 2인실 2개  
지원자격 : 공고일 기준 18~39세 주민등록 또는 사업장 소재지가 부산시 
                예비창업(6개월이내 창업예정) 또는 초기창업자(사업자등록7년미만)

",경제문화국,,특정기간,특정기간,20250304,20250311,,"이메일(yeonje_2024@naver.com)  또는 센터 방문 신청
신청서 및 증빙서류 제출 
연제청년창업나래센터 홈페이지에서 신청서,사업계획서 서식 다운로드 가능 

세부사항 문의 : 051-862-3733~5",서류 및 발표(면접) 심사,,,,,,N,18,39,제한없음,무관,,,"타기관에서 동일한 내용으로 지원 받고 있는 자
국세 또는 지방세 체납자
금융기관 채무 불이행자, 금치산자 등 본인 명의로 사업자등록이 불가한 자
대학교,대학원 재학생 및 휴학생(단, 잔여 학기 1학기 이내의 졸업예정자 가능)",70,부산광역시,제한없음,제한없음,제한없음,20250304,20250311,제한없음
20250305005400210596,프로그램,광주자치경찰 청년 서포터즈 112,"서포터즈,시책,홍보",개인 SNS를 활용하여 광주광역시 자치경찰 시책 홍보 참여기회 제공,참여권리,청년참여,"❍ 활동횟수 : 5회 이상
❍ 활동방법 : 회차별 미션 부여
- (필수) 홍보 콘텐츠 SNS 게시(개인 계정), 공유 5건 이상
- (자율) 자치경찰 관련 3행기 짓기, 슬로건 제작, 시책 아이디어 제안 등
❍ 활동보고 : 자치경찰위원회 홈페이지 내 서포터즈 전용 게시판
❍ 활동혜택
- (기프티콘 제공) 필수·자율활동 완료자(6,000원 이내/1회당)
- (수료증 발급) 총 5회 이상 활동자
- (자치경찰위원장 감사장 수여) 활동 우수 서포터즈 선발
※ 참여 실적(기본), 우수 정책 제안자 및 홍보 컨텐츠 제작자, 기타 모범이 된 자",사무국,,특정기간,특정기간,20250401,20250630,,구글폼(https://forms.gle/mdp2NPRZQEBqFJtH6)을 통한 신청서 제출,,https://forms.gle/mdp2NPRZQEBqFJtH6,,,,,Y,19,39,제한없음,무관,," ❍ 공고일 기준 광주광역시에 주소를 둔 만19세 이상 39세 이하의 시민 중 개인 SNS 계정이 있는 시민 (출생년월일 : 1985.3.5.~2006.3.4.)
 ❍ 개인 SNS를 활용하여 홍보 활동이 가능하며, 자치경찰 시책 아이디어 제안에 적극 참여 의사가 있는 시민
 ❍ 기타 청년 서포터즈로서 성실한 임무(미션) 수행이 가능한 시민",,37,광주광역시,제한없음,제한없음,제한없음,20250304,20250318,제한없음
20250305005400210594,채용,광주형 청년일자리 공제,"지역기업,장기근속,지역정착을","지역 중소기업 재직 청년에 대한 재정 지원을 통해 장기근속 및 지역정착을 유도하고, 미취업 청년의 지역기업 유입 촉진 도모",복지문화,취약계층 및 금융지원,"청년이 2년간 500만원을 적립하면
기업(200만원)과 광주시(300만원)가 각각 적립
24개월 후 만기공제금 1,000만원 지원",청년정책과,,특정기간,기타,,,선정 후 2년간 납입,광주청년통합플랫폼(https://youth.gwangju.go.kr) 온라인 접수,"1) 신청서류 적격여부 검토
2) 가입승인(선착순 인원배정)
3) 통보방법: 기업 및 청년 문자 전송
* 별도의 협약 절차 없음",https://youth.gwangju.go.kr,"
*기업*
1. 가입 신청서(기업용) (서식1)
2. 부정수급 방지 확인서(기업용) (서식2)
3. 사업장정보 수집‧이용 및 제3자 제공 동의서 (서식3)
4. 사업자등록증명(+법인의 경우 등기사항전부증명서(현재 유효사항))
5. 4대 사회보험 사업장 가입자 명부
6. 국세 납세증명서
7. 지방세 납세증명서
8. 중소기업 확인서
9. 가입 청년 근로계약서
10. 환급계좌 통장 사본

*청년*
1. 가입 신청서(청년용) (서식1)
2. 부정수급 방지 확인서(청년용) (서식2)
3. 개인정보 수집‧이용 및 제3자 제공 동의서 (서식3)
4. 주민등록표 초본 (*주민등록표 등본 아님)
5. 가족관계증명서
6. 가입자 건강‧장기요양보험료 납부확인서(최근 6개월/ 2025년 3월 신청시 2024년 9월분부터 제출)
7. 환급계좌 통장 사본
",,,,Y,19,39,제한없음,기타,중위소득 150% 이하 청년,,"*기업*
모집공고 2페이지 가입 제외 기업 참고
11페이지 가입 제외 기업 (지원제외 업종) 참고

*청년*
모집공고 4페이지 가입 제외자 참고
10페이지 별첨 1 가입 제외 청년 (중복참여 불가 사업) 참고",173,광주광역시,제한없음,재직자,제한없음,20250304,20251231,중소기업
20250305005400110593,현금지급,서울시 청년수당,"프로그램,사용,서울시","서울에 거주하고 있는 만 19세~34세 미취업 또는 단기 근로 청년에게 활동지원금(월 50만원 최대 6개월)을 지급하고, 강점진단 종합지원, 멘토링, 취업지원 프로그램 제공 등 청년 니즈에 맞게 프로그램 연계를 지속 지원하는 사업",복지문화,취약계층 및 금융지원,"ㅇ (금전적 지원) 매월 50만원 × 최대 6개월
ㅇ (성장 지원) 청년 유형별 맞춤형 프로그램 지원- 단계별 진로설계 과정에 따른 맞춤형 지원, 장기 멘토링 프로그램 제공- 진로준비에 도움을 줄 서울시 정책사업 연계 지원
ㅇ 지원방법 : 체크카드(*클린카드) 사용 
* 해외사용이 불가하고, 사용 업종이 제한된 카드(호텔, 주점, 귀금속판매 등 48개 업종) ",서울특별시,,특정기간,기타,,,-,"□ 신청하는 곳 (청년몽땅정보통 > 금융·복지 > 청년수당 > 신청 바로가기 )
  ㅇ 청년몽땅정보통(youth.seoul.go.kr) 접속 후, 온라인 접수
    - 접수기간 내 온라인 신청만 가능 (직접 접수 및 우편접수 등 불가능)","ㅇ 예비선정자 발표 : 2025. 4. 3.(목) 18:00 (예정) 
 ※ 변동사항은 청년몽땅정보통 공지사항 게시판 안내
ㅇ 확인방법 : 청년몽땅정보통 접속 후 “마이페이지”에서 확인
ㅇ 필수 이행사항 
  ① 청년수당 참여자 사전교육(오리엔테이션) 및 안내책자 다운로드 후 숙지 
  ② 청년수당 전용 신한은행 계좌 개설 및 체크카드 발급
 ※ 청년수당 전용계좌 미개설한 예비선정자는 최종 미 선정
ㅇ 청년수당 1회차 첫 지급 : 4. 29.(월) (예정)
 ※ 매월 29일 지급 원칙(29일이 휴일·공휴일인 경우, 직전 평일에 지급)
",https://youth.seoul.go.kr/youthConts.do?key=2310100061&sc_detailAt=&pageIndex=1&orderBy=regYmd+desc&tabKind=201&pwKind=&sc_pbancSe=&sc_pbancSeCd=012&sc_bbsStngSn=2212200001&sc_bbsCtgrySn=2310200011&sc_pstSn=2503040001&sc_rvwSn=0&sc_userId=&sc_ntcPstYn=&sc_delYn=&sc_ctgry=&useYn=&sc_faqCtgryCd=005&sc_qnaCtgryCd=004&sc_plcyQnaSn=0&pstSn=&recordCountPerPage=10&sc_wDateS=&sc_wDateE=&sc=&sw=,"□ 준비서류 
※ 모든 제출서류는 원본 서류를 스캔하여 업로드, ‘화면캡쳐본, 컴퓨터 화면을 찍은 사진 등’은 인정되지 않음
  ① 최종학교(중고교·대학·대학원) 졸업증명서(또는 수료증) 1부 (필수제출)
    - 졸업(중퇴·제적·수료) 날짜를 명확히 확인할 수 있는 서류 제출
     ※ 졸업 관련 제출 서류의 자세한 내용은 FAQ에 있는 ‘준비 서류’ 항목 확인 바람
    ※ 학교에 재학중임을 증명하는 ‘재적’ 증명서는 인정되지 않으므로 유의하시기 바랍니다.
     ※ 발급방법: 정부24(https://gov.kr) 또는 각 대학·대학원에서 온라인 발급 가능
    - 졸업예정자는 졸업요건 학점 이수를 증명하는 ①졸업예정증명서 또는 ② 성적증명서+재학증명서 제출
  ② (단기근로자*만 제출) 근로계약서   * 주 30시간 이하 또는 3개월 이하 근무
    - 계약기간, 근로시간 등 단기근로 사실을 명확히 확인할 수 있는 서류 제출
    ※ 근로계약서를 미제출한 고용보험 가입자는 취업자로 간주해 미선정
    ※ 퇴직자 중 고용보험 미상실자는 퇴직증명서 제출 (’25.3.13. 퇴직일까지 인정, 3.14. 퇴직일부터 미인정)
  ③ (만 35세~37세인 의무복무 제대군인만 제출) 병적증명서 또는 주민등록초본
    - 병역사항(기간)을 명확히 확인할 수 있는 서류 제출 (주민등록등본 불가)
    ※ 만 35~37세임에도 해당 서류 미제출한 자는 복무기간을 확인할 수 없어 미선정","□ 문의처
ㅇ 서울시 청년수당 콜센터(☎1566-3344), 
ㅇ 서울시 다산콜센터(☎120)
ㅇ 온라인 청년몽땅정보통 ‘청년수당 Q&A’",https://youth.seoul.go.kr/youthConts.do?key=2310100061&sc_pbancSeCd=012&sc_bbsStngSn=2212200001&sc_bbsCtgrySn=2310200011&sc_qnaCtgryCd=004&sc_faqCtgryCd=005,,N,19,34,제한없음,기타,2025년 2월 기준 중위소득 150% 이하(건강보험료 월 부과액 기준),"□ 거주요건 : 신청일 기준, 서울시 주민등록상 거주자 
   ➥ 사업 신청 시 기입한 신청자의 주민등록번호로 서울 거주 여부 일괄 조회
     ※ 주민등록번호가 없는 외국 국적 청년은 신청 불가
□ 신청연령 : 만 19세 ~ 만 34세(1990. 3. 1.~2006. 3. 31. 출생자)
    ※ 단, 제대군인의 경우 최대 3년 이내 지원 상한연령 가산
□ 졸업자 인정 요건
  ㅇ 최종학력 졸업자(중퇴․제적․수료) 또는 졸업예정자(졸업요건 학점 이수 완료)
    - 2025년 3월 전(2월까지) 중·고교, 대학, 대학원 졸업․중퇴․제적․수료자
     ※ 대학 재학생 및 휴학생 신청 불가 (단, 방송통신대학, 사이버대학, 학점은행제 재학 중인 경우는 이전 최종학력이 2025년 3월 전(2월까지)인 경우 신청 가능)
 □ 소득요건
  ㅇ 2025년 2월 기준 중위소득 150% 이하(건강보험료 월 부과액 기준)
     ※ 단, 기초생활수급자(생계·의료·주거·교육 급여자) 및 차상위계층은 신청 불가 
    -2025년 건강보험료 본인부담금 기준표에 의거하며 노인장기요양보험료는 미포함
    -신청자가 지역세대원 또는 직장피부양자인 경우 부양자 부과액을 기준으로 함
□ 취업여부
  ㅇ 미취업 청년(고용보험 미가입자) 및 단기근로 청년(주 30시간 이하 또는 3개월 이하로 근로계약 된 경우) 신청 가능
    - 고용보험에 가입된 단기근로자는 주 30시간 이하 또는 3개월 이하 근로시간 확인이 가능한 별도의 증빙자료(ex. 근로계약서 등) 제출 시만 사업참여 가능"," - 주민등록상 서울시 미거주자 (신청 시점 기준)
  - 재학생 및 휴학생
 * 단, 방송통신대학·사이버대학·학점은행제는 이전 최종학력 졸업 증빙하여 신청 가능
** 야간대학 재학생·휴학생은 사업참여 제외
  - 고용보험에 가입된, 주 30시간 초과 그리고 3개월 초과 근로하는 취업자
  - 유사사업 참여중인 자 (2025년 3월 1일부터 사업 참여 종료일까지)
   · 서울시 ｢청년월세지원｣ 사업 참여자
   · 서울시 ｢희망두배 청년통장｣ 사업 참여자
   · 고용노동부 ｢국민취업지원제도｣ 1유형 및 2유형 참여자
  - 2017년~2024년 서울시 청년수당 사업 참여자 (생애 1회 지원)
  - 중위소득 150% 초과 가구 청년
   * ’25년 2월 건강보험료 본인부담금(노인장기요양보험료 제외) 기준
  - 기초생활수급자(생계·의료·교육·주거급여자) 및 차상위계층
   
[기초생활수급자, 차상위계층 정의(중위소득 50% 이하)]
  - 기초생활수급자 : 중위소득 30~50% 이하로 생계·의료·주거·교육 분야 지원대상
  - 차상위계층 : 중위소득 50% 이하이나 기초생활수급 대상은 아닌 잠재적 빈곤층
  - 실업급여 수급중인 자
  - 군 복무 중인 자(사회복무요원 포함)",1883,서울특별시,제한없음,미취업자,"고교 졸업, 대학 졸업",20250306,20250313,제한없음
20250304005400210577,현금지급,충주시 관내학교 졸업생 장기근속 장려금 지원,"기업에,관내,정규직으로",관내 학교 졸업 후 관내 기업에 장기근속 하는 경우 장려금 지원,일자리,재직자,"사업대상 : 최근 3년 이내(2023~2025년) 관내 고등·대학교· 대학원 졸업(예정)자가 관내 기업에 정규직으로 채용되어 6개월 이상 근속한 자
사업내용 : 충주시에 본사 또는 사업장을 둔 기업에 정규직으로 채용되어 6개월간 근속 근무한 경우 1회 50만원 지급",경제교통국,,상시,기타,,,예산 소진시까지,"○ 신청방법
 - 방문: 충주시일자리종합지원센터
 - 전자메일: goodjob16@korea.kr
- 홈페이지: https://job.chungju.go.kr
(지원사업-관내학교 졸업생 장기근속 장려금)
 - 카카오톡채널
 : http://pf.kakao.com/_kxmzij (1:1 채팅)
 - 팩스: 043-848-9169",재직 확인 및 대상자 확인 → 매월 초 신청자 장기근속 장려금 지급,,"- 관내학교 졸업생 장기근속 장려금 신청서 1부.
- 재직증명서 1부.
- 주민등록초본(주소 이력 포함) 1부.
- 졸업(예정)증명서 1부.
- 통장 사본 1부.","-기타정보 문의처 : 충주시일자리종합지원센터
(☎043-850-7367)",https://job.chungju.go.kr/introduceCenter/notice?srl_board=2345&order=read,,N,19,39,제한없음,무관,,," ❍ 소비ㆍ향락 업체, 근로자 파견 업체 및 공급업체(용역업체 포함) 근로자
  ❍ 3개월 미만의 계절적ㆍ일시적 인력수요 사업체 근로자 
  ❍ 공공기관, 공기업, 학교, 금융업 근로자
  ❍ 정부 부처 인센티브 사업 기수혜자
  ❍ 사업주의 배우자, 직계존비속, 형제ㆍ자매
  ❍ 개인사업장 종사 근로자
  ❍ 그 외 해당 사업 취지에 부합하지 않다고 판단되는 근로자
",144,충청북도 충주시,제한없음,재직자,제한없음,,,제한없음
20250304005400210576,채용,충주시 청년 구직자 취업 지원,"충주기업,충주시민,면접자",청년 구직자 취업 지원비를 지원하여 고용률 제고 및 구직비용 경감,일자리,취업,"■ 사업대상 : (공통) 고용24(워크넷) 구직등록자
- 사진 촬영비 : 19~39세, 충주시민 또는 충주기업 입사 지원자
- 면접비 지원 : 19~39세, 충주 관내 기업 면접자
- 자격증 취득지원 : 19세~65세, 충주에 주소를 두고 있는 실업자
- 면접정장 무료대여 : 15세 이상으로 충주시민 또는 충주에서
활동하는 자(재학,재직) 또는 충주기업 면접자
■ 사업내용
- 사진 촬영비 : 1인당 1회, 3만원 내 실비
- 면접비 지원 : 1인당 1회 5만원
- 자격증 취득지원 : 1인당 2회, 총 5만원 내 실비
- 면접정장 무료대여 : 면접에 필요한 의류 일체 (1인당 연5회)",경제교통국,,상시,기타,,,예산 소진시까지,충주시일자리종합지원센터 홈페이지 참고,,https://job.chungju.go.kr/,해당 사업별 공고문 확인,,,,N,19,39,제한없음,무관,,,,145,충청북도 충주시,제한없음,기타,제한없음,,,제한없음
20250228005400210575,채용,2025년 군산시 청년 면접정장 대여 지원사업,"군산시,면접,대여",2025년 군산시 청년 면접정장 대여 지원사업,일자리,취업," ❍ 지원대상 : 관내/외 18 ~ 39세 청년 구직자
   * 연도 기준: 1985~2007년생(1985년생은 신청일 기준 생일을 지나지 아니한 자)
 ❍ 지원조건 : 군산시 소재 사업장 채용 면접자(1인 최대 연 3회)
   ※ 모의 면접, 대학(원) 응시 면접, 학군단 면접, 타지자체 소재 사업장 면접 등은 불가하며,
      체험형 인턴, 특정 회사 면접이 정해지지 않은 단순 일자리 박람회 등 취업과 직접 연계
      되지 않는 경우 대여 불가
 ❍ 지원내용 : 취업 면접에 필요한 정장의류 및 코디 물품 등
   - 남 : 자켓, 바지, 셔츠, 벨트, 타이, 구두
   - 여 : 자켓, 스커트(바지), 블라우스, 구두
 ❍ 대여규정 : 대여일로부터 3박 4일
   * 택배 수령/반납 포함, 연체 시 자부담 발생",군산시,군산시,특정기간,특정기간,20250201,20251231,," ❍ 신청기한 : 대여 희망일로부터 최소 1주일 전 
 ❍ 신청방법 : 군산시청년뜰 누리집(홈페이지) 청년참여 / 청년프로그램 신청
 ❍ 지원절차 : 지원신청(구직청년) -> 지원신청확인 및 가부심사(사업담당자) -> 승인대상자에게 
                    쿠폰발행(사업담당자) -> 열린옷장사이트에서 정장 및 코디물품 대여(구직청년)
                    -> 택배 또는 직접방문하여 정장수령(구직청년) -> 3박4일 내 대여품 반납(구직청년)",,https://gsyouth.or.kr/main/m52/," ❍ 제출서류 : 면접증빙자료 및 신분증 사본 각 1부.
   * 면접증빙서류 : 회사명, 면접일, 연락처 등 세부 내용이 확인되는 이메일, 문자, 
                    서류합격 통지서 등 "," ❍ 유의 사항
  - 기본 대여기간 : 대여일 포함 3박 4일
  - 정장 훼손 및 분실 시 그에 따른 손해배상책임(금전배상 원칙)이
    따르며, 고의로 멸실 또는 반환하지 않을 경우 형사처벌 대상이 될 수 있음
  - 정장 훼손 및 반납 지연 등의 사유로 생기는 불이익 및 비용은 신청자가 부담
  - 제출된 서류는 일체 반환하지 않으며 내용이 허위로 판명될 경우 해당자에 한하여 선발 후에도
    이를 취소할 수 있음
 - 제출된 지원서류의 기재 착오, 누락, 또는 연락 불능 등으로 인한 불이익은 지원자의 책임으로 
   하며, 증빙이 어려운 경우 추가 요구가 있을 수 있고 이에 응하지 않는 경우 대여 불가함
 - 본 공고문은 사정에 의하여 변경될 수 있으며, 변경된 사항은 재공고 후 시행할 예정임
",,,Y,18,39,제한없음,무관,,군산시 소재 사업장 채용 면접,,80,전국,제한없음,미취업자,제한없음,20250304,20251212,제한없음
20250227005400210571,기타,상무지구 광주형 통합공공임대주택 건립,"유형의,건립,공공임대주택","집값 상승과 전월세 부담으로 어려움을 겪는 청년, 신혼부부 등 중산층 이하 무주택 가구의 주거안정을 위해 새로운 유형의 질 좋은 공공임대주택 공급",주거,주택 및 거주지,"무주택 가구의 주거안정을 위해 새로운 유형의 질 좋은 공공임대주택 공급
- 통합공공임대주택 460세대 건립(36㎡ 68, 59㎡ 172, 84㎡ 220)",주택정책과,,상시,기타,,,2026년 입주자 모집공고 예정,,,,,,,,N,19,39,제한없음,기타,모집공고시 안내 예정,,,219,광주광역시,제한없음,제한없음,제한없음,,,제한없음
20250227005400210570,대출,청년맞춤형 주택임차보증금 이자지원,"주택임차보증금,대출을,이차보전","대학(원)생, 취업준비생, 사회초년생의 임대보증금 대출을 알선하고 대출이자의 일부를 이차보전하여 주거안정에 기여",주거,전월세 및 주거급여 지원,2억원이하 주택임차보증금 90% 이내(최대1억원) 이자 일부(2%) 2년간 이차보전 | 연장1회 최장4년,청년정책과,,상시,특정기간,20250101,20251231,,"광주청년통합플랫폼 - 청년맞춤형 주택임차보증금 이자지원 신청하기 클릭(신청시작일 생성), 접수 - 적격자 알림(시→은행, 신청인) - 대출적격자 통보(은행→신청인, 시) - 대출실행(은행→신청인) - 이자지원(시→은행)","○ 신규임차계악
- 2025. 4. 11.(금)

○ 갱신임차계약
- 신청월(3, 5, 7, 9, 11월 중 해당월)의 말일/ 3월1일~10일 신청자는 3월 31일 발표

○ 연장신청 : 별도안내",https://youth.gwangju.go.kr,"
○ 공통서류
- 임차보증금 이자지원 신청자 의무사항 및 각서(서식 1)
- 개인정보 수집‧이용 및 제3자 정보제공 동의서 (서식 2)
- 주민등록초본(주소변경이력포함, 발급일자 필수)
- 주민등록등본(발급 일자 필수)
- 가족관계증명서
- 지방세 세목별 과세증명서(전국/전체)
- 건강보험 자격득실확인서(가입이력전체포함)
- 건강보험 납부확인서(취창업자:본인, 기혼자:본인 및 배우자, 취준생:부모)
- 건강보험 자격확인서(소득산정 가구원의 건강보험 자격확인, 가입이력포함)
- 임대차계악서(갱신임차계약인 경우)

○ 대학(원)생, 취업준비생 추가서류
- 부모 소득금액증명원 또는 원천징수영수증 (부모 모두)
- 사실증명원 (부모가 소득이 없는 경우)
- 재학(휴학)증명서 / 졸업증명서 등 (총장 직인 필수)

○ 취창업자 추가서류
- 재직증명서(혹은 사업자등록증)
- 본인 2023년 소득금액증명원 또는 2024년 원천징수영수증","
○ 신규임차계악
(신규물건지 계약 전)
- 상반기 : 2025. 3. 17.(월) 09:00 ~ 3. 26.(수) 18:00 / 10일간
- 하반기 : 미정

○ 갱신임차계약
(기존계약 연장이거나 해당주택 첫 계약이더라도 기지급한 임차보증금 대환 등이 필요한 경우)
- 2025. 3. 1.(토) 09:00 ~ 3. 10.(월) 18:00 (계약갱신일 ’25.1.16.~3.10일인 경우)
- 2025. 5. 1.(목) 09:00 ~ 5. 10.(토) 18:00 (계약갱신일 ’25.3.16.~5.10일인 경우)
- 2025. 7. 1.(화) 09:00 ~ 7. 10.(목) 18:00 (계약갱신일 ’25.5.16.~7.10일인 경우)
- 2025. 9. 1.(월) 09:00 ~ 9. 10.(수) 18:00 (계약갱신일 ’25.7.16.~9.10일인 경우)
- 2025. 11. 1.(토) 09:00 ~ 11. 10.(월) 18:00 (계약갱신일 ’25.9.16.~11.10일인 경우)

○ 연장신청 : 만료예정일 45~30일 전(수시)",,,N,19,39,제한없음,기타,공고문 참조,"공고일 현재 광주광역시에 주소를 둔 무주택자 청년
- 청년기준 : 19~39세, 은행 보증 신청일(사업 참여 신청일 아님)
- 무주택자 기준 : 신청자, 배우자 무주택 여부",,709,광주광역시,제한없음,제한없음,제한없음,,,제한없음
20250227005400210568,채용,마을청년활동가 운영,"00,2025년,휴게시간","청년을 위한 공익적 일자리 제공으로 마을에 대한 이해를 돕고, 마을에서 이뤄지는 다양한 사회참여를 통한 진로에 대한 새로운 방향 모색",일자리,취업,"
- 근로계약기간 : 2025년 3월 17일 ~ 2025년 12월 31일
- 월 보 수 : 2,702,370원(기본급, 4대보험 포함)
- 근로시간 : 주5일(월~금) 근무, 9:00~18:00(8시간)
- 휴게시간 : 주간 1시간(12:00 ~ 13:00)",자치행정과,,특정기간,특정기간,20250301,20251231,,"○ 원서교부 : 광주광역시 및 센터 홈페이지(양식 첨부)
- 광주광역시 홈페이지(https://www.gwangju.go.kr/) → 시험인사정보 → 우리시산하기관
- 광주광역시도시재생공동체센터 홈페이지(http://www.gurcc.or.kr/) → 센터소식 → 공지사항
○ 접수방법 : 메일접수(1개의 PDF 파일로 제출, 파일 제출시 파일명 ‘2025 마을청년활동가 지원_성함’)
○ 접 수 처 : jsh@gurcc.or.kr
○ 접수마감 : 2025. 2. 28. 17시까지 도착분(문의 ☎062-515-0847)
○ 기타사항 : 응시표에 기재된 희망 근무지는 참고자료로 활용되며, 채용과정에서 근무지는 조정될 수 있음","시험방법
1) 제1차 시험 : 서류전형
- 응시자격 요건 충족여부 심사(미충족시 불합격자로 결정)
- 응시자격 요건 충족 지원자의 자기소개서, 직무관련 경력(경험) 등을 심사하여 심사위원 점수 평균값이 60점 이상인 자를 합격자로 결정

2) 제2차 시험 : 면접시험(서류전형 합격자)
- 당해 직무수행에 필요한 능력 및 적격성 검정(블라인드 면접)
- 역할 인지도, 활동역량, 품성 및 발전가능성 등 업무추진 역량을 종합적으로 평가
- 심사위원 평정 성적의 최고점수와 최저점수를 제외한 나머지 점수를 산술평균한 값이 60점 이상인 자 중 최고 득점자를 최종합격자로 결정
※ 면접위원 제척․기피․회피 발생 시 점수 합산방법은 면접시험 당일 면접위원회에서 결정",http://gurcc.or.kr,"
- 응시원서 1부(별지 제1호 서식)
- 지원서 1부(별지 제2호 서식)
- 자기소개서 1부(별지 제3호 서식)
- 마을공동체 활동 경험 기술서 1부(별지 제5호 서식)
- 개인정보 수집 이용 제공 동의서(별지 제6호 서식)
- 채용예정분야 경력증명서 1부(해당자에 한함)
- 자격증 사본 1부(해당자에 한함)
- 기타 지원서에 기재된 내용과 관련된 증빙자료(해당자에 한함)",,,,N,19,39,제한없음,무관,,,,28,광주광역시,제한없음,제한없음,제한없음,20250224,20250228,제한없음
20250226005400110565,대출,청년주택드림청약통장,"인하,금리,000만원",무주택 청년의 주택구입과 자산형성을 지원,주거,주택 및 거주지,"□ 이자율: 최대 4.5%
□ 소득기준: 연 5,000만원(직전년도 신고소득이 있는 자 기준), 무주택자
□ 납입한도: 월 100만원
□ 납입금액의 40%까지 소득공제
□ 주택청약에 당첨된 경우 청년주택드림 대출 연계
  ㅇ 청년주택드림 청약통장 1년 이상 가입
  ㅇ 1,000만원 이상 납입
  ㅇ 당첨 시 분양가 80%까지 대출
  ㅇ 금리 최저 연 2.2%(만기, 소득별 차등) 최장 40년까지 지원(고정금리)
  ㅇ 6억 이하, 전용면적 85제곱미터 이하 주택
  ㅇ 생애주기별 금리 인하: 결혼 0.1%p 인하, 출산: 0.5%p 인하, 다자녀: 0.2%p 인하",국토교통부,국토교통부,상시,기타,,,상시,,,,,"□ 업무 취급 은행
○ 우리은행 : 1599-0800
○ KB 국민은행 : 1599-1771
○ IBK 기업은행 : 1566-2566
○ NHBank : 1588-2100
○ 신한은행 : 1599-8000
○ 하나은행 : 1599-1111
○ 대구은행 : 1566-5050
○ 부산은행 : 1800-1333
○ 경남은행 : 1600-8585",https://nhuf.molit.go.kr/FP/FP07/FP0701/FP07010301.jsp,https://www.korea.kr/news/policyNewsView.do?newsId=148926066,N,19,34,제한없음,연소득,,"□ 소득기준: 연 5,000만원(직전년도 신고소득이 있는 자 기준), 무주택자",,3960,전국,제한없음,제한없음,제한없음,,,제한없음
20250224005400210564,현금지급,"금천형 취업성공키트(자격시험 준비비, 면접 준비비, 문화비 지원)","준비비,문화힐링비,수강료","금천구 미취업 청년들에게 구직활동에 필요한 자격증 시험 응시료, 수강료 및 면접 준비비와 취업스트레스 완화를 위한 문화힐링비 지원",일자리,취업,"금천구 미취업 청년들에게 구직활동에 필요한 자격증 시험 응시료, 수강료 및 면접 준비비와 취업스트레스 완화를 위한 문화힐링비 지원
- 자격시험 준비비(응시료,수강료,교재비) : 최대 30만원, 계좌이체(현금) / 실비 환급
- 면접 준비비(헤어메이크업, 정장대여 등) : 최대 5만원 x 2회, 모바일 지역사랑상품권 / 실비 환급
- 문화힐링비(영화, 도서, OTT, 인터넷서점 등) : 최대 10만원, 모바일 지역사랑상품권 / 실비의 90% 환급",금천구,,상시,특정기간,20250305,20251130,,"금천구청 홈페이지 온라인 접수(geumcheon.go.kr), 제출서류 업로드
※ 구 홈페이지 > 분야별정보 > 복지/건강 > 아동청년 지원 > 청년정책 > 금천형 취업성공키트 사업 지원(신청)
",선정자에 한해 문자 발송,,"지원항목별 상이(홈페이지 공고문 참고)
※ 구 홈페이지 > 우리금천 > 금천소식 > 고시공고 > ""금천형 취업성공키트"" 검색 (서울특별시 금천구 공고 제2025-311호)","선착순 접수, 예산 소진 시 조기 마감",https://www.geumcheon.go.kr/portal/tblSeolGosiDetailView.do?key=294&notAncmtMgtNo=34641,,Y,19,39,제한없음,기타,(문화힐링비만 해당)기준중위소득 150% 미만 해당자,"- 취업 또는 사업자등록 사실이 없을 것
- 비용 지출일로부터 신청일까지 금천구에 계속 거주하여야 함",신청항목별 상이(공고문 참고),425,서울 금천구,제한없음,미취업자,제한없음,,,제한없음
20250221005400210536,커뮤니티,2025년 제11회 대구청년주간 개최,"제11회,개최,동성로","제11회 대구청년주간을 청년주도형으로 개최하여 청년과 시민이 함께 즐길 수 있는 청년주간 개최
- (일시/장소) '25.9~10월 중 / 동성로 일원(舊중앙파출소 ~ 舊대구백화점 앞 무대 ~ CGV대구한일)
- (사업내용) 개막식, 공연․문화행사, 교류행사, 부스운영 등",참여권리,정책인프라구축, ○ (기획부스) 부스운영지원 최대 100만원 종도,대구광역시,,특정기간,특정기간,20251018,20251019,,,,,,,,,N,19,39,제한없음,무관,,,,113,대구광역시,제한없음,제한없음,제한없음,20250901,20250930,제한없음
20250221005400210534,프로그램,청년도전지원사업 젊핑(대구시),"참여수당,이수인센티브,중기","구직단념청년등의 구직의욕 고취를 위한 맞춤형 프로그램 제공, 참여수당 지원",일자리,취업,"○ 단기 (5주)
 - 참여수당(50만원)
○ 중기 (15주)
 - 참여수당(150만원), 이수인센티브(20만원)
○ 장기 (25주)
 - 참여수당(250만원), 이수인센티브(20만원), 취업활동시(30만원)

 ※ 중기, 장기 과정 이수자 중 6개월 이내 취(창)업 + 3개월 근속시 50만원 추가 지원",고용노동부,,상시,기타,,,"단기: 10~11월 / 중기: 4~7월, 8~11월 / 장기: 3~9월","□ A유형
1.워크넷 청년도전지원사업 신청
  사이트 : 고용24 
※ 신청기관 대구광역시청년센터 선택

2. 청년센터에서 접수처리 후 프로그램 개별 안내
- 구직문답표 작성
- 개별 안내를 통한 프로그램 진행 일정 선택

□ B유형
1. 구글폼 청년도전지원사업 신청
  - 구글폼 주소 : 과정별 모집 공고 확인

2. 청년센터에서 자격요건 확인 후 개별 안내
- 구직문답표 작성
- 개별 안내를 통한 프로그램 진행 일정 선택",,,통장사본,"A유형
[구직단념청년]
(만 18~34세 청년) 6개월 이상 취(창)업·교육·직업훈련 참여 이력이 없고, 1차 상담 진행 시 상담원 문답표 21점 이상(만점 30점)인 청년
* 군 경력자는 복무기간에 비례하여 참여 제한 연령을 연동하여 적용(최고 만 39세로 한정)
* 대학교 이상 졸업 청년은 졸업일 이후 6개월 이상 취(창)업·교육·직업훈련 참여 이력이 없어야 참여 가능

B유형 
[지역 특화 청년] 아래 세가지 중 한가지 이상 해당자 
 1. 만 35세~39세 청년(6개월 이상 취(창)업 및 교육, 직업훈련 참여 이력이 없는 청년)
 2. 대구광역시청년센터가 운영하는 협의체 참여기관에서 청년도전지원사업 참여가 필요하다고 추천한 청년(추천서 등 증빙서류 제출)
 3. 6개월 이상 취(창)업·교육·직업훈련 참여 이력이 없는 생계형 아르바이트(주 30시간 미만) 활동 청년
[자립준비청년]
 - 아동복지시설 등*에서 보호받고 퇴소한 자 중 퇴소 5년 이내의 청년 또는 퇴소 대상자임에도 불구하고 퇴소일을 연장한 청년
 * 아동양육시설, 공동생활가정, 가정위탁, 아동보호치료시설, 자립지원시설 보호종료 확인서 제출하여 확인
[청소년 복지시설 입·퇴소 청년]
 - ｢청소년복지 지원법｣ 제31조에 따른 청소년복지시설*에서 6개월 이상(합산 불가능) 보호한 만 18~34세 청년
  * 청소년쉼터, 청소년자립지원관, 청소년회복지원시설 등
[북한 배경 청년]
 - 북한을 이탈한 자*로서 만 18~34세 청년
  * 북한이탈주민등록확인서(민원24 발급 가능)를 제출받아 확인

※ 신청 제외 대상
1. 6개월 이내 의무복무 예정자
2. 사이버대학교, 대학(원)생, 방송통신고등(대)학교 재학생(졸업예정자 및 휴학생 포함)
3. 고용보험법에 따른 구직급여를 받고 있거나 구직급여의 지급이 끝난 날부터 6개월이 지나지 않은 자
4. 국민취업제도에 참여하여 수혜 중인 자
5. 국가 또는 지자체의 유사 사업에 참여하여 수당*을 지원받은 지 6개월이 지나지 아니한 자(*월평균 50만원 이상 또는 총 300만원 이상)
6. 사업자등록으로 개업하여 매출에 상관없이 사업을 영위하는 창업자로 폐업 후 6개월이 지나지 아니한 자(고유번호증에 의한 사업 포함)",,,Y,18,39,제한없음,무관,,,"1. 6개월 이내 의무복무 예정자
2. 사이버대학교, 대학(원)생, 방송통신고등(대)학교 재학생(졸업예정자 및 휴학생 포함)
3. 고용보험법에 따른 구직급여를 받고 있거나 구직급여의 지급이 끝난 날부터 6개월이 지나지 않은 자
4. 국민취업제도에 참여하여 수혜 중인 자
5. 국가 또는 지자체의 유사 사업에 참여하여 수당*을 지원받은 지 6개월이 지나지 아니한 자(*월평균 50만원 이상 또는 총 300만원 이상)
6. 사업자등록으로 개업하여 매출에 상관없이 사업을 영위하는 창업자로 폐업 후 6개월이 지나지 아니한 자(고유번호증에 의한 사업 포함)",298,대구광역시,제한없음,미취업자,"고교 졸업, 대학 졸업",,,제한없음
20250221005400210533,프로그램,제3기 세종특별자치시 청년정책조정위원회 위원 모집,"세종특별자치시,조정,심의",「세종특별자치시 청년기본 조례」제9조에 의거 청년정책에 관한 주요사항을 심의‧조정하기 위하여 《세종특별자치시 청년정책조정위원회》 참여 위원 모집,참여권리,청년참여,"청년정책에 관한 주요사항 심의‧조정
1. 청년정책 기본계획 및 시행계획 수립‧변경
2. 청년정책 조정‧협력 및 분석‧평가
3. 청년정책 제도개선 등에 관한 사항 등 심의‧조정 등",세종특별자치시,세종특별자치시,특정기간,특정기간,20250501,20270430,,"○ 세종시 누리집 공고문 확인 후 전자우편(jsh7807@korea.kr) 신청
○ 청년DB(https://www.2030db.go.kr)를 통한 온라인 지원
","심사항목*에 따른 서면심사 후 성별, 연령 등을 고려하여 선정(4월 중 선정자에 한해 개별통지)
1. 지원동기(20), 활동계획(30), 본인의 강점 활용방안(20), 활동이해도(30)
",https://www.sejong.go.kr/bbs/R0071/list.do,"위원신청서, 개인정보제공동의서",,https://www.2030db.go.kr/user/ntt/BBS_0000000000000005/nttList.do,,N,19,39,제한없음,무관,,19-39세 청년,공고문 참고,35,세종특별자치시,제한없음,제한없음,제한없음,20250301,20250320,제한없음
20250221005400210532,현금지급,동성로 청년버스킹 활성화 사업,"동성로,청년예술인,공연","- <동성로 청년버스킹> 연중 개최로 청년이 모여드는 지역 대표 거리 공연 거점 조성 
- 청년예술인 중심의 대구 대표 공연 공간으로 조성하여 동성로 활력 부여 및 관광 활성화 등 젊음의 거리 상징성 
   강화로 전국적인 버스킹성지 도약",복지문화,예술인지원,"- 공모를 통한 청년예술인 선발
- 선발된 청년예술인 공연기회 최소 3회 제공(팀 인원수별 참가지원금 차등지원)
- 경연 우수 3팀 상금 지급 및 대구시 행사 공연 기회 제공 
- 대학동아리팀 우수 3팀 상금 지급",대구광역시,,특정기간,특정기간,20250301,20251231,,추후 업데이트 예정 ,,,,,,,N,19,39,제한없음,무관,,,,73,전국,제한없음,제한없음,제한없음,20250310,20250331,제한없음
20250221005400210531,기타,충청북도 청년포럼,"청년정책,방향을,현안에",충북 청년의 삶 및 청년정책 발전 방향을 모색하고 청년의 의견 수렴  ,참여권리,청년참여,"❍ (사업대상) 도내 청년 19~39세 이하
❍ (사업내용) 청년정책 전문가 포럼 및 청년 주요 현안에 대한 자유토론
",충청북도,,특정기간,특정기간,20250101,20251231,,"❍ (시기) 2025. 5월 중(미정)
❍ (방법) 충북청년희망센터 홈페이지 안내 및 신청
충북청년희망센터(https://www.cbhope1539.net)",,https://www.cbhope1539.net,,,,,N,19,39,제한없음,무관,,,,43,충청북도,제한없음,제한없음,제한없음,20250501,20250531,제한없음
20250221005400210521,상담,충북청년희망센터 운영,"도내,공간,정책참여","도내 청년의 다양한 활동 지원을 위한 청년친화 공간 운영, 청년의 정책참여 독려 및 청년발전 도모  ",참여권리,정책인프라구축,"❍ (사업대상) 도내 청년 19~39세 이하
❍ (사업내용)
   - 도내 청년들의 학습, 취·창업, 문화활동 등을 위한 공간 제공
    *코워킹스페이스(1), 회의실 및 상담실(2), 대회의실(1)
   - 6개 세부사업(찾아가는 청년센터, 심리상담, 서포터즈기자단,         유관기관 네트워크, 청춘만남 프로그램, 청년 소셜링 프로그램)",충청북도,,상시,특정기간,20250101,20251231,," ❍ (시기) 수시 모집
 ❍ (방법) 충북청년희망센터 홈페이지
충북청년희망센터(https://www.cbhope1539.net)",,https://www.cbhope1539.net,,,,,N,19,39,제한없음,무관,,,,66,충청북도,제한없음,제한없음,제한없음,,,제한없음
20250220005400210518,채용,청년인턴제 운영사업,"운영사업,4대보험,이해도",청년 미취업자를 대상으로 공공기관 내 양질의 일자리를 제공하여 취업경쟁력 및 군정 이해도 제고 기여,일자리,취업,"   - 채용규모 : 1명
   - 근 무 지 : 괴산군일자리종합지원센터
   - 지원내용 : 청년인턴 인건비 지원 및 4대보험 가입",괴산군,,특정기간,기타,,,매년 시행,,,,,,,,N,19,39,제한없음,무관,,,,16,충청북도 괴산군,제한없음,미취업자,제한없음,20251201,20251231,제한없음
20250220005400210505,기타,음성군 청년월세 지원사업,"음성군,자립과,사회진입",청년들의 주거비 부담을 경감하고 경제적 자립과 사회진입 지원 강화,주거,전월세 및 주거급여 지원,"생애 1회, 월 최대 15만원, 최대 12개월 임차료 지원",음성군,2030전략실,특정기간,특정기간,20250101,20251231,,주민등록 주소지 행정복지센터 방문,,,공고문 참고,,,,Y,19,39,제한없음,기타,중위소득 150%이하,공고문 참고,공고문 참고,29,충청북도 음성군,제한없음,제한없음,제한없음,20250122,20250228,제한없음
20250220005400210504,기타,청년월세한시특별지원,"소득이,중위소득,기준", ❍ (목적) 주거비로 어려움을 겪고 있는 청년층의 주거비 부담 경감,주거,전월세 및 주거급여 지원," ❍ (지원대상) 부모와 별도로 거주하는 무주택 청년(만 19~34세) 청약통장가입필수  
 ❍ (소득기준) 청년 원가구의 소득이 기준 중위소득 100% 이하이면서 
             청년 독립가구 소득이 기준 중위소득 60% 이하
 ❍ (지원내용) 1인 월 최대 20만원 임차료 지원(최대 24개월, 생애 1회)",제천시,제천시,특정기간,기타,,,상시, ❍ (방법) 주소지 읍면동 행정복지센터 방문 신청 및 복지로신청,,,,,,,N,19,34,제한없음,기타,청년 원가구의 소득이 기준 중위소득 100% 이하이면서 청년 독립가구 소득이 기준 중위소득 60% 이하,,,27,충청북도 제천시,제한없음,제한없음,제한없음,20250101,20250225,제한없음
20250220005400210500,채용,청년층 인턴형 일자리지원,"청년층,10인,고용촉진", ❍ (목적) 관내 청년층 대상으로 기업체에서 인턴형 직장체험활동 실시하여 직업 가치관 정립에 기여하고 지역의 인재양성 및 고용촉진 제고  ,일자리,재직자," ❍ (신청대상)
    - 기  업 : 제천시 소재(본점, 분점, 공장 등) 상시근로자 10인 이상 기업
    - 참여자 : 공고일 기준 주민등록 주소지가 제천시인 청년(18세 이상 34세 이하) 
 ❍ (지원내용) 인건비 지원(최저시급 100%) ",제천시,제천시,특정기간,특정기간,20250501,20250630,," ❍ (신청시기) 2024. 11. ~ 12.(동계, 선발완료) / 2025. 5. ~ 6.(하계)
 ❍ (신청방법) 시 홈페이지 공고문의 신청서 작성 방문 또는 우편 제출
             (참여기업 모집 후 기업별 참여자 모집)",,,,,,,N,18,34,제한없음,무관,,,,42,충청북도 제천시,제한없음,"재직자, 미취업자, 프리랜서, 일용근로자, 단기근로자, 영농종사자, 기타",제한없음,20250501,20250630,제한없음
20250220005400210494,대출,결혼비용 대출이자 지원사업,"혼인신고,대출건,1년이내", ❍ (목적) 결혼자금 부담완화를 통해 결혼친화환경 조성 및 출산·육아 등 안정적 정착기반 지원,복지문화,취약계층 및 금융지원," ❍ (지원대상) 도내 거주하는 가구(부부)합산 기준중위소득 180%이하   19세~39세 청년 신혼부부
 ❍ (지원내용) 가구당 기납부이자 연 최대 50만원 지원(최대 2년)
    - 신용대출 : 혼인신고 전 1년이내 받은 대출건
    - 주택자금대출 : 혼인신고 전 1년이내 또는 혼인신고 후 6개월 이내 받은 대출건
    - 한도대출 : 혼인신고 전 1년이내 받은 대출건",제천시,제천시,상시,기타,,,상시," ❍ (시기) 연중  ※ 예산 소진시까지 선착순 접수
 ❍ (방법) 주소지 읍면동 행정복지센터 방문 신청",,,,,,,N,19,39,기혼,기타,기준중위소득 180% 이하,,,116,충청북도 제천시,제한없음,제한없음,제한없음,,,제한없음
20250220005400210490,현금지급,충북행복결혼공제사업,"30,시군,적립", ❍ (목적) 미혼청년 결혼 장려를 통한 출생률 제고 및 청년 근로자 장기근속 유도와 젊은 농촌조성 및 지역경제 활성화 도모,복지문화,취약계층 및 금융지원," ❍ (지원대상) 도내 중소(견)기업 미혼 근로자, 농업인, 소상공인(19~39세)
 ❍ (지원내용) 가입자가 매달 일정액 납입하면 지자체 등에서 매칭적립하여 기간 내 결혼한 경우 매칭금액을 만기목돈으로 지급
 
󰋼 근 로 자 : 월 80만원 적립(도‧시군 30, 기업 20, 근로자 30) → 48백만원+이자
󰋼 농 업 인 : 월 60만원 적립(도‧시군 30, 농업인 30)→ 36백만원+이자
󰋼 소상공인 : 월 60만원 적립(도‧시군 30, 소상공인 30)  → 36백만원+이자
",제천시,제천시,상시,기타,,,상시," ❍ (시기) 연중  ※ 예산 소진시까지 선착순 접수
 ❍ (방법) 주소지 시 담당부서에 방문 신청 또는 등기우편 신청",,,,,,,N,19,39,미혼,무관,," ❍ (지원대상) 도내 중소(견)기업 미혼 근로자, 농업인, 소상공인(19~39세)",,154,충청북도 제천시,제한없음,"재직자, 자영업자, 프리랜서, 영농종사자",제한없음,,,제한없음
20250220005400210477,현금지급,작은 결혼식 지원,"결혼식,200만원,예복",획일적인 형태 및 허례허식을 벗어난 합리적이고 간소화된 예식문화 조성 및 건강하고 합리적인 결혼 문화 조성 ,복지문화,취약계층 및 금융지원,"□ 지원내용 : 초혼 신혼부부당 작은결혼식* 비용 200만원 지급
* 비용 부담이 적고 개성과 결혼 의미를 살릴 수 있는 합리적이고 간소화된 결혼식
* 총 예식비용 1,200만원 이하
* 예식비용 범위(안) : 식대, 스드메, 촬영, 예복, 한복, 장식, 부케, 이벤트, 사회·주례, 답례품, 청첩장, 혼주 예복, 폐백 등 결혼식 전반 비용 포함
  ❍ 충청북도에서 추진하는 '인구감소지역 결혼지원금'과 중복지원 불가
  ❍ 총 결혼비용이 200만원 미만인 경우 실 소요금액만 지원


",충청북도,,특정기간,특정기간,20250101,20251231,,"□ 신청방법
  ❍ 온라인 : 충북 가치자람 온라인 신청
  ❍ 방문 및 우편 : (우)28515 충청북도 청주시 상당구 상당로 82(문화동) 충청북도청 동관 4층 기획조정실 인구청년정책담당관
  ❍ 이메일 : qudwls0812@korea.kr
□ 100쌍 지원 예산 소진시 마감
□ 신청자 : 초혼 신혼부부 구성원 중 1인이 신청
  ❍ 결혼당사자인 신혼부부 중 1인이 직접 신청(대리신청 불가)
  ❍ 신랑 및 신부가 각각 100만원씩 별도 신청불가","□ 지급방식 : 현금지급(개인계좌 지급) *1회 일괄 지급
□ 지급시기 : 작은 결혼식 지원요건에 해당하여 지급대상자 선정통보를 받은 날로부터 1개월 이내 지급
  ❍ 지급대상자 선정은 신청서 접수일로부터 10일이내 통보(보완서류가 있을 경우 보완서류 제출일로부터 10일 이내)
  ❍ 신청자가 많을 경우 예산범위 내에서 신청 접수순서에 따라 지원",https://gachi.chungbuk.go.kr/portal/main/main.do,"□ 신청서 ※ 온라인 신청 시 불필요
□ 개인정보 수집·이용·제공 동의서
□ 참여 동의서
□ 항목별 세부비용 내역서
□ 결제 영수증
□ 혼인관계증명서(상세*) *신고지 및 재혼 여부 확인을 위해 상세 이력이 포함된 서류만 가능
□ 통장사본(신청인 명의 계좌)
□ 신분증 사본(주민등록증, 운전면허증, 여권 등)
※ 온라인 신청 시에는 '충북 가치자람' 플랫폼에 회원가입 후 신청가능하므로 불필요
□ 각 항목별 계약서 및 각 항목별 업체발행 정산서류
□ 주민등록등본 ※ 행정정보공동이용 열람 동의 시, 미제출",문의처 : 충청북도 인구청년정책담당관(043-220-4772),,,N,19,39,미혼,무관,,"□ 비용기준 : 총 예식비용 1,200만원 이하인 결혼식
□ 혼인기준 : 2025. 1. 1. ~ 12. 12. 기간 중 도내에 혼인신고를 하였으며 부부 중 1인 이상이 초혼(모두 재혼 시 신청 불가)
□ 거주기준 : 신청일 기준, 부부 중 1인 이상이 주민등록상 도내 6개월 이상 계속하여 거주
□ 연령기준 : 혼인신고일 기준, 부부 중 1인 이상이 19세 이상 39세 이하인 자
□ 국적기준 : 혼인신고일 기준, 부부 중 1인 이상이 내국인인 자",,471,충청북도,제한없음,제한없음,제한없음,20250520,20251212,제한없음
20250220005400210475,정보제공,대구광역시 청년 국가기술자격시험 응시료 지원,"고용보험,www,청년센터",미취업 청년에게 사회진출 시 필요한 자격증 응시료 지원을 통해 경제적 부담을 경감하고 사회진입 활성화를 도모 및 취업 준비 비용을 지원,일자리,취업,"❍ 지원대상 : 19세 ~ 39세 대구광역시 거주(주민등록) 미취업 청년
  ※ 응시일 현재 미취업자   * 2025. 1. 1. 이후 실시한 시험  
❍ 모집인원 : 매월 70명 정도
❍ 지원내용 : 당해연도 응시한 시험에 한해 1인 3회, 최대 10만원이내 실비지원
  ※ 동종시험에 한해 필기시험·실기시험, 1차·2차 구분없이 총 3회까지 신청 가능
❍ 지원종목 : 국가기술자격시험 ※ 국가기술자격법 시행규칙 별표2. 
❍ 신청기간 : ’25. 3월 ~ ’25. 11월(매월 20일부터 선착순 접수)
❍ 신청방법 : 온라인* 신청(구글 설문지를 통한 신청) 및 방문 신청(청년센터 활동그래)
   * 청년커뮤니티포털 ‘젊프’(www.dgjump.com), 청년센터 홈페이지(www.dgyouth.kr)   
❍ 자격요건
    - 거주요건 : 신청일 현재 대구광역시에 주민등록이 되어 있는 청년
    - 연    령 : 19세 ~ 39세
    - 취업여부 : 미취업자(신청일 현재 고용보험 미가입자)
   * 단, 고용보험 가입되어 있더라도 고용보험 가입 3개월 이하 또는 주30시간 이하 단기근로자일 
      경우 지원 가능
❍ 보다 자세한 사항은 “청년센터 홈페이지”
   (http://www.dgyouth.kr/) ⇒ 공지사항을 참고하시기 바랍니다.",대구광역시,,특정기간,특정기간,20250320,20251231,,"온라인 신청(구글 설문지를 통한 신청) 및 방문 신청(청년센터 활동그래)
* 청년커뮤니티포털 ‘젊프’(www.dgjump.com), 청년센터 홈페이지(www.dgyouth.kr)","❍ 신청 다음달의 15일 경에 발표(상황에 따라 2~3일 차이가 있을 수 있음)
 - 문자메시지로 통보하므로 만약 오지 않았을 경우 스팸문자함 등을 확인",http://www.dgyouth.kr/,"○ (필수) 주민등록초본
○ (필수) 건강보험자격득실확인서
○ (필수) 사업자등록사실증명
○ (필수) 시험응시 증빙자료(응시 확인서)
○ (필수) 응시료 결제영수증
○ (필수) 본인명의 통장사본
○ (선택) 근로계약서 1부 
  ☞ 고용보험 가입 3개월 이하 또는 주 30시간 이하 단기근로자 제출",,,,N,19,39,제한없음,무관,,"❍ (연 령) 신청월 기준 19세∼39세 청년
   [“3월 응시료 지원”을 신청하는 경우(신청기간 3.20.~4.15.) : 1987. 4월생 ∼ 2006. 3월생 
   신청 가능
❍ (거 주) 신청일 현재 주민등록상 대구광역시 거주자
❍ (취 업) 미취업자 대상(고용보험 미가입자)
   - 단, 고용보험 가입되어 있더라도 고용보험 가입 3개월 이하 또는 주30시간 이하 단기근로자일 
     경우 신청 가능
❍ 위 조건을 모두 만족해야 합니다",,196,대구광역시,제한없음,미취업자,제한없음,20250320,20251120,제한없음
20250220005400210474,상담,대구광역시 사회적 고립청년 지원사업 ,"고립청년,정서,사회적",정서적 고립 심화 등으로 어려움을 겪는 청년에게 심리․정서 상담 및 맞춤형 프로그램 등 지원을 통해 대인관계 회복과 사회활동 참여 활성화,복지문화,취약계층 및 금융지원,"(사회적 고립청년)
- 온라인 발굴, 초기상담 후 고립척도별 맞춤형 프로그램 제공(심화상담, 정서 및 관계회복 그룹상담, 
  가족참여 및 자조모임, 외부활동, 사례관리 등)",대구광역시,,특정기간,특정기간,20250304,20251231,,"온라인 신청* 및 방문 신청
   *청년커뮤니티포털 ‘젊프’(www.dgjump.com), 청년센터 홈페이지(www.dgyouth.kr) ",,http://www.dgyouth.kr/,,,,,N,19,39,제한없음,무관,,,,89,대구광역시,제한없음,제한없음,제한없음,20250304,20251231,제한없음
20250219005400210471,보증,충북 청년사회서비스사업단 운영,"청년사회서비스사업단,서비스,사업운영","지역별 청년사회서비스 사업단을 구성·운영하여, 지역 청년이 주체가 되어 지역 사회서비스를 개발·제공함으로써 청년의 사회활동 참여기회 보장 및 지역주민 삶의 질 향상",복지문화,취약계층 및 금융지원," ❍ (사업운영 주체) 청년사회서비스사업단
   - 지역대학, 대학·기관 컨소시엄, 사회복지법인 등을 중심으로 하여 각 시·도별 1~3개씩 선정된 사업단에서 사업 운영
 ❍ (서비스 제공인력의 범위) 19~34세의 청년층
   - 각 바우처사업의 제공인력 자격기준을 충족
 ❍ (사업분야) 지역사회서비스 투자사업, 일상돌봄 서비스 사업 등
",충청북도,,상시,특정기간,20250301,20251231,,❍ (사업단 선정 절차) 사업계획 공고(복지부)→참여기관 발굴(도)→참여기관 신청→신청 기관 결격 사유 조회 등 자체 심사(도)→사업계획서 복지부 제출(도)→청년사업단 최종 선정(복지부),,,,,,,N,19,34,제한없음,무관,,,,72,충청북도,기타,기타,기타,,,기타
20250219005400210469,상담,신 취약청년(가족돌봄·고립은둔) 지원사업,"가족돌봄,고립은둔,지원사업",어린 나이에 가족돌봄 및 가구생계를 책임진 부담으로 학령기 본인을 위한 투자가 부족한 가족돌봄 청년 및 거듭된 실패로 타인과 관계 단절한 고립은둔 청년을 지원하여 청년들의 삶의 질 향상 ,복지문화,취약계층 및 금융지원,"가족돌봄 지원사업
- 자기돌봄비: 240명*2,000천원
- 힐링지원: 청년 원데이클래스, 가족사진 촬영
- 교육지원: 금융, 법률, 진로, 간호(4개분야) 교육
- 정서지원: 심층 대면상담 및 심리검사 지원

고립은둔 지원사업
- 청년지원: 청년상담, 라이프스타일 개선, 자기이해 워크숍, 모바일 게임제작 및 카페 관리 가상회사 운영
- 가족지원: 가족상담, 가족교육",충청북도,,상시,특정기간,20250101,20251231,,"수시모집
(보건복지부 청년on
www.mohw2030.co.kr)",,,,,,,N,19,39,제한없음,무관,,"가족돌봄 지원사업
도내 거주 중인 13세~34세 가족돌봄청년* 및 해당가족
*자기돌봄비 수당을 제외한 나머지 지원사업은 충북 청년 나이(19-39세) 적용

고립은둔 지원사업
도내 거주 중인 19세~39세 
고립은둔 청년* 240명",,164,충청북도,제한없음,미취업자,제한없음,,,제한없음
20250219005400210468,교육,청년4-H회원 창업 성공모델 지원 사업,"청년4,h회원,개발",청년4-H회원의 열정과 창의적인 아이디어가 결합된 신소득 사업 발굴 지원,일자리,취업," ❍ (사업대상) 4-H회원으로서 전문농업인으로 발전 가능성이 있는 청년농업인 선정(만19~40세 미만)
 ❍ (사업내용)
   - 사업량 : 3개소(개소당 50백만원) 
   - 청년4-H회원 보유 농가자원을 활용한 신소득 사업을 발굴 지원
   - 지원내역 : 사업 유형별 신제품(교육·체험프로그램 포함) 개발 비용, 가공·생산·상품화 시설 기반조성 및 상품 개발",충청북도,,특정기간,특정기간,20250101,20251231,," ❍ (시기) 매년 1~2월중(사업계획 준비 필요)
 ❍ (방법) 시군센터 홈페이지 공고, 지방지 게재 등
충청북도 농업기술원 홈페이지 (www.ares.chungbuk.kr)",,,,,,,N,19,39,제한없음,무관,,,,8,충청북도,제한없음,영농종사자,제한없음,20250101,20250228,제한없음
20250219005400210467,시설제공,청년농업인 스마트팜 기반 조성,"스마트팜,스마트,시스템",영농에 정착한 청년농업인을 대상으로 자동화 설비 및 정보통신기술 융합을 통한 스마트 팜을 지원,일자리,취업,"❍ (사업대상) 4-H회원으로서 전문농업인으로 발전 가능성이 있는 청년농업인 선정(만19~40세 미만)
 ❍ (사업내용)
   - 사업량 : 4개소(개소당 100백만원)
   - 채소․과수․화훼․축산 분야별 맞춤형 스마트 팜 기술보급 및 단지 조성
   - 지원내역 : 클라우드 스마트팜 시스템, 원격 및 환경제어 시설, 자동관수시스템, 자동병해충방제시스템, 발정관리기, 자동 급이기, 축사 태양광 시스템 등",충청북도,,특정기간,특정기간,20250101,20251231,,"❍ (시기) 매년 1~2월중(사업계획 준비 필요)
❍ (방법) 시군센터 홈페이지 공고, 지방지 게재 등
충청북도 농업기술원 홈페이지 (www.ares.chungbuk.kr)",,,,,,,N,19,39,제한없음,무관,,,,166,충청북도,제한없음,영농종사자,제한없음,20250101,20250228,제한없음
20250219005400210466,시설제공,영농4-H 활력화 기반구축 지원사업,"안정적,30백만원,생산을",4-H회 활성화 및 청년회원을 농촌에 유입시켜 미래후계인력으로 육성하며 고품질 농산물생산과 농업농촌 활력화 도모,일자리,취업,"❍ (사업대상) 4-H회원으로서 전문농업인으로 발전 가능성이 있는 청년농업인 선정(만19~40세 미만)
 ❍ (사업내용)
   - 사업량 : 1개소(개소당 30백만원)
   - 4-H회원의 안정적 영농기반 조성을 위한 생력화 규모화 
   - 농축산물의 안정적 생산을 위한 농업기자재 및 재료구입
   - 지원내역 : 농축산물 안정생산 기반조성, 시설 및 재료 구입",충청북도,,특정기간,특정기간,20250101,20251231,," ❍ (시기) 매년 1~2월중(사업계획 준비 필요)
 ❍ (방법) 시군센터 홈페이지 공고, 지방지 게재 등
",,https://www.ares.chungbuk.kr,,,,,N,19,39,제한없음,무관,,,,5,충청북도,제한없음,영농종사자,제한없음,20250101,20250228,제한없음
20250219005400210465,현금지급,청년후계농 영농정착 지원,"110만원,사용,생활기반",청년농업인에게 초기 영농자금 지원으로 건실한 경영체로 성장 유도,일자리,취업," ❍ (사업대상) 만 18세 이상 ~ 만 40세 미만, 독립경영 3년 이하 청년농업인
 ❍ (사업내용) 독립경영기간에 따라 생활안정자금 월 90~110만원 지급
   - 1년차 110만원, 2년차 100, 3년차 90만원
   - 농협 바우처카드 발급 사용(영농자재구입, 생활기반 용도 사용)",충청북도,,특정기간,특정기간,20250101,20251231,," 농림사업정보시스템(Agrix) 온라인 접수
",,https://www.agrix.go.kr," 영농계획서, 증빙서류 등 시스템 첨부 필수",,,,N,18,39,제한없음,무관,,,,9,충청북도,제한없음,영농종사자,제한없음,20241218,20250205,제한없음
20250219005400210464,프로그램,청년아르바이트 운영,"도정,사회경험,학비",도내 청년들의 도정 참여를 통한 도정 홍보 및 청년들에게 사회경험 체득과 학비 마련 기회 제공,일자리,취업,도내 청년들의 도정 참여를 통한 도정 홍보 및 청년들에게 사회경험 체득과 학비 마련 기회 제공,충청북도,,특정기간,기타,,,`25. 1. 6. ~ 1. 31.(동계) / `25. 7~8월중(하계),"도 홈페이지 공고를 통해 온라인 신청(구글폼 작성·제출)
하반기 `25. 5~6월 중    ※ `25년 동계 아르바이트는 신청 및 모집완료",,,,"❍ (사업대상) 모집공고일 기준 직전 6개월 이상 본인이나 부 또는 모(보호자 포함)가 도내에 주민등록이 되어있는 19세 이상 34세 이하의 청년
 ❍ (근무장소) 본청 실과, 의회, 직속기관, 사업소(지소), 출장소 등 
 ❍ (근무조건) 94,424원*/일, 1일 8시간(점심시간 별도), 주5일 근무 	 * 1인 최대 보상금 : 2,266,180원(고용보험료 개인부담금 포함) ",,,N,19,34,제한없음,무관,,,,44,충청북도,제한없음,미취업자,제한없음,20250106,20250730,제한없음
20250219005400210463,상담,충북 청년여성 일자리 플랫폼 운영,"청년여성,충북,여성",청년 여성 취‧창업 서비스 종합적 제공으로 일자리 지원체계 마련,일자리,취업,"  - 취·창업지원(취·창업상담, 전문교육, 멘토링, 기업체 연계활동 등)
   - 청년 여성 문화 소통 네트워크 지원
   - 여성 구직 및 창업 연구공간, 커뮤니티 공간 제공

〈충북 청년여성 일자리 플랫폼 청춘잡담〉 
❖ 위    치 : 충북 청주시 상당구
❖ 면    적 : 349.35㎡(전용면적 약 105평)
❖ 공간구성 : 강의실, 상담실, 코워킹스페이스, 사무룸, 아기쉼터, 커뮤니티 스페이스
❖ 사업내용 : 취·창업 지원, 청년여성 문화소통 네트워크, 구직자 커뮤니티 공간 제공 등 
",충청북도,,상시,특정기간,20250101,20251231,,"충북여성인력개발센터 청춘잡담 홈페이지
http://ccjobdam.com",,http://ccjobdam.com,,,,,N,19,39,제한없음,무관,,,,150,충청북도,제한없음,미취업자,제한없음,,,제한없음
20250219005400210462,상담,대학-공공기관 연계 취업프로그램 지원 운영,"취업,대학,면접",지자체 및 대학-공공기관의 협업을 통한 지역인재 공동양성 및 도내 대학생 대상 변화하는 채용 트렌드에 맞춘 취업 컨설팅을 통해 실질적인 취업 역량 강화 도모,일자리,취업,"최근 채용동향 파악, 다양한 맞춤형 면접 프로그램, 전문가 멘토링 등 취업 면접 관련 교육 및 취업정보 제공",충청북도,,특정기간,특정기간,20250301,20251031,,"(시기) 상반기 추진 시 4월 중, 하반기 추진 시 8월 중
(방법) 도내 대학 및 충북학사에 홍보(관내대학 협업, 충북도 협업, 자체홍보)하여  프로그램 참여자 모집 및 취업을 원하는 취준생 대상 지원 접수",,,,,,,N,19,39,제한없음,무관,,"도내 대학 재학생 및 졸업생, 충북학사 등 지역인재 ",,32,충청북도,제한없음,미취업자,"대학 재학, 대졸 예정, 대학 졸업, 석·박사, 기타",20250401,20250831,제한없음
20250219005400210461,교육,일 경험 지원,"경험,취업역량,지원으로",미취업 청년의 취업역량 강화를 위한 직업교육·일 경험 지원으로 청년의 직업선택 기회 확대 및 기업에서 필요로 하는 인력 양성,일자리,취업,동‧하계 방학기간 도내 미취업 청년-중소기업 매칭 및 일 경험 지원으로 청년 취업역량 강화 도모 ,충청북도,,상시,특정기간,20250101,20260228,,"충북청년희망센터 홈페이지 접수
http://www.cbhope1539.net",,http://www.cbhope1539.net,충북청년희망센터 홈페이지 공고 확인,,,,N,19,39,제한없음,무관,,,,150,충청북도,제한없음,미취업자,제한없음,,,제한없음
20250219005400210459,채용,경상남도 청년 면접정장 무료대여,"무료대여,면접정장,포함",구직청년에 대한 면접정장 무료대여 사업,일자리,취업,"구직청년에 대한 면접정장 무료대여 사업
 - 대여품목 : 남․여 정장(셔츠, 블라우스, 넥타이 포함)
 - 대여기간 : 4일(연 5회/인)
 -신청자격 : 경남에 주소를 둔 18~39세 청년《1985~2007년생(고교졸업예정자 포함)》
 - 자격요건 : 취업 면접 참여자
 ※ 모의면접, 대학(원) 진학면접, 학군단면접, 체험형 인턴, 특정회사 면접이 정해지지  않은 단순 일자리 박람회 등 취업과 직접 연계되지 않는 경우는 대여 불가 ",경상남도,,특정기간,특정기간,20250213,20251231,,"서비스 이용 신청 → 대여승인 및 안내 → 예약 및 방문 → 정장코디 → 정장수령 → 정장반납
",,https://youth.gyeongnam.go.kr/youth/youthPolicySearchView.es?page_no=1&mid=a10101000000&start_date=&end_date=&apply_availablity=&policy_title=&keyword=&boardId=4&orderby=LATEST&policy_no=1568,,,,,N,18,39,제한없음,무관,,,,85,경상남도,제한없음,미취업자,"고졸 예정, 고교 졸업, 대학 재학, 대졸 예정, 대학 졸업, 석·박사, 기타",20250213,20251231,제한없음
20250219005400210458,대출,대구형 청년희망주택(공공임대주택) 임대보증금 이자 지원 사업,"대구형,임대보증금,청년희망주택",대구형 청년희망주택 입주자에게 임대보증금 이자를 지원하여 주거부담 경감 및 청년 주거안정을 도모하고자 함.,주거,전월세 및 주거급여 지원,표준임대보증금 범위내에서 대출이자 50% 지원,주택과,,상시,특정기간,20250131,20250131,,대구형 청년희망주택 입주자가 대구안방 플랫폼을 통해 지원 신청,"분기별 신청 및 3, 6, 9, 12월 20일 지출",https://anbang.daegu.go.kr/hopeHousing/businessOverView.do,"주민등록등본 (개인정보유출솔루션에 의해 차단될 시 JPG, ZIP 파일로 변환하여 첨부)
주민등록등본에서 주민등록번호의 생년월일 제외 뒷자리 삭제하여 제출
통장사본 (이자지원을 받을 계좌)
금융거래확인서 (대출용도:주택전세자금)
주택자금상환등증명서 (대출계좌표기)
대출이자납입증명서, 여신거래내역, 기간별 대출계산서 등 첨부
금융거래확인서, 주택자금상환등증명서는 은행에서 발급가능
주택자금상환등증명서는 신청 시 분기마다 갱신해야 함",,,,N,19,39,제한없음,무관,,"-대구형 청년희망주택의 대학생·청년·신혼부부 등 청년계층 입주자 중 전세자금 대출자
-청년희망주택 계약자, 전세자금 대출자, 이자지원 신청자가 동일해야 함
-지원 가능 단지 : (대구도시개발공사) 송현청아람더영 / 원대청아람더영 / 인동촌청아람더영 / 
  상인3동청아람더영 / 안심청아람더영 (LH) 침산행복주택 / 동인행복주택 / 죽전행복주택",주거급여수급자 또는 전세금 대출이자·월세 등 정부 및 우리 시 주거지원 받고 있는 대상자,505,대구광역시,제한없음,제한없음,제한없음,,,제한없음
20250219005400210457,기타,대구형 청년희망주택 임대료 지원 사업,"대구형,청년희망주택,수준으로",대구형 청년희망주택(공공임대주택) 입주자에게 임대료를 지원하여 주거부담 경감 및 청년 주거안정을 도모하고자 함,주거,전월세 및 주거급여 지원,표준임대료 주변 시세의 50% 수준으로 지원,주택과,,상시,특정기간,20250131,20251231,,"공공주택사업자(LH, 대구도시개발공사)가 대구시로 임대료를 월별 지원 신청",매월 20일 지원,,,,,,N,19,39,제한없음,무관,,"-지원 가능 단지 : (대구도시개발공사) 송현청아람더영 / 원대청아람더영 / 인동촌청아람더영 / 
 상인3동청아람더영 / 안심청아람더영 (LH) 침산행복주택 / 동인행복주택 / 죽전행복주택",주거급여수급자 또는 전세금 대출이자·월세 등 정부 및 우리 시 주거지원 받고 있는 대상자,748,대구광역시,제한없음,제한없음,제한없음,,,제한없음
20250218005400210448,상담,대구광역시 청년마음건강센터 운영,"정신건강,운영,집단",대구지역 정신건강에 어려움이 있는 청년 대상 정신건강 통합 서비스 제공,복지문화,건강,"ㅇ (대상) 대구시 거주 만19~34세 청년
ㅇ 정신건강 상담창구 운영(전화, 온라인, 대면)
ㅇ 집단 프로그램 운영(인지행동 치료프로그램, 여가, 문화 활동 등)
ㅇ 정신건강 고위험군 치료비 지원",건강증진과,건강증진과,상시,기타,,,상시운영,"온라인, 전화 신청",,https://www.youthdgmhc.or.kr/,대구청년마음건강센터 홈페이지 참조,,https://www.youthdgmhc.or.kr/,,N,19,34,제한없음,무관,,,,253,대구광역시,제한없음,제한없음,제한없음,,,제한없음
20250218005400210447,교육,광주 인공지능사관학교 운영,"ai,데이터,인프라",산업계 수요를 반영한 양질의 맞춤형 교육을 지원하여 기업이 원하는 최적의 AI 실무인재 양성과 AI 기술 기반 취‧창업 활성화 도모,"일자리, 교육","취업,미래역량강화","
- 교육과정 : 온라인 교육(선발과정) + 본 교육(핵심 : AI 빌드업, 실전: AI 엑스퍼트, 프로젝트: AI 마스터) + 취‧창업 역량 강화
- 교육내용 : 5개 전공 과정(10개반 운영)
① AI 모델링
• 머신러닝 및 AI 알고리즘 설계/테스트, 서비스 모델 개발
② AI 기반 서비스
• AI 모델 프로덕션을 위한 인프라 설계, 서비스 개발 및 프로젝트 관리
③ AI 플랫폼&인프라
• 데이터 구조화, 플랫폼 설계 구축, 운영 및 서비스 인프라 운영
④ 데이터 기술
• AI 관련 데이터 관리/유지 다양한 분석 데이터 생성
⑤ AI 비즈니스 개발
• 비즈니스 목표에 부합하는 AI 서비스 기획을 통한 AI 기반 기술 융합 창출",AI반도체과,,특정기간,특정기간,20250101,20251231,,인공지능사관학교 홈페이지(https://gj-aischool.or.kr/) 입교 신청,https://gj-aischool.or.kr/,,모집 공고문 참조,,,,N,18,39,제한없음,무관,,,,81,전국,제한없음,"미취업자, (예비)창업자, 기타",제한없음,20250211,20250430,제한없음
20250218005400210445,교육,GCC 사관학교 운영,"콘텐츠,심화,글로벌","실감 콘텐츠, 게임, 애니메이션, 웹툰 등 글로벌 콘텐츠 인재 양성

","일자리, 교육","취업,미래역량강화","
- 교육비 전액 무료- 현장 전문가(현업 종사자)를 통한 실무 특화 교육 제공
- 기초/심화 교육기간 교육수당지원 (1일당 최대 2만원)
- 기업연계프로젝트 기간 실습수당 지원(월 최대 60만원)
- 아시아 최고 수준의 VX스튜디오에서 교육 및 실습
- 국내 유일 IC-VFX Media Sever 활용 심화 교육
- 글로벌 교육인증 라이센스(언리얼, 디스가이즈) 취득 지원- 선수 ·보충학습을 위한 온라인 콘텐츠 제공
- 분야별 스타강사 강의 및 전문가 멘토 참여",콘텐츠산업과,,특정기간,특정기간,20250101,20251231,,"
GCC사관학교 온라인 홈페이지 (https://www.gccaca.kr) 를 통한 신청
- GCC사관학교(https://www.gccaca.kr) 홈페이지 접속 → 오프라인 교육 확인 및 신청 버튼 클릭 → 희망 과정 선택 → 지원서 작성 및 제출 → 별도 제출서류 등 유의사항 확인",,https://www.gccaca.kr,"
가산점 세부항목 및 증빙서류는 공고문 참조",,,,N,18,39,제한없음,무관,,,,15,광주광역시,제한없음,제한없음,제한없음,20250113,20250224,제한없음
20250218005400210444,프로그램,2025 충북 청년축제,"문화예술공연,충북,공연","청년의 공연, 소통, 체험에 대한 어울림의 장(場) 마련",복지문화,문화활동,"청년강연, 청년정책제안, 청년사연 프로그램, 문화예술공연 등",충청북도,,특정기간,특정기간,20250101,20251231,,"충북청년희망센터 홈페이지, 충북청년포털 게재",,,,"청년 추진기획단 모집 (2월), 
행사 개최 (9월) ※청년주간 연계, 청년의 날(`25 9. 20.)",https://www.chungbuk.go.kr/young/contents.do?key=5055,,N,19,39,제한없음,무관,,,,82,충청북도,제한없음,제한없음,제한없음,20250101,20250930,제한없음
20250218005400210440,채용,기업초청 토크콘서트 ,"토크콘서트,분야의,전수","도내 유망기업 또는 공공기관 인사 담당자 등 청년이 선호하는 분야의 전문가 초빙하여 채용시장 전망, 채용 프로세스 등 실질적인 취업 노하우 전수","일자리, 교육","취업,미래역량강화","연중 3회(상반기 2회, 하반기 1회) 기업 및 선호 분야의 전문가를 초청하여 토크콘서트 진행
",충청북도,,상시,특정기간,20250101,20251231,,"충북청년희망센터 홈페이지, 인스타그램을 통해 안내 및 신청
(충북청년희망센터https://www.cbhope1539.net) ,인스타그램 cbhope1539)",,https://www.cbhope1539.net,,,,,N,19,39,제한없음,무관,,,,131,충청북도,제한없음,미취업자,제한없음,,,제한없음
20250125005400210408,현금지급,「제4기 화성시 청년정책협의체」 위원 모집,"청년정책협의체,위원,화성시","청년정책 발굴 및 제안, 청년의견 수렴, 청년 참여를 통한 네트워크 활성화 등 활동을 하는 화성시 청년정책협의체 위원 모집",참여권리,청년참여,"○ 활동지원
  - 청년정책협의체 위원 위촉장, 활동인증서* 제공
     *활동인증서는 회의 참여율 등 기준 충족 시 수여
  - 활동비 지급 : 회의 참석 등 협의체 활동 시 수당(회당 4만원) 지급 (예산범위 내)  
  - 워크숍, 청년주간행사 등 시 주관 청년관련 행사 참여 등",복지국,,특정기간,기타,,,2025년 1월 ~ 12월,"방문, 우편 또는 이메일 제출  
  * 우편주소: (18270) 경기도 화성시 남양읍 시청로202번길 92, 중층(청년청소년정책과)
  * 이메일주소: jiy100@korea.kr","서면심사 및 2월 中 선정자 개별 문자 통보
  ※ 선발 후 오리엔테이션 참여 필수(불참 시 위촉 불이익 받을 수 있음)",,"① 지원신청서 1부 
② 개인정보 수집 ․ 이용 동의서 1부
③ 지원 자격 증빙자료 1부 ※ 본인의 지원 자격에 맞게 선택하여 1개만 제출(택1) 
   - 화성시에 주민등록을 둔 경우 ☞ 주민등록 초본(생년월일만 표기)
   - 화성시 소재 학교에 소속된 경우 ☞ 재학·휴학·졸업증명서
   - 화성시 소재 기업 등에 소속된 경우 ☞ 재직증명서·사업자등록증
   - 화성시 소재 단체에서 활동 중인 경우 ☞ 단체 및 활동증명서 등",,,,Y,19,39,제한없음,무관,,"     *19세 ~ 39세 이하: 공고일 기준 1985. 1. 21. ~ 2006. 1. 20. 사이 출생자
    - 화성시에 주민등록상 주소를 두고 있는 청년
    - 화성시 소재 직장(자영업 포함)·학교·기타 단체 등에서 활동하는 청년"," ▸ 화성시 외 타 지역의 청년정책 활동을 목적으로 하는 자
 ▸ 특정정당 및 후보의 지지, 지원 등 선거활동을 목적으로 하는 자
 ▸ 특정 개인 또는 단체의 이익이나 영리를 목적으로 하는 자",220,경기도 화성시,제한없음,제한없음,제한없음,20250120,20250207,제한없음
20250125005400210403,현금지급,2025년 화성시 청년활동포인트제(1차),"1원,1포인트,지정하고",시정 및 지역사회 참여 활동을 청년활동으로 지정하고 조건에 따라 참여를 증빙하는 경우 인센티브(포인트) 제공,참여권리,청년참여,"상·하반기로 2차에 걸쳐 화성시지역공헌활동포인트 지급(1포인트=1원)
  - ①화성시 지역화폐 전환 또는 ②기부(마일리지 활용)",복지국,,특정기간,기타,,,2025년 1월 ~ 12월,"온라인 신청(통합접수시스템 ‘잡아바어플라이')
 - 증빙자료 첨부하여 활동기간(축제 및 행사 참여, 화성시 홍보 등)에 해당하는 반기에 신청(반기별 1회 신청 가능)","7월, 12월 중 포인트 지급",https://apply.jobaba.net/bsns/bsnsDetailView.do?bsnsSeq=4066,"증빙자료(축제 및 행사 참여, 화성시 홍보 등)",세부사항 공고문 참고,,,N,19,39,제한없음,무관,,※ 공고일 기준 · 지역무관,"금전 · 물품 등 별도의 수당이나 대가를 받고 참여하는 자 및 타 제도와의 중복 수혜자는 제외
",547,전국,제한없음,제한없음,제한없음,20250303,20250711,제한없음
20250124005400210402,현금지급,「2025년 제3기 계양구 청년네트워크 위원」모집,"계양구,청년네트워크,참여",「인천광역시 계양구 청년 기본 조례」 제20조(청년네트워크)에 따라 청년의 능동적인 구정참여 기회를 보장하고 청년 맞춤형 정책 발굴에 참여할 「2025년 제3기 계양구 청년네트워크」위원을 붙임과 같이 모집 공고하오니 청년 여러분의 많은 관심과 참여 바랍니다.,참여권리,청년참여,"   ○ 주요활동
     - 구정 정책에 대한 의제 발굴 및 제안
     - 구정 활동 및 행사 참여
     - 회의 및 간담회 참여 등
   ○ 지원사항
     - 회의 및 활동 참여 시 수당 지급(월 1회, 5만원)
     - 우수 활동자 표창 수여, 활동인증서 발급(일정기준 충족 시)
   ○ 활동기간 : 2025년 2월 ~ 2026년 1월(예정)  ",재정경제국,,특정기간,특정기간,20250201,20260131,,"   ○ 계양구 홈페이지 고시공고에서 지원신청서 다운로드하여 작성 후
      이메일 제출(foryunjin@korea.kr)
      ※ 이메일 제출 후 청년정책팀(☎450-8354) 유선 연락·접수 확인 요망","   ○ 선정기준 : 청년활동 참여·협동의지, 청년정책에 대한 관심도,  관심분야 등 종합검토
   ○ 선정방법 : 신청자가 제출한 신청서 및 지원서, 제출서류 등을 토대로 서류 심사 및 선정
   ○ 선정발표 : 2025년 2월 10일(월) 중 홈페이지 공고 및 개별 통보 예정",https://www.gyeyang.go.kr/open_content/main/eminwon/announce/eminwonDetail.do?seq=50159&pgno=2,"   ○ 공통서류 : 지원신청서(개인정보 수집․이용․제공동의서 포함)
   ○ 개별서류 : 신청자격 및 경력 등 확인 서류
     - 재학(휴학)증명서, 재직증명서, 청년활동증명서, 주민등록초본(계양구거주자) 등","   ○ 제출 서류는 반환하지 않으며, 서류의 기재 내용에 허위사실이 발견된
      때에는 선정 및 위촉을 취소할 수 있습니다.
   ○ 선정 심사 결과에 대한 내용은 공개되지 않습니다.
   ○ 선정과 관련하여 증빙자료 제출을 요구할 시 이에 응해야 합니다.
   ○ 기타 문의사항은 계양구 일자리정책과 청년정책팀(☏032-450-8354)로 문의",,,N,19,39,제한없음,무관,,"   ○ 신청자격 : 19세~39세 청년 중 아래사항의 하나 이상 해당하는 자
     - 인천광역시 계양구에 주민등록을 두고 있는 자
     - 관내 대학이나 직장에 다니고 있는 청년(휴학생 포함)
     - 관내 청년단체에서 활동 중인 자","․ 계양구 외 타 지역의 청년 정책활동을 목적으로 하는 자
․ 특정 정당 및 후보의 지지 등 선거 활동을 목적으로 하는 자
․ 특정 종교의 교리 전파를 목적으로 하는 자
․ 특정 개인 또는 단체의 이익이나 영리를 목적으로 하는 자",182,인천 계양구,제한없음,제한없음,제한없음,20250123,20250205,제한없음
20250123005400110400,상담,청년취업ON,"직무군별,컨설팅,12시간",직무군별 역량이해와 개인경험을 기반으로 한 효과적인 채용서류와 채용면접준비를 돕는 컨설팅 프로그램,일자리,취업,"□ 직무중심 채용경향에 부응하여 직무군별 역량과 관련된 개인의 경험(강점)을 연계하는 구직기술 강화 컨설팅 중심 취업프로그램으로 3개의 직무군(경영사무, 영업·마케팅, IT)별로 구분하여 진행
□ 직무군별로 각 2∼4일(총 12시간) 동안 운영",고용노동부,,상시,기타,,,연중,"□ (온라인) 고용24(work24.go.kr)에 로그인 후, """"취업지원 > 취업역량강화"""" 메뉴로 이동하여 구직자취업역량 강화프로그램 클릭, 참여 희망 고용센터 선택 신청 
□ (오프라인) 가까운 고용센터를 방문하여 담당자 상담을 통해 희망 프로그램 참가 신청",,https://work24.go.kr/wk/b/a/1120/empSchdInviteCtrList.do,"온라인 신청서 제출
(단, 참가신청 확정 후, 필요한 제출서류가 있을 경우, 별도 안내)","1. 신청 홈페이지를 통해 운영 고용센터와 일정 확인
2. 참가신청 (고용24에서 개인회원으로 로그인한 후 참가신청)
3. 참가신청 결과조회 클릭을 통해 신청완료 확인
4. 참여 전 궁금한 사항은 진행자와 상담 클릭을 통해 문의
5. 고용센터에서 참여자 확정 후 일정 별도 안내",https://work24.go.kr/wk/b/a/1110/retriveIntro.do,,N,18,34,제한없음,무관,,,"- 프로그램 참여 중 주어진 과제 또는 활동에 참여하지 않는 경우 참여 제한 가능
- 까페나 공공시설과 같이 비대면 집단상담프로그램 진행에 방해요인(소음, 불안정한 네트워크, 개인정보 유출 등)이 발생할 수 있는 환경에서는 참여 불가",2039,전국,제한없음,제한없음,제한없음,,,제한없음
20250123005400110396,상담,청년층직업지도프로그램(CAP@),"취업서류,선택을,면접기술","청년층의 직업 선택을 지원하고, 취업서류 작성, 면접기술 강화 등 구직기술 향상을 돕는 집단상담 프로그램",일자리,취업,"□ 4일 동안 총 24시간 운영(1일 6시간)
□ 청년 취업준비생의 직업진로 선택을 지원하고, 취업서류 작성 및 면접기술 강화 등 구직기술 강화 지원",고용노동부,,상시,기타,,,연중,"□ (온라인) 고용24(work24.go.kr)에 로그인 후, ""취업지원 > 취업역량강화"" 메뉴로 이동하여 구직자취업역량 강화프로그램 클릭, 참여 희망 고용센터 선택 신청 
□ (오프라인) 가까운 고용센터를 방문하여 담당자 상담을 통해 희망 프로그램 참가 신청","참여신청 > 대상자 선정 > 프로그램 운영	",https://work24.go.kr/wk/b/a/1120/empSchdInviteCtrList.do,"온라인 신청서 제출
(단, 참가신청 확정 후, 필요한 제출서류가 있을 경우, 별도 안내)","1. 신청 홈페이지를 통해 운영 고용센터와 일정 확인
2. 참가신청 (고용24에서 개인회원으로 로그인한 후 참가신청)
3. 참가신청 결과조회 클릭을 통해 신청완료 확인
4. 참여 전 궁금한 사항은 진행자와 상담 클릭을 통해 문의
5. 고용센터에서 참여자 확정 후 일정 별도 안내",https://work24.go.kr/wk/b/a/1110/retriveIntro.do,,N,18,34,제한없음,무관,,,프로그램 참여 중 주어진 과제 또는 활동에 참여하지 않는 경우 참여 제한 가능,1464,전국,제한없음,제한없음,제한없음,,,제한없음
20250122005400110346,현금지급,청년도전지원사업,"이수,인센티브,참여수당","구직단념청년 등에게 구직의욕 고취 및 자신감 강화를 위한 맞춤형 프로그램 제공, 참여자에게 참여수당.인센티브 지급	",일자리,취업,"□ 단기프로그램
 ㅇ 사업운영기간: 5주 이상
 ㅇ 참여수당: 1인당 50만원
 ㅇ 이수 인센티브, 취업 인센티브: 없음

□ 중기 프로그램
 ㅇ 사업운영기간: 15주 이상
 ㅇ 참여수당: 1인당 150만원(50만원x3회)
 ㅇ 이수 인센티브: 이수 시 20만원
  ㅇ취업 인센티브: 이수 후 6개월 이내 취업하고 3개월 근속 시 50만원

□ 장기 프로그램
 ㅇ 사업운영기간: 25주 이상
 ㅇ 참여수당: 1인당 250만원(50만원&times;5회)
 ㅇ 이수 인센티브: 이수 시 20만원, 취업관련 활동 시 30만원(국취Ⅰ유형은 국취참여수당으로 대체)
  ㅇ취업 인센티브: 이수 후 6개월 이내 취업하고 3개월 근속 시 50만원",고용노동부,,상시,기타,,,"사업 운영기간: 단기 프로그램 5주 이상, 중기 프로그램 15주 이상, 장기 프로그램  25주 이상","신청방법
① 고용24 홈페이지 접속하여 회원가입 후 구직회원 전환
* 구직회원 전환 방법: 회원가입 후 [마이페이지] ▷ [이력서관리/구직신청] ▷ [워크넷 구직신청] ▷ [나의 구직신청정보 입력 후 구직신청하기]
② 고용24 홈페이지 접속하여 로그인 후 &lsquo;고용복지정책&rsquo; 탭 내 &lsquo;청년도전지원사업&rsquo; 클릭 또는 아래 신청하기 클릭 → [고용24 청년도전 신청하기]
③ 지원대상 및 청년센터 확인 후 신청 누르기
④ 개인정보 입력 및 계좌번호 입력하기
⑤ 개인정보동의 및 통장사본 등록
⑥ 신청기관 선택하기","사업수행 지자체 운영기관 개별 신청 후, 운영기관 별 심사 연락",https://www.work.go.kr/youngChallenge/index.do,,"문의처: 거주지역의 25년 사업수행 지자체 운영기관을 검색 후 문의가능
※사업수행자치단체 운영기관 목록확인: 사업관련 참고사이트2 참고",http://www.moel.go.kr/policy/policyinfo/young/list18.do,https://www.work.go.kr/youngChallenge/retrieveCdjOperOrgPopup.do,N,18,34,제한없음,무관,,"□ (구직단념청년) 사업 신청일 이전 6개월 이상 취업.교육.직업훈련 참여 이력이 없고*, 구직단념청년 상담원 문답표(붙임 1) 21점 이상(30점 만점)인 만 18~34세 청년
   * 취업은 고용보험DB 상용직 기준, 교육.직업훈련은 HRD-Net 기준으로 자격 확인
※ 다만, 고등학교 졸업 또는 졸업 예정자로 상급학교에 진학하지 않거나, 취업 의지가 낮은 자는 사업 신청일 이전 6개월 이상 취업.교육.직업훈련 참여 이력이 있어도 참여 가능
※ 6개월 이내 의무복무 예정자 또는 군인(사회복무요원) 참여 불가
※ 군 경력자는 복무기간에 비례하여 참여 제한 연령을 연동하여 적용(최고 만 39세로 한정)

□ (자립준비청년*) 아동복지시설 등**에서 보호받고 퇴소한 자 중 퇴소 5년 이내의 청년 또는 퇴소 대상자임에도 불구하고 퇴소일을연장한 만 18~34세 청년
   * 「보호종료아동 지원강화 방안(&prime;21.7)」에 따라 향후 보호종료아동의 명칭을 &lsquo;자립준비청년&rsquo; 등으로 변경
  ** 아동양육시설, 공동생활가정, 가정위탁, 아동보호치료시설, 자립지원시설 등

□ (청소년복지시설 입.퇴소 청년) ?청소년복지 지원법? 제31조에 따른 청소년복지시설*에서 보호한 만 18~34세 청년
   * 청소년쉼터, 청소년자립지원관, 청소년회복지원시설 등

□ (북한 이탈 청년) 북한을 이탈한 자*로서 만 18~34세 청년
   * 군사분계선 이북지역(&ldquo;북한&rdquo;)에 주소, 직계가족, 배우자, 직장 등을 두고 있는 자로서 북한을 벗어난 후 외국 국적을 취득하지 아니한 사람

□ (지역특화청년) 위 참여자에 해당하지 않는 청년 또는 지자체 조례 등에서 지원의 필요성이 있다고 인정하는 청년(단기, 중기, 장기 프로그램별 참여인원의 최대 30%까지 참여 가능)
   ※ 사업계획 수립 시 지역특화의 기준을 작성?제출하고 심사 시 적정성 여부를 확인 및 보완하며, 추후 주요 내용 변경 시 고용노동(지)청에 변경 승인을 받아 운영","□ (공통) 참여자에 해당하더라도 다음의 어느 하나에 해당하는 자는 청년도전지원사업 참여를 제한
 ㅇ고용보험법에 따른 구직급여를 받고 있거나 구직급여의 지급이 끝난 날부터 6개월이 지나지 아니한 자*
   * 다만, 고용보험에 가입되어 구직급여 수급자격을 갖춘 경우라도 구직급여를 수급하지 않으면 참여 가능
 ㅇ 국민취업지원제도에 참여하여 수혜 중인 자
 ㅇ 사이버대학교, 대학원, 방송통신고등(대)학교 등 재학생

□ (단기 프로그램) 참여요건 충족 시 재참여 가능(이수자 재참여 시 참여수당 등 중복지급 불가)
 참여요건 충족 시 재참여 가능(이수자 재참여 시 참여수당 등 중복지급 불가)
 ㅇ 단기 프로그램 참여 후 종료된 자는 종료일로부터 6개월 경과 후에 중기.장기 프로그램 참여 가능(단, 당해연도 중복 참여 불가)
  ※ 중기, 장기 프로그램 이수자는 단기프로그램 재참여 불가

□ (중장기 프로그램) 국가 또는 지자체의 유사사업에 참여하여 수당* 등을 지원받은 자로서 수당 지급이 끝난 날부터 6개월이 지나지 아니한 자는 참여 제외
  * 월평균 50만 원 이상 또는 총 300만 원 이상
  ※ 6개월 산정 시점은 신청일 기준
 - &lsquo;중기, 장기 프로그램&rsquo; 참여 후 종료된 자는 종료일(이수일 또는 중도탈락일)로부터 1년 경과 후 같은 프로그램 재참여 가능
   ※ 단 중기, 장기 프로그램 중도탈락자 중 참여수당 지급받은 이력이 없는 자는 참여대상 요건 충족 시 참여 가능",16307,전국,제한없음,제한없음,제한없음,,,제한없음
20250122005400210345,현금지급,사천시 청년면접수당 지원사업,"사천시,부여와,계좌이체",청년의 적극적인 구직활동 동기 부여와 우리시 소재 기업에 취업을 통한 지역 정착 유도,일자리,취업,"□ 지원내용: 1회 5만원(1인 연 최대 3회)
□ 지급방법: 개인별 계좌이체",기획예산담당관,기획예산담당관,특정기간,특정기간,20250101,20251231,,"□ 신청방법
  - 온라인 신청(youth4000@korea.kr)
  - 신청서 및 첨부서류를 스캔한 파일 또는 사진일 경우 선명하게 촬영 후 제출","□ 대상자 선정: 신청자격 확인 후 선정 ※ 예산 범위 내 선착순 선정
  - 연령, 주소(전입일), 미취업 여부, 면접 응시 확인 등 지원 요건 모두 충족
□ 선정자 발표: 신청일 기준 익월 10일 개별 문자 통보
□ 면접수당 지급: 신청일 기준 일월 20일 개인별 계좌 입금",,공고문 참고,공고문 참고,https://www.sacheon.go.kr/news/00009/00014.web?gcode=2017&amp;idx=2087235&amp;amode=view&amp;cpage=1&amp;stype=title&amp;sstring=%EB%A9%B4%EC%A0%91,,Y,18,39,제한없음,무관,,"○ 신청인 요건
  - 18~39세 이하(1985.1.1.~2006.12.31)
  - 신청일 기준 사천시에 주민등록상 주소를 두고 있는 자
  - 워크넷, 사천시 일자리센터, 지역 신문 등 공개적인 채용공고(상용직)를 통한 '25.1.1. 이후 취업 면접 응시자
  - 면접일 기준 고용보험 미취득자

○ 사업장 요건
  - 사천시 소재 사업장","○ 신청인 요건 제외대상
  - 고용노동부 국민취업지원제도, 경남 청년구직 활동수당 지원사업 등 면접수당지원과 유사 사업에 신청일 현재 참여 중인 자

○ 사업장 요건 제외대상
  - 직계 존비속 또는 배우자 등 가족이 대표자인 사업장 등에 지원하는 경우
  - 소비 향락업 등 업종(단란주점, 유흥주점, 노래연습장업 등) 면접 참여자
  - 각종 교육 또는 훈련과정에 참여하기 위한 면접인 경우
  - 주 20시간 미만 일자리, 기간이 1년 미만인 기간제, 아르바이트
  - 기타 사회 통념상 취업을 위한 면접에 응시했다고 인정할 수 없는 경우",51,경상남도 사천시,제한없음,미취업자,제한없음,20250120,20251205,제한없음
20250119005400210339,기타,청년 예술가 및 청년 창작자 지원,"창작활동,발표,예술가","우수한 재능을 갖춘 지역 청년예술가를 발굴하여, 예술 창작활동 지원을 통해 지역 안착을 돕고 차세대   예술가로 육성",복지문화,예술인지원,"청년 예술인 창작활동 지원
    - 단년지원(1년) : 창작준비-활동-발표 지원(10백만원)
    - 연속지원(2년) : ① 1년차 : 창작활동 준비&middot;역량강화(5백만원)② 2년차 : 창작작품 완성-발표 지원(8백만원)",전라남도,재단법인전라남도문화재단,특정기간,특정기간,20250101,20251231,,"    ① 국가문화예술지원시스템 접속(www.ncas.or.kr)
    ② 회원가입(단체, 개인 구분 필수)
    ③ 청년 예술가 지원사업 선택
    ④ 지원신청서 작성
    ⑤ 최종제출하기 클릭","    ① 신청자격 및 참여제한 대상 심사
    ② 서류 심사
    ③ 인터뷰 심사
    ④ 결과발표",https://www.ncas.or.kr,"    ① 세부 사업계획서
    ② 청년예술가활동 증빙자료
    ③ 주민등록초본",,,,N,18,34,제한없음,무관,,"   - 공고일 기준 최근 1년 이상 전라남도에 주소를 두고 있는 18세~34세 예술인
   - 생애 1회만 지원 가능",,61,전라남도,제한없음,제한없음,제한없음,20250101,20250131,제한없음
20250119005400210334,기타,청년4-H회원 우수과제 창업농 육성 사업,"청년4,선발된,20개소",공모(청년4-H 과제공모전)을 통해 선발된 우수회원 성장기반을 지원합니다.,일자리,창업,"과제공모에서 선발된 사업 모델화(신기술 투입 생산기반 및 가공, 유통, 체험장 등) 지원(20개소)
 ※ 신청기간 : 미정",전라남도,,상시,특정기간,20250101,20251231,,"    ① 신청서류 접수(시군농업기술센터)
    ② 과제공모전 추진(도농업기술원)
    ③ 공모전 결과 및 사업대상자 확정(도농업기술원)
    ④ 회원별 맞춤형 사업 모델화 지원(시군농업기술센터)","    ① 공모전 서류심사(도농업기술원): 발표심사 대상자 선발
    ② 공모전 발표심사(도농업기술원): 사업대상자 선발",,"    ① 청년4-H회원 과제공모전 신청서
    ② 청년4-H회원 과제공모전 사업계획서
    ③ 청년4-H회원 과제공모전 발표심사 자료(발표대상자 한함, PPT 등)",,,,N,18,39,제한없음,무관,,22개 시·군 청년4-H회원,기존 사업 수혜자,173,전라남도,제한없음,제한없음,제한없음,,,제한없음
20250117005400210329,프로그램,서구 청년정책네트워크 운영,"정책,제안부터,협치","청년 의견 표출의 장(場)인 정책 네트워크를 구성, 정책 제안부터 정책 실현까지 청년 당사자의 의견을 반영하여 민ㆍ관 협치 실현",참여권리,청년참여,"ㅇ (목적) 청년 의견 표출의 장인 정책네트워크를 구성하여 정책 제안부터 정책 실현까지 청년 당사자의 
    의견을 반영하여 민관 협치 실현
ㅇ (대상) 서구에서 거주 또는 활동하는 19~39세 청년 20명
ㅇ (주요내용) 4개 분과를 구성하여 청년정책 의제 발굴 및 제안, 청년사업 모니터링 등
ㅇ (전달체계) 직접사업
ㅇ (모집기간) 2024. 8. ~ 9.(예정)",서구,주민복지국,특정기간,특정기간,20240924,20250925,,"  ○ 대    상: 서구 거주&middot;재학&middot;재직 중이거나, 창업&middot;교육&middot;복지&middot;문화 등 다양한 
               분야에서 청년 관련 활동을 하는 19~39세* 청년

  ○ 모집/신청: 공개모집, 담당자 이메일로 신청서류 제출",,,,,,,N,19,39,제한없음,무관,,,,21,부산 서구,제한없음,제한없음,제한없음,20251201,20251231,제한없음
20250117005400210327,현금지급,청년 버스킹 활성화 사업,"품격,창작활동의,청년예술가에게"," ○ 청년예술가에게 창작활동의 장을 제공하고 지역주민에게 품격 높은 공연을 제공하여 지역 활력 제고
 ○ 거리공연 문화의 발판을 마련하여 청년 문화예술 활성화 도모
",복지문화,예술인지원,"ㅇ (목적) 청년예술가에게 창작활동의 기회 제공 및 품격 높은 청년 거리예술 공연 개최를 통한 지역활력 제고
ㅇ (대상) 전국 청년예술팀(부산 거주 팀원 비율에 따라 심사 시 가산점 부여)
ㅇ (주요내용) 사전심사를 거쳐 송도해수욕장, 구덕운동장 등 버스킹 행사 개최 지원 및 출연료 지급
ㅇ (전달체계) 직접사업",주민복지국,주민복지국,특정기간,기타,,,2025년 10월 (예정),"모집대상: 구성원의 50% 이상이 19~34세인 청년예술팀(전국 공모)
모집방법: 담당자 메일 또는 방문 접수 
    - 제출서류: 참가신청서, 예술인(단체) 소개 및 명단, 공연 및 프로그램 소개,      개인정보이용 동의서, 공연 동영상 등
    - 동영상 규격: mov, mp4, avi 등 동영상 파일 또는 링크(5분 이내 분량",,,"참가신청서, 예술인(단체) 소개 및 명단, 공연 및 프로그램 소개,  개인정보이용 동의서, 공연 동영상 등
    - 동영상 규격: mov, mp4, avi 등 동영상 파일 또는 링크(5분 이내 분량",,,,N,19,34,제한없음,무관,,구성원의 50% 이상이 19~34세인 청년예술팀(전국 공모),,216,전국,제한없음,제한없음,제한없음,20250820,20250903,제한없음
20250117005400210324,현금지급,청년 자격증 시험 응시료 지원 사업,"10만원,결제한,필기",미취업 청년 구직 활동에 대한 경제적 부담 완화 및 직업역량 개발,일자리,취업,"ㅇ 지원금: 대상 청년 1인당 자격증시험 1종 연1회 10만원 한도
  *10만원 한도에서 실제 결제한 금액 지원
  * 1종에 대하여 지원(필기, 실기 합산x)

ㅇ 지원분야: 어학능력시험, 국가기술자격시험, 국가전문자격시험, 한국사능력검정시험 
                 (국가공인민간자격증 x)
",주민복지국,주민복지국,상시,특정기간,20250701,20251231,,,,,,,,,N,19,34,제한없음,무관,,,,1209,부산 서구,제한없음,미취업자,제한없음,,,제한없음
20250117005400210315,교육,지역특화 청년 무역전문가 양성사업,"fta,변화에,지역특화",글로벌 무역환경 변화에 대응할 수 있는 역량을 갖춘 청년 무역전문인력 양성으로 무역인프라 구축 및 청년 일자리 창출,"일자리, 교육","취업,미래역량강화","FTA 및 무역 전문교육, 무역관련 자격증 및 외국어 등 인증취득 지원, 산학협력 무역현장마케팅실습 지원 등 ",제주특별자치도,제주대학교,상시,특정기간,20250101,20251231,,,,,,,,,N,19,34,제한없음,기타,미취업자 대상 ,,,158,"제주 제주시, 제주 서귀포시","인문계열, 사회계열, 상경계열, 이학계열, 공학계열, 예체능계열, 농산업계열, 기타",미취업자,대학 재학,,,제한없음
20250116005400210314,채용,2025년 부산 동구 청년 자격증 시험 응시료 지원 사업,"시험,부산,부산광역시","부산광역시 동구에서는 지역 미취업 청년들의 취업능력향상과 구직활동에 대한 경제적 부담 완화를 위하여 「2025년 부산 동구 청년 자격증 시험 응시료 지원 사업」대상자를 아래와 같이 모집하오니 많은 신청 바랍니다.
","일자리, 교육","취업,미래역량강화","1. 지원대상
  - 연령기준: 18세 ~ 39세 이하 청년(1985. 1. 1. ~ 2006. 12. 31 출생자)
  - 거주기간: 신청일 기준 부산 동구에 1년 이상 거주(주민등록) 중인 자
  - 근로이력: 신청일 현재 미취업자 및 사업자 등록사실이 없는 자 
          ※공공근로 등 정부지자체지원 일자리사업 참여자는 지원 가능
     (제외대상 : 2025년 부산광역시 청년디딤돌+카드 등 국민취업지원제도 참여자 등)  
  - 시험응시일: 2025. 1. 1. ~ 12. 16. 실시한 시험의 실제 응시자(합격 여부 무관)
 2. 지원내용: 어학, 한국사, 국가자격 시험 등 1인당 연 1회 10만 원 한도 지원          
                          ※2025 : 자동차 운전면허시험 포함
 3. 신청기간: 2025. 1. 20. ~ 12. 16.   ※예산 소진 시 종료
 4. 신청방법: 온라인 신청(동구청 홈페이지 내 신청사항 입력 및 제출서류 업로드)
",경제복지국,,특정기간,특정기간,20250120,20251216,,동구 홈페이지 내 신청사항 기재 및 증빙서류 등록,"증빙서류 심사 후 요건 충족 시 선정
매월 25일 개인별 문자, 매월 말일 개인별 계좌에 응시료 지급
- 매월 1일 ~ 15일 접수분 : 매월 말일까지 지급
- 매월 16일 ~말일 접수분 : 다음 달 말일까지 지급
(2025. 11. 16. ~12. 16. 접수분 : 대상자 선정- 2025. 12. 18, 지급 : 12. 22. 예정",https://www.bsdonggu.go.kr/index.donggu?menuCd=DOM_000000102013006000,,,,,Y,18,39,제한없음,무관,,,"2025년 부산광역시 ""청년디딤돌플러스카드"" 등 국민취업지원제도 참여자
자동차 운전면허 시험 응시자 중
- 음주운전 등의 사유로 운전면허 취소 후 재취득한 경우
- 유효기간 만료 등으로 인한 재시험의 경우",129,부산 동구,제한없음,미취업자,제한없음,20250120,20251216,제한없음
20250116005400110310,교육,청춘청렴아카데미 운영,"운영,2030,대상",청년 대상 청렴교육 프로그램 개발 및 운영,복지문화,문화활동,"1. 국공립대 등 대학협업 청렴특강
2. 2030 청렴인재 아카데미 운영
3. 공공기관 청년인턴 대상 청렴교육 실시",국민권익위원회,,상시,기타,,,연중,,,,,,,,N,19,34,제한없음,무관,,"대학생, 취업준비생, 사회초년생 등을 대상으로 함",,291,전국,제한없음,제한없음,제한없음,,,제한없음
20250116005400110308,커뮤니티,공공외교 현장 실습원,"공공외교,능력을,현장","청년들에게 해외 공공외교 현장 체험 기회를 제공하여 공공외교에 대한 이해를 제고하고 우리 청년들의 해외진출을 지원
",참여권리,청년국제교류,"전세계에 있는 대한민국 재외공관에 약 100명의 공공외교 현장실습원을 6개월간 파견, 외국 현지 근무 경험을 통해 국제 업무 능력을 증진하여 차세대 국제교류인력을 양성하고, 취업에 필요한 능력을 배양",외교부,,특정기간,기타,,,2013년~계속,별도 시스템 상 지원 접수,2025.5.19.(예정),https://mofa-hmlk.com,모집 관련 공지사항 참고,,,,N,19,34,제한없음,무관,,,,227,전국,제한없음,제한없음,제한없음,20250301,20250430,제한없음
20250115005400210306,채용,2025년 청년 희망이음 일자리 지원사업,"서귀포시,마련,미취업",서귀포시 관내 미취업 청년에게 일자리 제공을 통한 사회 진출 자립기반 마련,일자리,취업,서귀포시 관내 미취업 청년(만19세 ~ 39세)에게 공공일자리를 제공하여 사회적 진출기반 마련 및 공직분야 업무경험을 통한 진로탐색 기회 제공,서귀포시,서귀포시,특정기간,특정기간,20250201,20251130,,서귀포시청 홈페이지 채용공고 공고 확인 후 각 사업부서 방문신청,"- 2024. 12. 31. ~ 2025. 1. 7. 모집공고 및 신청, 접수
- 2025. 1. 13. ~ 17. (예정)제출서류 검토, 자격요건 확인 및 면접일정 안내
- 2025. 1. 20. ~ 24. 면접심사 진행 및 심사결과 알림
- 2025. 1. 31. 근로계약 체결
* 위 사항은 전체적인 절차이므로, 세부적인 추진절차 일정은 해당 소관부서 문의 필요.",,"(필수) 청년 희망이음 사업 신청서 1부.
(필수) 주민등록등본 1부.
(필수) 개인정보 수집, 이용, 제공 동의서 1부
(해당자) 졸업증명서(졸업예정증명서)
(해당자) 가점 대상 확인서류: 취업보호(지원)대상 증명서, 등
(해당자) 각 사업부서에서 요구하는 자격증 등(개별사업에서 요구하는 자격증 확인)",,,,N,19,39,제한없음,무관,,공고일 현재 서귀포시에 주소를 둔 미취업 청년(19세~39세),"○ 공고일 현재 국가 또는 지방자치단체에서 시행하는 재정지원 일자리사업 참여자
○ 대학(원) 재학생 및 휴학생(졸업예정자는 가능)
○ 합격통지를 받은 취업예정자(공무원, 기업 등)
○ 신청서, 개인정보 수집‧이용‧제공 동의서 등 신청 구비서류를 제출하지 않은 자
○「제주특별자치도 비공무원 공정채용에 관한 규정」제26조의 결격사유 해당자
○ 청년 희망이음 일자리사업 담당(부서장, 팀장, 담당자) 공무원(공무직 포함)의 가족",7,제주 서귀포시,기타,미취업자,"고교 졸업, 대졸 예정, 대학 졸업",20241231,20250107,제한없음
20250115005400210305,상담,2025년 청년 일자리 지원 프로그램,"진행,상담,수시","서귀포시 관내 미취업 청년층의 취업지원 및 진로탐색 기회 마련을 위한 상담, 교육 및 특가 운영",일자리,취업,"ㅇ 구인, 구직, 취업관련 전문 상담사를 배정하여 수시 상담 진행
ㅇ 취업역량 강화를 위한 취업특강 및 직업훈련 개설 및 진행
ㅇ 구직자와 기업 간 매칭활동 강화 및 사후관리",서귀포시,서귀포시,상시,특정기간,20250101,20251231,,(사)서귀포시YWCA 방문 및 홈페이지 참조,,http://www.sgpoywca.or.kr/,,,,,N,19,39,제한없음,무관,,,,204,제주 서귀포시,제한없음,미취업자,제한없음,,,제한없음
20250115005400210297,대출,빛나는 제주 청년희망 대출 이차보전,"신용등급,3등급,보전",청년층의 안정적 금융생활을 지원하고 자립기반 도모,복지문화,취약계층 및 금융지원,"1. 지원대상: 연소득 4,500만원 이하 근로소득청년(만19~39세)
2. 지원내용: 대출한도 1,000만원, 대출금리의 이자차액 보전
* (보전금리) 신용등급 1~3등급: 2.5%, 신용등급 4~9등급: 3.5%
3. 지원규모: 신용등급 1~3등급 대출지원 30억이내, 신용등급 4~9등급 대출지원 70억원이내",경제활력국,,상시,기타,,,총 대출 실행금액이 융자지원 규모액 도달 시 자동종료,,,,,,,,Y,19,39,제한없음,연소득,,"1. 재직기간 3개월 이상
2. 대출신청일 기준 제주특별자치도에 주민등록상 조수지를 두고 있으면서 신청일 이전까지 제주특별자치도에 주민등록상 주소지를 두고 있었던 기간을 모두 합산하여 총 36개월 이상
","1. 중소기업인 및 소상공인 제외
2. 타 기금사업 지원을 받고있는 경우",405,"제주 제주시, 제주 서귀포시",제한없음,제한없음,제한없음,,,기타
20250115005400110295,현금지급,청년월세 특별지원(2차),"주거급여수급자도,2026년,지급기간","□ 지원한도 : 실제 납부하는 임대료 범위 내에서 월 최대 20만원씩 24개월 동안 매월 분할 지원
* 주거급여수급자도 월세지원 한도액 20만원에서 주거급여액을 차감하고 지원
□ 지급기간 : 2024년 3월 ~ 2026년 12월",주거,전월세 및 주거급여 지원,"□ 지원한도 : 실제 납부하는 임대료 범위 내에서 월 최대 20만원씩 24개월 동안 매월 분할 지원
* 주거급여수급자도 월세지원 한도액 20만원에서 주거급여액을 차감하고 지원
□ 지급기간 : 2024년 3월 ~ 2026년 12월",서구,서구,특정기간,기타,,,신청달부터 24회 지급,"- 온라인 : 복지로 누리집(www.bokjiro.go.kr) 또는 어플리케이션을 통하여 신청
- 오프라인 : 거주지의 행정복지센터에서 방문 신청","신청은 '24년 2월 26일부터 1년 간 수시로 가능하며, 지자체에서 2월부터 소득&middot;재산 요건 검증을 거쳐 3월부터 월세 지급
- 신청자가 소득재산 조사로 손해를 보는 일이 없도록 지원금은 신청한 달로 소급하여 지급
* (지급범위) 신청한 달의 월세분부터 소급하여 지급
예) '24년 6월 신청 &rarr; '24년 8월 기준 소득&middot;재산 검증 및 대상여부 통보 &rarr; '24년 9월 첫 지급 시 6월 월세분부터 소급하여 4개월분 지급",https://www.bokjiro.go.kr,"- 월세지원 신청서
- 소득, 재산 신고서
- 임대차계약 및 최근 3개월간 월세 이체 증빙 서류
- 통장 사본, 청약통장사본
- 가족관계증명서 등
※ 복지로 누리집에서 상세 서류 확인 필요",,,,N,19,34,제한없음,기타,"청년가구 : 기준 중위소득 60% 이하이며 재산가액이 1.22억원 이하,  원가구 : 기준 중위소득 100% 이하이면서 재산가액이 4.7억원 이하","□ 지원 대상
❍ 연령조건 : 만 19~34세
- 19세~34세가 되는 해의 1월 1일부터 12월 31일까지 신청 가능
❍ 청약통장가입
❍ 주거요건 : 부모로부터 독립한 무주택 청년가구
❍ 소득, 재산요건
- 청년가구 : 기준 중위소득 60% 이하이며 재산가액이 1.22억원 이하
※ 청년가구 : 청년+배우자+직계비속+동일 주소지에 거주중인 민법 상 가족
- 원가구 : 기준 중위소득 100% 이하이면서 재산가액이 4.7억원 이하
※ 원가구 : 청년가구 + 1촌이내 직계혈족(부모)
* 다만, 30세 이상이거나 혼인 등 부모와 생계 및 주고를 달리하는 것으로 보이는 청년은 청년 본인가구의 소득·재산만 확인",,423,대구 서구,제한없음,제한없음,제한없음,20240226,20250225,제한없음
20250115005400210294,기타,청년미래플랜아카데미 ,"부합하는,니즈에,작가",청년의 니즈에 부합하는 다양한 분야의 강연을 개최하여 청년들에게 동기부여와 자기계발의 장 마련,교육,미래역량강화,"상하반기 각1회 선호도 높은 강사, 작가 등 유명인을 초청하여 청년미래플랜아카데미 개최",서구,서구,상시,기타,,,상하반기 각1회 진행(자세한 일정은 서구청 홈페이지 게시),,,,,,,,Y,19,39,제한없음,무관,,,,62,대구 서구,제한없음,제한없음,제한없음,,,제한없음
20250115005400210293,상담,청년커뮤니티활성화지원사업,"소규모,문화,방지하고",청년 관심사를 반영한 소규모 문화·교육 프로그램를 제공하여 공동의 취미생활을 통한 사회적 관계망 형성으로 청년층의 정서적 고립을 방지하고 지역 내 청년 커뮤니티를 활성화,복지문화,문화활동,"쿠킹클래스, 미술교실, 클라이밍, 향수만들기, 레진악세사리 제작 등 소규모 문화 교육 프로그램 제공",서구,서구,상시,기타,,,분기별 진행(자세한 일정은 서구청 홈페이지 게시),구글폼,,,,,http://www.dgyouth.kr/,,Y,19,39,제한없음,무관,,,,126,대구 서구,제한없음,제한없음,제한없음,,,제한없음
20250115005400210292,상담,서귀포시 스타트업베이 운영,"대상,서귀포시,창업자",서귀포시 관내 청년 (예비)창업자(20개사) 대상 기업 입주공간 제공 및 스타트업 성장단계별 엑셀러레이팅 등 지원 추진 ,일자리,창업," - 입주기업 대상 창업교육, 컨설팅, 멘토링 등 단계별&middot;맞춤형 프로그램 지원
 - 입주기업 대상 시제품 개발지원, 특허지원, 판로개척, 투자기관 네크워킹 지원
 - 예비 창업자 대상 교육 프로그램 운영 등",서귀포시,서귀포시,상시,기타,,,"매년 연말, 연초 입주기업 정기 모집, 공실 발생 시 수시 모집 추진",임주기업 모집공고 -&gt; 입주기업 최종선정 -&gt; 입주기업 입주 및 보육 -&gt; 입주기업 사업평가,"입주기업 선정심사위원회 구성 및 서류전형, 발표평가 진행 후 선정",https://startupbay.or.kr/,입주기업 모집 공고 참고,"매년 연말 정기 입주기업 모집 추진 사항이나 내부사항 등으로 모집시기 및 규모 변동 가능
(세부사항은 입주기업 모집 공고 확인 필요)",,,N,19,39,제한없음,무관,,입주기업 모집 공고 시 세부자격요건 확인 필요,입주기업 모집 공고 시 세부자격요건 확인 필요,227,제주 서귀포시,제한없음,(예비)창업자,제한없음,,,제한없음
20250115005400110285,교육,스타트업AI기술인력 양성(이어드림스쿨),"스타트업,실무,ai",청년 대상 AI 실무 교육 및 관련 스타트업 취업 연계 지원,일자리,취업,청년 대상 AI 실무 교육 및 관련 스타트업 취업 연계 지원,중소벤처기업부,,특정기간,특정기간,20250313,20251231,,,,,,,,,N,18,39,제한없음,무관,,,,107,전국,제한없음,미취업자,제한없음,20250123,20250223,제한없음
20250115005400210281,프로그램,남동구 청년참여단 운영,"middot,의견수렴으로,능동적인","청년의 소통과 참여를 확대하고 청책수요 발굴 및 청년당사자 의견수렴으로
청년의 능동적인 사회 참여 및 청년활동 지원",참여권리,청년참여,"&middot;청년의 소통과 참여를 확대하고 청책수요 발굴 및 청년당사자 의견수렴으로
&middot;청년의 능동적인 사회 참여 및 청년활동 지원
&middot;분과별 운영을 통한 회의 참석수당 지원
&middot;청년정책 워크숍 및 청년행사 지원",남동구,,상시,특정기간,20250101,20251231,,,,,,,,,N,18,39,제한없음,무관,,,,28,인천광역시,제한없음,제한없음,제한없음,,,제한없음
20250115005400210280,시설제공,남동구 청년공간 청년꿈터 운영,"청년꿈터,남동구,quot",남동구 청년의 소통공간인 &quot;청년꿈터&quot; 운영을 통한 청년 네트워크 활성화,참여권리,정책인프라구축,"․ 위치 : 남동구 은봉로297, 1602동, 지하1층
․ 주요시설 : 공유회의 및 미팅룸, 커뮤니티 시설
․ 청년꿈터 운영을 통한 프로그램 운영 및 청년 네트워킹 활성화
",남동구,,상시,특정기간,20250101,20251231,,,,,,,,,N,18,39,제한없음,무관,,,,30,인천 남동구,제한없음,제한없음,제한없음,,,제한없음
20250115005400210279,기타,청년월세 한시 지원사업,"원가구,재산,이하이면서",청년기본법」및 「인천광역시 청년 기본 조례」에 따른 청년으로 19 ~ 39세 이하인 부모님과 별도 거주하는 무주택자에게 1일 월 20만원까지 최대24개월 월세지원,주거,전월세 및 주거급여 지원,"&middot;지원대상 : 청년기본법」및 「인천광역시 청년 기본 조례」에 따른 청년으로 19 ~ 39세 이하인 부모님과 별도 거주하는 무주택자
&middot;지원조건 
- (소득기준)  원가구, 기준 중위소득 100% 이하이면서
                   청년독립가구, 기준 중위소득 60% 이하
 - (재산기준) 원가구, 재산 470백만원 이하이면서
                     청년독립가구, 재산 122백만원 이하
 - 청약통장 가입 
      * 30세 이상, 혼인, 미혼부‧모 등은 원가구 소득‧재산 미고려
&middot;지원내용 : 1인 월 20만원까지 최대24개월 월세지원",남동구,,특정기간,기타,,,2022년~2027년,,,,,,,,N,19,39,제한없음,기타,"원가구, 기준 중위소득 100% 이하이면서 청년독립가구, 기준 중위소득 60% 이하",,,165,인천 남동구,제한없음,제한없음,제한없음,20240226,20250225,제한없음
20250115005400210276,현금지급,남동형 청년재직자 내일채움공제 플러스 사업,"청년재직자,내일채움공제,middot","중소기업 사업주와 청년 근로자, 정부가 3년간 공동으로 적립한 공제금을 3년 만기 시 장기 재직한 청년 근로자에게 성과보상금 형태로 지급",일자리,재직자,"&middot; 지원대상 
  - 기업 : 제조, 건설업 영위 50인 미만 중소기업
  - 청년근로자 : 직무기여도가 높아 기업의 대표자가 장기재직이 필요하다고 지정한 근로자 (18세 이상 39세 미만)
&middot; 지원내용 : 남동형 청년재직자 내일채움공제 가입 기업에 대한 부담금 지원
&middot; 지원금액 : 가입자 1명당 7만원",남동구,인천지역본부,상시,기타,,,2024년~2028년,,,,,,,,N,18,39,제한없음,무관,,,,1594,인천 남동구,제한없음,재직자,제한없음,,,제한없음
20250115005400210275,교육,청년창업지원센터 운영,"창업,middot,청년",스타트업 청년 창업자에 대한 체계적인 지원을 통한 창업 성공 및 남동구 우수한 청년 기업 육성,일자리,창업,"&middot; 입주기업 창업공간 무상제공 및 부대시설 24시간 이용
&middot; 창업 및 취업 준비 청년을 위한 청년 멤버십 운영
 &middot; 청년 창업 프로그램(교육) 등 창업 활동 지원",남동구,,상시,기타,,,2025.1월~12월,,,,,,,,N,18,39,제한없음,무관,,,,1333,인천광역시,제한없음,(예비)창업자,제한없음,,,제한없음
20250115005400210274,상담,2025년 청년도전지원사업,"프로그램을,이미지메이킹,1상담","구직단념청년 등을 대상으로 맞춤형 프로그램을 제공하고, 청년의 구직의욕 고취, 노동시장 참여 및 취업촉진을 지원하는 사업",일자리,취업,"1:1상담, 취업역량강화 프로그램, 자신감회복 프로그램, 퍼스널컬러 및 이미지메이킹 컨설팅, 자소서 쓰기 및 이력서 쓰기등 취업에 실질적으로 도움이 되는 맞춤형 프로그램을 제공하여 취업 의지를 북돋움",고용노동부,남동구,특정기간,특정기간,20250201,20251231,,,,,,,,,Y,18,34,제한없음,무관,,,,76,인천광역시,제한없음,미취업자,제한없음,20250210,20250328,제한없음
20250115005400210273,현금지급,제주 청년 작가전 추진,"제주,거주하며,창작지원금","제주 출신 도내,외 거주 작가 및 제주에서 거주하며 6개월 이상 작품 활동을 하고 있는 19~39세 제주청년작가들의 창작활동 지원",복지문화,예술인지원,제주청년작가 창작지원금 및 전시개최 지원,문화예술진흥원,,마감,기타,,,전시 계획 수립에 따른 사업기간 확정 예정,,,,,,,,N,19,39,제한없음,무관,,제주 출신 또는 제주에서 거주하며 6개월 이상 작품 활동을 하고 있는 도외작가,과거 제주청년작가전 전시 경력자 참여 제한,36,"제주 제주시, 제주 서귀포시",제한없음,제한없음,제한없음,,,제한없음
20250115005400110272,교육,특수거래분야 소비자 보호,"불법,홍보,선제적",청년층을 대상으로 발생하는 불법 다단계 사기 범죄에 대한 홍보 및 교육을 통해 선제적 피해 예방 및 청년층 권익증진 도모,참여권리,권익보호,"불법 피라미드에 대한 경각심을 갖도록 대중교통 수단, 유튜브, SNS 등 다양한 매체를 통한 홍보 실시",공정거래위원회,,상시,기타,,,'25년 연중,,,,,,,,N,19,34,제한없음,무관,,,,156,전국,제한없음,제한없음,제한없음,,,제한없음
20250115005400110269,시설제공,디지털숲가꾸기,"산림경영활동,과거,사업을","청년 일자리를 통한 국공사유림 과거 산림경영활동(조림, 숲가꾸기 등) 데이터를 수집하고 공간정보를 구축",일자리,취업,"2025년 디지털숲가꾸기 사업을 통해 과거 국,공,사유림 산림경영활동 데이터 수집 및 공간정보 DB구축 사업을 진행함에 있어 취업준비생의 청년들을 대상으로 일자리 창출 예정
",산림청,한국임업진흥원,특정기간,특정기간,20250401,20251219,,,,,,,,,N,19,39,제한없음,무관,,,,72,전국,공학계열,미취업자,제한없음,20250401,20251130,제한없음
20250115005400210262,기타,꿈이룸 프로젝트,"대여,증명사진,재킷","광주시에 주민등록을 둔 18~39세 청년 구직자(고교졸업예정자포함) 또는 
광주시 소재 대학교에 재학(휴학)중인 취업준비생의 면접 준비 부담 해소 및 구직비용 절감을 위해 면접정장을 횟수 제한 없이 대여해주며 연간 1회에 한하여 증명사진 촬영을 지원",일자리,취업," - 면접정장 무료 대여 품목
     &middot; (남자) 재킷, 바지, 셔츠, 구두, 벨트, 넥타이
     &middot; (여자) 재킷, 스커트, 블라우스, 구두
    - 대여 기간 : 대여일로부터 3박 4일
    - 대여 횟수 : 제한 없음
 - 취업용 증명사진 무료 지원(1인당 16매 제공) : 연간 1회 지원가능",기획재정국,,상시,특정기간,20250101,20251231,,"1. 일자리통합접수시스템(잡아바어플라이)신청
2. 대상자 확인 및 고유쿠폰번호 발송
3. 사전예약
4. 방문 또는 택배로 서비스 이용",해당없음,https://apply.jobaba.net/bsns/bsnsDetailView.do?bsnsSeq=3960,"① 공통서류
 - 광주시 거주자 : 주민등록 초본
 - 대학교 재(휴)학생 : 재(휴)학증명서 또는 학생증 사본
② 정장대여
 - 공통서류 + 면접증빙서류(문자,이메일 등)
   ※ 증명사진 무료촬영을 위해 정장대여를 원하는 경우, 첫 1회에  한해 고용24구직등록확인증 등록 후 이용 가능
③ 증명사진
 - 공통서류+ 고용24 구직등록확인증(구직등록번호 16자리)",,,,N,18,39,제한없음,무관,,증명사진촬영지원은 고용24에 구직등록을 한 청년으로 한정됨,,346,경기도 광주시,제한없음,"재직자, 미취업자",제한없음,,,제한없음
20250114005400210254,교육,청년예술인 창작공간 지원,"창작공간,청년예술인,gt",지역 내 유휴공간을 활용한 청년예술인 창작공간 조성 및 운영으로 청년예술인의 문화예술 창작활동 지원,복지문화,예술인지원,"○ 모집인원 : 4개팀[개인 또는 단체(2~4명) 구성]
○ 창작공간 제공(임차료 및 관리비 지원) ※ 합성동 지하상가 내 위치
○ 시민체험(교육)프로그램 운영 강사료 및 재료(예산 범위 내)
○ 윈도우갤러리 전시 및 성과전시회 개최(전시공간 제공)

 ※ 자세한 내용은 창원시청 홈페이지&gt;시정소식&gt;고시공고 게시판에서 확인
 -창원시 공고 제2025-51호 「2025년 청년예술인 창작공간 지원사업」입주예술인 공모 공고",창원시,,특정기간,기타,,,2025. 2. ~ 12.,"○ 이메일 접수 
- 메일 제목 : 청년예술인 창작공간 입주예술인 공모 - 팀명 
- 이메일(wjddk5359@korea.kr) 접수 후, 전화 확인 필수(055-225-7226) 

 ※ 자세한 내용은 창원시청 홈페이지&gt;시정소식&gt;고시공고 게시판에서 확인
 -창원시 공고 제2025-51호 「2025년 청년예술인 창작공간 지원사업」입주예술인 공모 공고",공고문 참조,,공고문 참조,,,,N,19,39,제한없음,무관,,"- 구성원중 1명이상 청년(만19세~39세)
- 구성원 중 1명 이상 주민등록상 주소지가 창원인 자 포함
- 모집분야에 해당되는 예술 창작활동을 하고 있는 자","경남 내 타 레지던시 사업 입주자, 청년예술인 창작공간 지원사업 중도포기자 ",26,경상남도 창원시,제한없음,제한없음,제한없음,20250120,20250124,제한없음
20250114005400210249,현금지급,모다드림 청년통장 지원사업,"20만원을,청년이,경남도와",매월 청년이 20만원을 적립하면 경남도와 시군에서 20만원을 추가로 적립하여 청년이 2년간 재직할 경우 만기금 960만원과 이자를 청년 근로자에게 지급,복지문화,취약계층 및 금융지원,"지원내용 
매월 청년이 20만원을 적립하면 경남도와 시군에서 20만원을 추가로 적립하여 청년이 2년간 재직할 경우 만기금 960만원과 이자를 청년 근로자에게 지급
- 월 적립 40만원(도ㆍ시군 월 20만원, 청년 20만원)
- 만기액 960만원(도&middot;시군 각 240만원, 청년 480만원)

지원규모
상반기와 하반기 500명씩 총 1,000명 지원",경상남도,재단법인경상남도투자경제진흥원,특정기간,특정기간,20250101,20251231,,모다드림 청년통장 누리집 온라인 신청,"- 선정기준 : 본인소득, 경남거주기간, 근로ㆍ사업기간,연령 등을 기준으로 선정
- 시군별 배정 인원: 창원 100명, 진주 65명, 통영 20명, 사천 40명, 김해 65명, 밀양 25명, 거제 43명, 양산 50명, 의령 3명, 함안 13명, 창녕 10명, 고성 17명, 남해 5명, 하동 4명, 산청 8명, 함양 10명, 거창 15명, 합천 7명
- 선정결과 발표 : 2025년 3월 말 예정",https://www.modadream.kr/,,,,,N,18,39,제한없음,기타,중위소득 130% 이하,건강보험 및 고용보험 가입자,,244,경상남도,제한없음,"재직자, 자영업자, 프리랜서, 일용근로자",제한없음,20250701,20250731,제한없음
20250114005400210243,채용,사상구 청년자격증 등 응시료 지원사업,"사상구,응시료,예산",청년의 진로 및 직업능력 강화를 위한 어학시험 및 자격증 응시료 비용 지원으로 경제적 부담완화 및 고용촉진의 기회 마련,일자리,취업,"○ (사업기간) 2025. 1. ~ 12. ※ 예산 소진시 사업 종료
○ (대    상) 사상구 주민등록 거주 19세~39세 이하 미취업 청년
○ (지원인원) 약 300여 명 ※ 예산 내 인원 조정 가능 / 1인 중복지원 안됨
○ (지원내용) 연 1회 1인당 10만원 이내 응시료 실비지원
   - (신청자격) 사상구 1년 이상 거주, 소득제한 없음 
   - (지원범위) 어학 17종, 국가기술&middot;전문자격시험, 한국사능력시험 응시자 등
   - (지원방법) 개인별 계좌입금",사상구,,상시,기타,,,예산소진시 사업종료,,,,,,,,N,19,39,제한없음,무관,,,,258,부산 사상구,제한없음,제한없음,제한없음,,,제한없음
20250114005400210242,기타,기장군 청년 면접수당 지원 사업,"청년에,면접비용,2회까지",취업준비 청년에 면접수당을 지원하여 청년의 경제적 부담 완화 ,일자리,취업,19세  ~ 39세 청년에 대해 면접비용 1회 5만원 연 최대 2회까지 지원,경제산업국,경제산업국,특정기간,특정기간,20250101,20251231,,기장군청 홈페이지 온라인 신청,지원 대상에 한해 신청 순으로 선정,https://www.gijang.go.kr/index.gijang?menuCd=DOM_000000104009011001&amp;cpath=,"주민등록표 초본 또는 등본, 건강보험자격득실확인서, 사실증명(사업자등록사실여부), 채용공고문, 면접확인서 및 증빙자료, 통장사본",,,,N,19,39,제한없음,무관,,,,23,부산 기장군,제한없음,미취업자,제한없음,20250203,20251204,제한없음
20250114005400210241,기타,기장군 청년 자격시험 응시료 지원 사업,"시험,거주중인,대하여",취업준비 청년의 자격증&middot;어학 시험 응시에 따른 비용을 지원,일자리,취업,기장군에 거주중인 19세 ~ 39세청년에 대하여  시험 응시지원료 1인당 최대 10만원 실비 지원,경제산업국,경제산업국,특정기간,특정기간,20250101,20251231,,기장군 홈페이지 통한 온라인 신청,지원 대상에 한해 신청순으로 선정,https://www.gijang.go.kr/index.gijang?menuCd=DOM_000000104009010001&amp;cpath=,"주민등록표 초본 또는 등본, 건강보험자격득실확인서, 사실증명(사업자등록사실여부), 응시확인서 또는 성적표, 응시료 결제 영수증, 통장사본",,,,Y,19,39,제한없음,무관,,,,24,부산 기장군,제한없음,미취업자,제한없음,20250203,20251204,제한없음
20250114005400210240,교육,영도청년정책네트워크 운영,"영도구,청년,참여",청년의 정책결정과정에서의 참여 확대 및 지역 청년 간 소통창구 역할,참여권리,청년참여,"○ 모집대상 : 영도구 거주 또는 활동하는 18~39세 청년 30여명
○ 주요기능 : 청년정책 발굴 및 제안, 청년 네트워킹 활동 등
○ 임기 : 위촉일로부터 1년(연임 가능)
○ 활동내용 : 분과별 회의, 기본교육, 워크숍, 정책제안 공유회, 청년 교류 행사 참여 등
○ 신청방법 : 영도구 홈페이지 공고문 참고",영도구,영도구,특정기간,특정기간,20250201,20260131,,,,,,,,,N,18,39,제한없음,무관,,,,5,부산 영도구,제한없음,제한없음,제한없음,20250108,20250203,제한없음
20250114005400210239,상담,청년희망챌린지 사업,"영도구,청년,사전등록",청년의 자립역량 강화를 위한 지역사회 지원망 구축,복지문화,취약계층 및 금융지원,"○ 목적 : 청년 공간을 거점으로 한 청년 자립 역량강화 및 청년 네트워크 활성화
○ 사업대상 : 영도구 거주 또는 활동하는 18~39세 청년
○ 사업장소 : 영도구 번영길 8, 3층(청년희망플랫폼 다이룸)
 ▷ 이용시간 : 24시간 연중무휴(지문 사전등록)
○ 주요내용 : 청년활동공간 제공, 개별 상담 및 진로탐색, 교육특강‧문화체험 프로그램 운영, 청년공동체 활동 지원 등",영도구,영도구,특정기간,특정기간,20250101,20251231,,,,,,,,,N,18,39,제한없음,무관,,,,25,부산 영도구,제한없음,제한없음,제한없음,20250101,20251231,제한없음
20250114005400210238,기타,영도 청년 자격증 응시료 지원사업,"어학시험,국가기술자격증,무관",미취업 청년의 취업준비 비용부담 완화 및 구직역량 강화 지원,일자리,취업,"○ 신청기간 : 2025.1.1. ~ 12.22.
○ 지원대상 : (신청일 기준) 영도구에 1년 이상 연속하여 주민등록을 둔 19 ~ 39세 미취업 청년(1986~2006년생)
※ 주 30시간 미만 임금근로자(불완전취업자)는 증빙서류 제출 시 미취업자로 간주하여 지원 가능
○ 지원내용 : 어학시험&middot;국가기술자격증 응시료를 1인 최대 10만원 지원(횟수 무관, 예산 소진 시까지)
※ 2025.1.1.부터 실시한 어학시험&middot;국가기술자격증 시험의 응시료만 지원
※ 시험성적 및 자격증 취득 여부와 무관",영도구,영도구,특정기간,특정기간,20250101,20251231,,영도구 홈페이지 '영도 청년 응시료 지원사업' 게시판에 신청서 및 신청서류 업로드,예산의 범위 내에서 지원 대상&middot;기준에 따라 신청 순 지원,https://www.yeongdo.go.kr/00672/04452/04144.web,"①응시료 지원 신청서 및 동의서 : 인적사항, 응시현황, 통장 및 계좌, 개인정보 동의 등
②유의사항 확인(약)서 : 공공재정 부정 청구 금지 및 부정이익 환수 등
③응시확인 증빙서류: 성적표, 응시확인서 등 증빙서류 중에서 택 1
④응시료 결제 영수증 사본
⑤행정정보 공동이용 사전동의서
⑥건강보험자격득실확인서 : 신청일 기준 10일 내 발급본, 주민등록번호 뒷자리 포함
⓻통장사본(응시자 명의)
⓼(불완전근로자만 해당)근로계약서[근로시간 명시, 사업체 정보(주소, 연락처 등) 및 날인 필수
※신청서류 등록시 파일 압축 후 파일 첨부에 추가","지급시기 :
- 매월 20일까지 신청 : 심사 후 익월 5일까지 지급 예정
- 11.21. ~ 12.22.까지 신청 : 심사 후 12.31.까지 지급 예정",,,N,19,39,제한없음,무관,,"(신청일 기준) 영도구에 1년 이상 연속하여 주민등록을 둔 19 ~ 39세 미취업 청년(1986~2006년생)
※ 주 30시간 미만 임금근로자(불완전취업자)는 증빙서류 제출 시 미취업자로 간주하여 지원 가능",,34,부산 영도구,제한없음,미취업자,제한없음,20250101,20251222,제한없음
20250114005400210237,프로그램,영도구 대학생 행정체험 연수사업,"하계,행정체험을,행정체험연수",관내 미취업 대학생의 공공기관 행정체험을 통한 취업역량 강화 ,일자리,취업,"ㅇ (목적) 행정체험을 통한 취업역량 강화 및 공직에 대한 이해도 제고 
ㅇ 운영기간(연2회)
  - 동계 : 1,2월 중 ※ 2025 동계 대학생 행정체험연수: &lsquo;24.12.30.~&rsquo;25.1.24.
  - 하계 : 6,7월 중 ※ 2024 하계 대학생 행정체험연수: &lsquo;24.7.1.~7.26.
ㅇ 연수대상 : 영도구에 1년이상 거주(주민등록)한 39세 이하의 전문대학 이상 재학생/ 동,하계 각 24명
ㅇ 연수기관 : 구청(부서), 관내 소재 대학 및 동삼해양클러스터기관 등
ㅇ 주요내용 :  행정체험, 취업역량강화 프로그램 운영 ",영도구,영도구,상시,기타,,,"ㅇ 운영기간(연2회)   - 동계 : 1,2월 중 ※ 2025 동계 대학생 행정체험연수: &lsquo;24.12.30.~&rsquo;25.1.24.   - 하계 : 6,7월 중 ※ 2024 하계 대학생 행정체험연수: &lsquo;24.7.1.~7.26.",,,,,,,,N,18,39,제한없음,무관,,,,30,부산 영도구,제한없음,미취업자,제한없음,,,제한없음
20250114005400210235,커뮤니티,사상구 청년활동지원 공모사업,"생각과,실현을,청년활동지원","청년들의 생각과 가치 실현을 위한 자율적인 활동 지원을 통하여, 지역사회와 청년들이 함께 성장할 수 있는 계기를 마련",참여권리,청년참여,"-구체적인 활동계획 가진 청년모임의 사업 추진에  필요한활동비 지원
-1개 단체당 300만원 내외(3개단체) 
",사상구,,특정기간,특정기간,20250101,20251231,,"-사상구 홈페이지 공고
- 방문 및 이메일(sine320@korea.kr) 접수 "," (1차 서류심사) 사업부서 신청자 자격검증 및 중복지원여부 조회
 (2차 면접심사) 1차 심사 적격팀에 대한 면접심사 진행 
   *심사위원회 구성(관련 국․과장, 청년정책위원, 민간위원 등)
 (3차 보조금 심의) 지방보조금관리위원회 심의 후 최종선정 ",,"① 사업신청서 ② 단체 소개서 ③ 사업(활동)계획서  ④ 개인정보수집 및 활용동의서
⑤ 신청자격 증빙서류",,,,N,19,39,제한없음,무관,,,,9,부산 사상구,제한없음,제한없음,제한없음,20250115,20250207,제한없음
20250114005400110232,채용,국제옵서버 인력 확대,"국제옵서버,양성,수집","해외 조업 원양어선 승선, IUU 어업 예방 및 감시와 과학자료 수집 활동을 하는
청년 국제옵서버 양성",일자리,취업,"국제옵서버 프로그램의 안정적 운영을 위한 옵서버 신규 양성,
옵서버 승선경비 지원 등 청년 일자리 제공",해양수산부,수산정책관,특정기간,특정기간,20250101,20251231,,"- 한국수산자원공단 '옵서버 교육대상자 모집' 공고 확인 후 지원서류 우편접수
   * 인터넷, 방문 접수 불가
- 신청기간은 '25. 8월 1~3주 예상중이나, 구체적 날짜는 별도 공지 참고 요망","교육대상자 선발(서류,면접심사: '25.9월 1~2주) &rarr; 옵서버 양성교육(13일간) &rarr; 최종시험(1일간)",https://www.fira.or.kr,"응시원서, 최종학력(재학) 증명서, 경력증명서, 국가기술자격증 사본, 영어능력평가 성적표 사본","- 옵서버 양성교육비는 무료
- 숙박 및 식사, 운임 등 일체 경비는 교육생 자체 부담
- 교육장소 : 부산 기장군(한국수산자원공단)",https://www.fira.or.kr,https://blog.naver.com/fira_sea,N,19,34,제한없음,무관,,"- 학력요건 추가 설명 
   : 전문대학 이상/ 단, 수산계 고등학교를 졸업하고 수산관련 국가기술자격증을 소지하거나 어업에 1년 
     이상 종사한 자는 예외로 인정
- 전공요건 추가 설명
   : 수산 및 관련 학문을 전공한 자/ 단, 수산계 고등학교를 졸업하고 수산관련 국가기술자격증을 
     소지하거나 어업에 1년 이상 종사한 자는 예외로 인정
- 추가 신청자격요건
  : 19세 이상으로 해외여행 결격사유가 없는 자, 영어로 의사소통이 가능한 자, 선박 승선이 가능한 자",국가공무원법 제33조 및 병역법 제76조 제1항의 결격사유에 해당하지 않아야 함,32,전국,기타,제한없음,기타,20250801,20250815,제한없음
20250114005400210228,기타,청년 구직응원 패키지 지원사업,"사진촬영비,3만원,이력서",자격증 응시료(10만원 내) 및 이력서 사진촬영비(3만원 내) 지원,일자리,취업,자격증 응시료(10만원 내) 및 이력서 사진촬영비(3만원 내) 지원,경제교통국,,상시,기타,,,연례반복,,,,,,,,N,18,39,제한없음,무관,,,,672,부산 금정구,제한없음,미취업자,제한없음,,,제한없음
20250114005400210226,채용,금정 청년정책 네트워크 및 체험형 인턴,"체험형,인턴,네트워크","청년정책 네트워크 및 정책을 직접 기획, 실행해보는 체험형 인턴 운영",참여권리,청년참여,"청년정책 네트워크 및 정책을 직접 기획, 실행해보는 체험형 인턴 운영",경제교통국,,상시,기타,,,연내추진,,,,,,,,N,18,39,제한없음,무관,,,,41,부산광역시,제한없음,제한없음,제한없음,,,제한없음
20250114005400210225,커뮤니티,청년 응원 멤버십(부산 금정구),"매칭하여,카페,구성",청년 팀 구성 후 관내 카페 등 청년네트워킹 장소에 매칭하여 청년 커뮤니티 활성화 지원,참여권리,권익보호,청년 팀 구성 후 관내 카페 등 청년네트워킹 장소에 매칭하여 청년 커뮤니티 활성화 지원,경제교통국,,상시,기타,,,연례반복,,,,,,,,N,18,39,제한없음,무관,,,,105,부산광역시,제한없음,제한없음,제한없음,,,제한없음
20250114005400210224,시설제공,부산시 금정구 청년창업문화촌 운영,"청년창업문화촌,입주기업,운영",청년창업문화촌 운영(청년창업지원시설),일자리,창업,"○ 시설명: 청년창업문화촌(서동로 82)
○ 주요사업
  - 입주기업 관리 및 시설 운영
  - 입주기업 네트워킹 프로그램 운영 등",경제교통국,,상시,기타,,,연례반복,,,,,,,,N,18,39,제한없음,무관,,,,240,부산광역시,제한없음,제한없음,제한없음,,,제한없음
20250114005400210223,기타,금정 청년 러스틱라이프 프로젝트,"로컬크리에이터,금정,지원사업",청년 로컬크리에이터 지원사업,일자리,창업,청년 로컬크리에이터 지원사업,경제교통국,,상시,기타,,,연례반복,,,,,,,,N,18,39,제한없음,무관,,,,188,부산 금정구,제한없음,제한없음,제한없음,,,제한없음
20250114005400210222,커뮤니티,사회적 고립청년 지원(부산시 금정구),"고립청년,사회적,자기탐색","사회적 고립청년 지원을 위한 부모 자조모임, 청년 자기탐색 프로그램 등",복지문화,취약계층 및 금융지원,"사회적 고립청년 지원을 위한 부모 자조모임, 청년 자기탐색 프로그램 등",경제교통국,,상시,기타,,,연간추진,,,,,,,,N,18,39,제한없음,무관,,,,90,부산 금정구,제한없음,"미취업자, 프리랜서, 일용근로자, 단기근로자, 기타",제한없음,,,제한없음
20250114005400210221,교육,금정 청년 영수증학교,"참여형,금정,참여대상","금융경제 교육 추진, 참여형 챌린지 프로그램 운영 등",복지문화,취약계층 및 금융지원,"○ 운영시기: 매년 상반기
○ 참여대상: 금정구 거주 또는 활동 청년(18세~39세)
○ 주요내용: 금융경제 교육, 분야별 특강, 참여형 챌린지 프로그램 운영 등",경제교통국,,상시,기타,,,연례반복,,,,,,,,N,18,39,제한없음,무관,,,,190,부산광역시,제한없음,제한없음,제한없음,,,제한없음
20250114005400210220,상담,청년창조발전소 꿈터+ 운영,"꿈터,청년창조발전소,스타트업",청년창조발전소 꿈터+ 운영(청년창업지원시설),일자리,창업,"○ 시설명: 청년창조발전소 꿈터+(금정구 금정로 63-1(장전동))
○ 운영시간: 주6일(월~토 9시~20시/일, 공휴일 휴무) ※ 입주자 24시간 개방
○ 주요사업
  - 유망 스타트업 창업공간 지원
  - 창업교육, 멘토링, 투자연계 등 스타트업 단계별 맞춤형 프로그램 운영
  - 청년층 수요에 맞춘 청년 주도형 프로그램 운영
  - 시설 대관",경제교통국,,상시,기타,,,연례반복,,,,,,,,N,18,39,제한없음,무관,,,,527,부산광역시,제한없음,제한없음,제한없음,,,제한없음
20250114005400110219,상담,청년해기인력 공급기반 강화,"선사,동기부여,협약","미취업 청년해기사를 대상으로, 산.학 협력을 통한 선사 맞춤형 특화교육 및 취업지원을 하고
승선에 대한 동기부여 등을 통해
국적 청년 해기사의 안정적 공급시스템 구축","일자리, 교육","취업,미래역량강화","선사 실수요를 반영한 실무특화 교육 제공, 
승선 동기부여 및 인식개선을 위한 해기마인드교육 및 멘토링 실시, 
교육대상자-협약 참여기업간 취업 매칭 지원",해양수산부,선원정책과,특정기간,특정기간,20250101,20251231,,"교육 홈페이지(edu.hikosma.or.kr) 회원가입 후 지원서 작성 및 제출
([과정안내] &rarr; [청년해기인력 공급기반 강화] &rarr; [지원서 작성])

* '25년 신청기간은 '25.5월로 예상중이며, 구체적인 날짜는 차후 별도 공지 등 확인 요망",참여기업별 서류심사 후 선발자 개별 통보,https://edu.hikosma.or.kr,"① 지원서 및 자기소개서 각 1부
② 개인정보동의서 1부
③ 최종 학력 성적증명서 1부(필수)
④ 소지 자격증 사본 1부(해당자에 한함)
⑤ 공인어학성적표 사분 1부(해당자에 한함)
⑥ 상벌점 확인서류(해당자에 한함)","- (접수서류) 일체 반환하지 않으며, 허위사실 발견시 선발이 취소될 수 있음
- (선발기준) 교육생별 지원회사의 채용 기준에 따름",https://edu.hikosma.or.kr,,N,19,34,제한없음,무관,,"- 해기사 면허 소지자 또는 면허취득예정자(사업참여 직후년도)
- 해외출국 및 해외취업에 결격사유가 없는 자
- 선원법 규정에 의한 선원신체검사 기준에 결격사유가 없는 자",없음,110,전국,기타,미취업자,"고졸 예정, 고교 졸업, 대학 재학, 대졸 예정, 대학 졸업, 석·박사",20250501,20250531,제한없음
20250114005400210215,상담,시군 청년혁신가 예비창업지원,"예비,창업,사업가",예비 청년 사업가 창업 교육 및 초기사업화 지,일자리,창업,창의적인 아이템과 기술력을 보유한 예비 청년사업가의 창업 전문교육과 컨설팅 및 초기사업화 지원을 통한 성공적인 창업기업 육성,전북특별자치도,,특정기간,특정기간,20250101,20251231,,,,,,,,,N,19,39,제한없음,무관,,,,213,전북특별자치도,제한없음,제한없음,제한없음,20250301,20250430,제한없음
20250113005400210213,채용,전북형 청년취업 지원,"전북형,외에,청년취업",청년 추가 채용시 인건비 지원,일자리,취업,기업에서 청년들을 상시 근로인원 외에 더 채용하도록 지원하여 현장 실무체험 후 정규직 전환 지원,전북특별자치도,,상시,특정기간,20250101,20251231,,,,,,,,,N,18,39,제한없음,무관,,,,95,전북특별자치도,제한없음,미취업자,제한없음,,,제한없음
20250113005400210211,상담,전북청년 함께 두배적금 사업,"자산형성,적금,금융교육",청년 적금 지원을 통한 자산형성 ,복지문화,취약계층 및 금융지원,청년 자산형성 및 체계적 금융교육&middot;상담을 지원하여 경제적 자립 및 생활안정 기반 조성,전북특별자치도,,특정기간,특정기간,20250101,20261231,,,,,,,,,N,18,39,제한없음,기타,기준 중위소득 140% 이하,,,25,전북특별자치도,제한없음,제한없음,제한없음,20250304,20250317,제한없음
20250113005400210210,프로그램,전북 청년마을 만들기,"네트워크,활동,자원",청년마을 프로그램 운영 및 네트워크 활동 등 지원,참여권리,"청년참여,정책인프라구축",지역에서 새로운 기회를 찾는 청년들을 위해 지역 자원 연계 프로그램 운영 및 네트워크 활동 지원,전북특별자치도,,특정기간,특정기간,20250401,20251231,,,,,,,,,N,18,39,제한없음,무관,,,,7,전북특별자치도,제한없음,제한없음,제한없음,20250101,20250331,제한없음
20250113005400210209,기타,청년공동체 활성화 지원,"공동체,발굴,활동",청년 공동체 발굴 및 활동 지원,참여권리,청년참여,"청년공동체를 발굴·확산하고, 공동체 활동 지원을 통해 청년들의 지역활동 기반 마련 및 지역 활성화 도모",전북특별자치도,,특정기간,특정기간,20250301,20251231,,,,,,,,,N,18,39,제한없음,무관,,,,7,전북특별자치도,제한없음,제한없음,제한없음,20250101,20250228,제한없음
20250113005400210208,기타,전북청년 생생 아이디어 지원,"제안한,전북청년,적합한",청년이 구상 제안한 사업 지,참여권리,청년참여,청년 및 청년단체가 지역자원을 활용하고 청년 특성에 적합한 우수아이디어를 발굴하여 제안한 사업 지원,전북특별자치도,,특정기간,특정기간,20250401,20251231,,,,,,,,,N,18,39,제한없음,무관,,,,9,전북특별자치도,제한없음,제한없음,제한없음,20250301,20250331,제한없음
20250113005400210207,기타,전북형 청년활력수당,"구직,미취업,전북형",미취업 청년 구직활동 수당 지원,복지문화,취약계층 및 금융지원,"미취업 청년 대상으로 구직 활동수당 지원을 통해 사회활동촉진 및 청년생활기반 지원
- 도내 중위소득 150%이하 18~39세 구직 청년 월 50만원 최대 6개월 지원",전북특별자치도,,특정기간,특정기간,20250101,20251231,,,,,,,,,N,18,39,제한없음,기타,기준 중위소득 150% 이하,,,45,전북특별자치도,제한없음,미취업자,제한없음,20250203,20250228,제한없음
20250113005400210206,기타,전북청년 지역정착 지원사업,"생활보조,지역정착,초기",취업 초기 청년 생활보조 지,복지문화,취약계층 및 금융지원,"정착기반이 약한 취업 초기 청년들의 생활보조 지원으로 경제적 자립과 지역정착 지원을 통한 전북 활력 제고
 - 도내 중위소득 180%이하 18~39세 재직 청년 월 30만원 최대 1년간 지원",전북특별자치도,,특정기간,특정기간,20250301,20251231,,,,,,,,,N,18,39,제한없음,기타,기준 중위소득 180% 이하,,,147,전북특별자치도,제한없음,"재직자, 단기근로자, 영농종사자",제한없음,20250113,20250205,제한없음
20250113005400210205,채용,학예사 인턴 운영,"미술관,전문,양성하고",미술관 전문 학예업무 인력 양,일자리,취업,"지역 시각예술분야 맞춤 지원을 통해 청년 일자리 창출하여 전북지역의 청년 학예인력을 양성하고, 미술관 전문 학예업무 인력을 확보하는 선순환 생태계를 조성",전북특별자치도,,특정기간,특정기간,20250101,20251231,,,,,,,,,N,18,39,제한없음,무관,,,,6,전북특별자치도,제한없음,제한없음,제한없음,20250101,20250131,기타
20250113005400210199,시설제공,청년농업인 특화작목 성공모델 육성,"성공모델,청년농업인,육성",청년농업인 전문성 강화 및 기술 지원으로 성공모델 육성,일자리,취업,"지역 특화작목 육성에 필요한 농업시설 구축, 장비, 홍보&middot;마케팅 등 지원",전북특별자치도,,특정기간,특정기간,20250101,20251231,,,,,,,,,N,18,39,제한없음,무관,,,,5,전북특별자치도,제한없음,제한없음,제한없음,20250201,20250228,농업인
20250113005400210198,프로그램,청년농업인 드론활용 농작업지원단 운영,"청년농업인,안정,활용",드론 활용 청년농업인 농작업지원단 운영,일자리,취업,청년농업인 드론활용 적기 농작업지원으로 고령농가 안정 영농지원 및 청년농업인 농촌유입 유도,전북특별자치도,,특정기간,특정기간,20250101,20251231,,,,,,,,,N,18,39,제한없음,무관,,,,6,전북특별자치도,제한없음,제한없음,제한없음,20250201,20250228,농업인
20250113005400210197,기타,신기술접목 차세대 영농인 육성지원,"생산기반,청년농업인의,영농",청년농업인의 영농 조기정착을 위한 생산기반 조성,일자리,취업,청년농업인의 영농 조기정착을 위한 생산기반 조성,전북특별자치도,,특정기간,특정기간,20250101,20251231,,,,,,,,,N,18,39,제한없음,무관,,,,8,전북특별자치도,제한없음,제한없음,제한없음,20250201,20250228,농업인
20250113005400210195,교육,사회적경제 청년혁신가 지원사업,"사회적경제,실무인력,창출",사회적경제 사업장 실무인력 양성 및 청년 일자리 창출,일자리,취업,사회적경제 사업장에 필요한 실무인력 양성 및 교육훈련 제공을 통해 지역에 정착할 수 있는 지속가능한 청년일자리 창출,전북특별자치도,,특정기간,특정기간,20250101,20251231,,,,,,,,,N,18,39,제한없음,무관,,,,25,전북특별자치도,제한없음,제한없음,제한없음,20250101,20251231,제한없음
20250113005400210193,교육,전북특별자치도 청년마음건강센터 운영,"정신건강,서비스,정신건강의",청년 맞춤형 정신건강 서비스 제공,복지문화,건강,정신건강의 어려움을 겪는 청년을 발굴하여 적절한 조기개입을 통한 정신질환 예방 및 맞춤형 정신건강 서비스 제공으로 회복 지원,전북특별자치도,,상시,특정기간,20250101,20251231,,,,,,,,,N,19,34,제한없음,무관,,,,177,전북특별자치도,제한없음,제한없음,제한없음,,,제한없음
20250113005400210188,기타,국토부 청년월세 한시 특별지원사업,"청년으로,부모와,특별지원사업",신청일 기준 창원시에 주민등록이 되어 있는 19세 ~ 34세 이하 청년으로 부모와 별도 거주하는 무주택자의 월세 지원,주거,전월세 및 주거급여 지원,월 최대 20만원씩 12개월(회) 동안 매월 분할 지원,창원시,도시정책국,특정기간,특정기간,20240101,20261231,,,,,,,,,N,19,34,제한없음,기타,(청년가구)중위소득 60% 이하 / (원가구)중위소득 100%,,,234,경상남도 창원시,제한없음,제한없음,제한없음,20240226,20250225,제한없음
20250113005400210186,시설제공,창원형 청년꿈터 지원사업,"청년공간,지원자,청년꿈터",창원시 청년커뮤니티 등 청년 활동 공간 지원을 통해 청년들이 재능과 잠재력을 펼치고 꿈을 이루는 공간인 청년꿈터를 운영할 지원자 모집,복지문화,문화활동,"- 지원사업 선정자 : 청년공간 임대료, 공간운영비, 청년활동 사업비 등 지원
- 일반청년 : 청년공간 무료 개방",창원시,청년정책담당관,특정기간,특정기간,20250301,20251130,,,,,,,,,N,19,39,제한없음,무관,,,,9,경상남도 창원시,제한없음,제한없음,제한없음,20250113,20250131,제한없음
20250113005400210185,기타,창원시 청년 누비자 이용요금 지원사업,"누비자,이용요금,창원시",창원시에 거주하는 청년들의 문화복지 증진 및 누비자 이용 활성화 도모,복지문화,취약계층 및 금융지원,"누비자 연간회원 이용요금 지원(1인당 30,000원)",창원시,청년정책담당관,특정기간,기타,,,서비스 개시일(신청일 기준 익월 10일)로부터 1년간,,,,,,,,N,19,39,제한없음,무관,,,,199,경상남도 창원시,제한없음,제한없음,제한없음,20250115,20251130,제한없음
20250113005400210184,기타,용인청년 창업지원주택,"주택을,용인청년,경기주택도시공사가",경기주택도시공사가 신축 주택을 매입하여 용인청년 1인 창조기업인에게 직‧주 혼합 소호(SOHO)형 주택을 주변시세의 30~50% 이하로 임대,주거,주택 및 거주지," ○ 사업내용 : 경기주택도시공사가 신축 주택을 매입하여 용인청년 1인 창조기업인에게 직‧주 혼합 소호(SOHO)형 주택을 주변시세의 30~50% 이하로 임대
 ○ 입주자격 : 청년 1인 창조기업인(예비창업자 포함)
 ○ 공급호수 : 총 16세대
 ○ 기타 자세한 사항은 용인시청 홈페이지 공고 확인",용인시,,특정기간,특정기간,20250113,20250124,,신청접수 -&gt; 주택소유 및 소득자산 조사 -&gt; 부적격자 소명 접수 및 심사 -&gt; 당첨자 발표,용인시청 홈페이지 공고 참조,,용인시청 홈페이지 공고 참조,,https://www.yongin.go.kr/user/bbs/BD_selectBbs.do?q_bbsCode=1001&amp;q_clCode=1&amp;q_bbscttSn=20250106162710905,,N,19,39,미혼,기타,신청순위별 기준이 다르므로 공고 확인 필수,,,67,경기도 용인시,제한없음,(예비)창업자,제한없음,20250113,20250124,제한없음
20250113005400210183,교육,2025년 청년예술인 창작공간 지원사업 입주예술인 공모,"창작공간,청년예술인,합성동",합성동 지하상가 내 청년예술인 창작공간 지원을 통하여 청년예술가의 창작활동을 지원하고 지역 문화예술 활성화에 기여하기 위해 청년예술인 창작공간 입주예술인 모집,복지문화,예술인지원,"&middot; 합성동 지하상가 내 창작공간 제공(임차료 및 관리비 지원) 
&middot; 시민체험(교육)프로그램 운영* 강사료 및 재료(예산범위 내) 
&middot; 윈도우갤러리 전시 및 성과 전시회 개최(전시공간 제공)",창원시,문화관광체육국,특정기간,특정기간,20250201,20251231,,,,,,,,,N,19,39,제한없음,무관,,,,8,경상남도 창원시,제한없음,제한없음,제한없음,20250110,20250124,제한없음
20250113005400210176,프로그램,연제구 청년 자격증 등 시험 응시료 지원사업,"시험,응시료,능력개발과","청년들의 능력개발과 구직활동 촉진을 위해 어학, 국가자격증 등 시험 응시료를 지원하는 사업
",일자리,취업,"연제구에서 청년들의 능력개발과 구직활동 촉진을 위한 청년 자격증 등 시험 응시료 지원사업을 시행하오니 많은 참여 바랍니다.
- 1인당 연 1회, 1종 시험 응시료 실비(10만원 한도)
",연제구,,특정기간,특정기간,20250102,20251212,,"신청사이트 온라인 신청
(연제구 홈페이지 &gt; 복지포털 &gt; 청년 &gt; 청년지원사업 &gt; 청년 자격증 등 시험 응시료 지원사업)","✔선정발표: 매월 25일경 개별 연락
✔지급: 매월 30일경 계좌입금",https://www.yeonje.go.kr/welfare/license/poster.do?mId=0805040100," ① 자격증 등 시험 응시료 지원 신청서(시스템 입력)
 ② 개인정보 수집･이용 및 제3자 제공 동의(시스템 입력)
 ③ 신청자 유의사항 확인서(시스템 입력) 
 ④ 주민등록표초본(최근5년간) ※ 주민등록번호 뒷자리 가리고 제출
 ⑤ 건강보험자격득실확인서 ※ 주민등록번호 뒷자리 가리고 제출
 ⑥ 사실증명(사업자등록사실여부) ※ 주민등록번호 뒷자리 가리고 제출
 ⑦ 응시 사실 확인 증빙(응시확인서 또는 성적표 중 택1)
 ⑧ 응시료 결제 영수증(결제금액 표기)
 ⑨ 통장 사본(신청자 본인 명의)",예산소진시 조기 종료 될 수 있음,,,Y,18,39,제한없음,무관,,"신청일 기준 연제구에 6개월 이상 거주(주민등록) 중인 자
신청일 현재 미취업자 및 사업자등록사실이 없는 자",,40,부산 연제구,제한없음,미취업자,제한없음,20250101,20251212,제한없음
20250112005400110167,정보제공,산림산업 창업지원,"산림분야,산림인,산림창업",산림분야 관심자 및 전공자 태상 취ㆍ창업 실적역량 강화로 임산업 분야 우수 청년인재 유입 확대,일자리,창업,"1. 청년 산림인 취업지원
  - 온ㆍ오프라인 소통강화로 산림분야 일자리 정보 접근성 향상
  - 민ㆍ관 협업을 통한 현장현 산림분야 실무인재 양성
  - 청년 취업지원 효율화 모색 및 네트워크 구축

2. 청년 산림인 창업지원
  - 산림분야 창업자 대상 수준별 비즈니스 실전역량 강화
  - 산림창업 진입장벽 완화 및 창업 성공 도약ㆍ지원
  - 창업자 및 전문가간 네트워킹으로 산림창업 활성화 지원

세부추진사업별로 공고 ",산림안전보건일자리팀,한국임업진흥원,상시,기타,,,세부추진사업별로 공고 ,,,,,,,,N,18,39,제한없음,무관,,세부사업별로 공고시 신청자격 알림,세부사업별로 공고시 참여 제한 대상 알림,565,전국,제한없음,제한없음,제한없음,,,제한없음
20250110005400210162,보험,전북 군복무 청년 상해보험 가입 지원,"군복무,가입,전북",전북 군복무 청년 상해보험 가입 지원사업,복지문화,건강,군복무 중인 청년에게 상해가 발생할 경우에 대비하여 단체 보험 가입 지원,전북특별자치도,,상시,특정기간,20250101,20251231,,,,,,,,,N,18,39,제한없음,무관,,,,23,전북특별자치도,제한없음,제한없음,제한없음,,,제한없음
20250110005400110147,현금지급,KF 글로벌 챌린저,"왕복항공료,박물관,도서관","대한민국 차세대 인재들이 해외 유수 정책연구소, 박물관, 도서관, 국제기구/국제NGO 등에서의 실무 경험 기회",참여권리,청년국제교류,"현지 체재비, 일반석 왕복항공료 80%, 보험료 (* 경제적 취약 계층의 경우 체재비 20% 증액, 일반석 왕복항공료 전액 지급)",한국국제교류재단,한국국제교류재단,상시,기타,,,"정책연구소(6개월), 박물관(6-9개월), 도서관(10개월), 국제기구/국제NGO(3개월)","신청기간*  내 온라인 신청서 등 제출
*전년도 9-10월 (※ KF 홈페이지 공고, 신청기간은 상황에 따라 달라질 수 있으므로 유의) ",서류 및 면접평가 &rarr; 기관 인터뷰 &rarr; 합격자 발표(대상자에 한해 이메일 통보),https://apply.kf.or.kr,,,,,N,19,39,제한없음,무관,,"학력, 전공요건, 취업상태(경력)은 기관에 따라 상이
* 관련 분야 전공 학위 및 경력(총 2년 이내) 필요
상세 조건은 온라인 지원 페이지 참조",,341,전국,기타,기타,기타,,,기타
20250110005400210146,시설제공,청년센터 서구1939,"00,공간,10","청년활동, 커뮤니티 지원, 역량강화 등 청년의 삶 전반을 아우르는 프로그램 및 청년정책정보를 지원하는 종합지원, 활동거점 공간",복지문화,문화활동,"- 위치: 인천광역시 서구 봉오재3로94번길 19, 6층
- 운영시간: 평일 10:00~22:00, 토요일 10:00~18:00
- 이용대상: 19세 ~ 39세 청년
- 운영내용: 공간 및 대관 운영, 프로그램 운영, 청년 주간행사 및 청년의 날 기념식 운영 등",서구,,상시,기타,,,상시,,,,,,,,N,19,39,제한없음,무관,,,,91,인천 서구,제한없음,제한없음,제한없음,,,제한없음
20250109005400110127,교육,탄소중립 청년 서포터즈,"탄소중립,국민,선발하여",청년들의 창의성과 대중과의 소통 능력을 활용하여 정부와 국민 사이의 접점 역할 기대,참여권리,청년참여,"전국 대학생 100명을 선발하여 탄소중립 관련 주제별 SNS콘텐츠 제작 확산, 정책행사 참여 유도, 역량강화 교육 및 활동 지원",환경부,,특정기간,특정기간,20250201,20251130,,공고 및 홍보 -&gt; 선발 -&gt; 발대식 -&gt; 활동 -&gt; 해단식,,,,,,,N,19,39,제한없음,무관,,,,22,전국,제한없음,"미취업자, (예비)창업자","대학 재학, 대졸 예정, 대학 졸업, 석·박사, 기타",20250201,20250331,제한없음
20250109005400210120,기타,청년 및 주거취약계층 주택 중개수수료 지원 사업,"주택,중개수수료,지원요건","	○ 청년 및 주거취약계층을 위한 주택 중개수수료 지원사업 추진계획 입니다.
 - 시행일 : 2025. 1. 1.
 - 지원대상 : 청년, 신혼부부, 수급자, 차상위계층, 한부모가족
                  (청년 및 신혼부부는 무주택자에 한함)
 - 지원내용 : 주택 중개보수 30만원 이내
                  (2년 1회, 최대 3회 지원)
 - 지원요건 : 3억원 이하의 주택 매매&middot;전월세 계약
 - 사업예산 : 250백만원",주거,전월세 및 주거급여 지원,"	○ 청년 및 주거취약계층을 위한 주택 중개수수료 지원사업 추진계획 입니다.
 - 시행일 : 2025. 1. 1.
 - 지원대상 : 청년, 신혼부부, 수급자, 차상위계층, 한부모가족
                  (청년 및 신혼부부는 무주택자에 한함)
 - 지원내용 : 주택 중개보수 30만원 이내
                  (2년 1회, 최대 3회 지원)
 - 지원요건 : 3억원 이하의 주택 매매&middot;전월세 계약
 - 사업예산 : 250백만원",제주특별자치도,주택토지과,특정기간,기타,,,2025년 예산 마감시 종료," 신 청 자 : 거래당사자 중 제주특별자치도 거주자
  신청방법 : 방문접수(09:00~18:00 근무시간 내) 및 우편접수
   ‣ 우편접수 : 제주특별자치도 제주시 문연로 6, 
                제주도청 주택토지과(연동)  우편번호 63122
  신청서류
   ‣ (공통서류) 주택 중개수수료 지원신청서, 매매&middot;임대차 계약서
               개인정보 수집&middot;이용동의서, 통장사본, 주민등록등본
               중개수수료 영수증
   ‣ (청년&middot;신혼부부) 지방세 세목별 과세증명서(전국단위)* 
                     혼인관계증명서(신혼부부에 한함)
     * 과세증명서는 계약 체결된 당해년도와 전년도 기준의 전국단위 재산세 항목
   ‣ (수급자&middot;차상위계층&middot;한부모가족) 관련 증명서
  신청장소
   ‣ 제주특별자치도 주택토지과
   ‣ 주택 소재지 관할 행정시 종합민원실(부동산관리팀)
"," ① 신청기한 기준
   ‣ 계약서 다음날을 1일로 기산(민법 제157조 초입 불삽입)
   ‣ 신청기한 말일이 공휴일 또는 휴무일인 경우 다음 업무개시일 마감
     시간까지 신청 가능(민법 제161조 공휴일 기간만료점)
 ② 지원대상자
   ‣ 제주특별자치도 거주 여부 확인 &rarr; 주민등록등본 확인
   ‣ 청년&middot;신혼부부 
    - 부동산 거래 계약일 기준으로 나이 및 혼인 기간 산정
   ‣ 수급자&middot;차상위계층&middot;한부모가족 : 관련증명서 확인",," 신청서류
   ‣ (공통서류) 주택 중개수수료 지원신청서, 매매&middot;임대차 계약서,
               개인정보 수집&middot;이용동의서, 통장사본, 주민등록등본,
               중개수수료 영수증
   ‣ (청년&middot;신혼부부) 지방세 세목별 과세증명서(전국단위)* 
                     혼인관계증명서(신혼부부에 한함)
     * 과세증명서는 계약 체결된 당해년도와 전년도 기준의 전국단위 재산세 항목",,,,N,19,39,제한없음,무관,,"청년, 신혼부부, 기초생활수급자, 차상위계층, 한부모가족 ",,177,"제주 제주시, 제주 서귀포시",제한없음,제한없음,제한없음,20250102,20250630,"기초생활수급자, 한부모가정"
20250109005400210114,기타,청년 자격시험 응시료 지원,"1종,자격시험,응시료",우리 구에서는 청년들의 능력개발과 구직활동에 필요한 국가기술자격시험 등 자격증 응시료의 지원을 통해 미취(창)업 청년들의 경제적 부담을 완화하고자  「2025년 부산 북구 청년 자격시험 응시료 지원 사업」 을 실시합니다.,일자리,취업,"취업준비 청년의 경제적 부담 완화, 직무역량 향상, 취업 도전 기회 마련

대상 : 북구 거주 미취업 청년
주요내용 : 어학 등 자격시험 응시료 실비 지원 (1인당 1종 연 1회 10만원 한도)
               ‣ 1인당 1종 연1회 : 하나의 자격증 시험(1종)에 대해 연1회 실비 지원이 가능  
               ‣ 하나의 자격증 시험이 단계 또는 실기/필기 등으로 나뉘어 있을 시, 실기 및
                  필기를 1종으로 산정하여 실기와 필기 묶어서 신청 가능
                 ※ 격년신청 가능‧생애 최대 3회 한정 : 24년 수혜자 25년 지원 불가

세부사항 붙임 공고문 참고
",북구,,특정기간,특정기간,20250101,20251231,,"북구 홈페이지 내 북구 청년 자격시험 응시료 지원사업 게시판 
    ‣ 부산 북구 &rarr; 분야별정보 &rarr; 일자리 &rarr; 청년 &rarr; 북구 청년 자격시험 응시료 지원사업",,https://www.bsbukgu.go.kr/index.bsbukgu?menuCd=DOM_000000103007010005,"1. 응시료 지원 신청서 및 개인정보 수집&middot;이용 동의서
2. 유의사항 확인서
3. 주민등록초본 (최근 5년 이력 포함, 주민등록번호 뒷자리 미포함된 신청일 기준 10일이내 발급분)
4. 사실증명서 (=사업자등록사실여부확인서, 주민등록번호 뒷자리 미포함)
5. 건강보험자격득실확인서 (신청자 기준 발급, 주민번호 뒷자리 미포함)
6. 응시확인서 또는 성적표 (자격취득결과 및 점수 무관, 접수증 불가)
7. 응시료 결제 영수증 (사본 가능, 신청자 본인부담 증빙 필요 및 결제금액 표기 필수)
8. 통장 (응시자 본인 명의)","1. 대상자 선정 및 개별통보
- 매월 1일~15일 접수 &ndash; 당월 25일 선정
- 매월 16일~말일 접수 &ndash; 익월 25일 선정

2. 지급기간
- 매월 1일~15일 접수 &ndash; 당월 말일 지급
- 매월 16일~말일 접수 &ndash; 익월 말일 지급",,,N,18,39,제한없음,무관,,,,340,부산 북구,제한없음,"재직자, 자영업자, 미취업자, 프리랜서, 일용근로자, (예비)창업자, 단기근로자, 영농종사자, 기타",제한없음,20250101,20251215,제한없음
20250109005400210101,시설제공,부산진구 비상스페이스 창업공간 지원사업,"부산점,입주장소,쿨리지코너부산센터","  ‣ 입주장소 : KT&G상상마당(부산점) 6층 쿨리지코너부산센터, 8인실 
  ‣ 지원대상 : 부산시 소재 경력 7년 이하의 기업 
  ‣ 지원사항 : 입주공간 무상 제공, VC(벤처캐피탈) 성장프로그램",일자리,창업,"  ‣ 입주장소 : KT&G상상마당(부산점) 6층 쿨리지코너부산센터, 8인실 
  ‣ 지원대상 : 부산시 소재 경력 7년 이하의 기업 
  ‣ 지원사항 : 입주공간 무상 제공, VC(벤처캐피탈) 성장프로그램",부산진구,부산진구,특정기간,특정기간,20250226,20251231,,,,,,,,,N,18,39,제한없음,무관,,,,36,부산광역시,제한없음,(예비)창업자,제한없음,20250110,20250124,제한없음
20250109005400210100,현금지급,정서진 아라뱃길 청년창업공간 지원사업,"정서진,아라뱃길,서구에서",- 서구에서 창업에 도전하는 청년에게 다양한 지원을 통한 자생력 강화,일자리,창업,"- 서구에서 창업에 도전하는 청년에게 다양한 지원을 통한 자생력 강화
   ․ 위    치: 정서진 아라뱃길 여객터미널(인천 서구 정서진1로 41)
   ․ 지원내용: 창업공간 무상제공(6개소), 초기 창업사업기반 구축비(최대 월 30만원 이내) 지급 ",서구,서구,특정기간,특정기간,20250401,20260331,,인청광역시 서구청 홈페이지 공고 후 접수,,,,- 사업신청기간은 내부사정에 따라 변동 가능,,,N,19,39,제한없음,무관,,"- 거주지가 인천광역시이며 사업 대상자 선정 시 창업공간으로 사업장등록이 가능한 청년
- 초비창업가(3년) 혹은 예비창업가 대상 ",,167,인천광역시,제한없음,제한없음,제한없음,20250201,20250331,제한없음
20250109005400210099,시설제공,중소기업 재직청년 복지공유제,"middot,복지공유제,서구",중소기업 재직 중인 인천광역시 서구 청년들에게 대기업 및 유관기관의 시설 &middot; 복지 공유,복지문화,문화활동,"- 제1호 복지공유제 추진(노을진 캠핑장 숙박권 지원)
   &middot;지원대상 : 전국 중소기업에 6개월 이상 재직 중인 서구 청년
   &middot;지원내용 : 노을진 캠핑장 카라반 등 60개/연2회
   &middot;신청방법 : 서구청 홈페이지 공고 후 서구에서 직접 모집
 - 제2호 복지공유제 추진(하나은행, 숙박비 지원)
   &middot;지원대상 : 전국 중소기업에 6개월 이상 재직중인 서구청년 160명 이내
   &middot;지원내용 : 국내 숙박 업소 1박 20만원 지원
   &middot;신청방법 : 인천 서구 복지재단 홈페이지 접수 ",서구,서구,특정기간,특정기간,20250301,20251231,,,,,,,,,N,19,39,제한없음,무관,,- 전국 중소기업에 6개월 이상 재직 중인 서구 관내 청년(19~39세),- 복지공유제별 중복참여 불가,380,인천 서구,제한없음,재직자,제한없음,20250301,20251231,중소기업
20250109005400210098,교육,부산진구 청년창조발전소 청년카페 입주,"청년창조발전소,2025,부산진구"," □ 자     격 : 바리스타 자격증을 소지하거나 카페창업 관련 교육을 이수한 예비 및 초기 청년 창업자
 □ 소 재 지 : 청년창조발전소 1층 (부산진구 대학로36번길 10) 
 □ 입주기간 : 2025. 2. 26. ~ 2025. 12. 31. 
                      ※ 기존 입주자 1회에 한해 재응모 가능(최대 2년)  
 □ 입주조건 : 임대료 연1,144,810원(부가세포함, 일시선납), 공공요금,  지방공제회비 납부",일자리,창업," □ 자     격 : 바리스타 자격증을 소지하거나 카페창업 관련 교육을 이수한 예비 및 초기 청년 창업자
 □ 소 재 지 : 청년창조발전소 1층 (부산진구 대학로36번길 10) 
 □ 입주기간 : 2025. 2. 26. ~ 2025. 12. 31. 
                      ※ 기존 입주자 1회에 한해 재응모 가능(최대 2년)  
 □ 입주조건 : 임대료 연1,144,810원(부가세포함, 일시선납), 공공요금,  지방공제회비 납부",부산진구,부산진구,특정기간,특정기간,20250226,20251231,,,,,,,,,N,18,39,제한없음,무관,,바리스타 자격증을 소지하거나 카페창업 관련 교육을 이수한 예비 및 초기 청년 창업가,,6,부산광역시,기타,(예비)창업자,제한없음,20250110,20250124,제한없음
20250109005400210097,시설제공,부산진구 청년창조발전소 공유오피스 창업공간 지원 사업,"청년창조발전소,2025,부산진구"," ❍ 입주기간 : 2025. 2. 26. ~ 2025. 12. 31. 
                    ※ 기존 입주자 1회에 한해 재응모 가능(최대 2년) 
 ❍ 소 재 지 : 청년창조발전소 4층(부산진구 대학로36번길 10)
 ❍ 모집대상 : 청년 예비 및 초기 창업자 등 &rarr; 사업자등록 3년 이하
 ❍ 조    건 : 임대료 연 172,500원(14.01㎡), 공공요금, 공제회비 납부",일자리,창업," ❍ 입주기간 : 2025. 2. 26. ~ 2025. 12. 31. 
                    ※ 기존 입주자 1회에 한해 재응모 가능(최대 2년) 
 ❍ 소 재 지 : 청년창조발전소 4층(부산진구 대학로36번길 10)
 ❍ 모집대상 : 청년 예비 및 초기 창업자 등 &rarr; 사업자등록 3년 이하
 ❍ 조    건 : 임대료 연 172,500원(14.01㎡), 공공요금, 공제회비 납부",부산진구,부산진구,특정기간,특정기간,20250226,20251231,,,,,,,,,N,18,39,제한없음,무관,,,,14,부산광역시,제한없음,(예비)창업자,제한없음,20250110,20250124,제한없음
20250109005400210095,상담,부산진구 창업 키워드림 지원사업,"2025,키워드림,사업화자금","□ 사 업 명 : 사업화자금 지원「2025년 부산진구 창업 키워드림 지원사업」
□ 사업기간 : 2025. 1월 ~ 2025. 12월
□ 지원기간 : 2025. 3월 ~ 2025. 12월 (10개월간)
□ 신청자격
  ○ 부산시 거주자, 18세 이상 39세 이하 청년
  ○ 사업자등록이 부산진구로 되어 있으며(이전 예정자 포함), 3년 이하의 초기 창업가(예비창업자 포함)
□ 지원내용 
  ○ 사업화자금 지원(공간 임차료, 시설개선비 등) 
  ○ 창업 전문교육 및 맞춤형 컨설팅 제공, 네트워킹 지원",일자리,창업,"□ 사 업 명 : 사업화자금 지원「2025년 부산진구 창업 키워드림 지원사업」
□ 사업기간 : 2025. 1월 ~ 2025. 12월
□ 지원기간 : 2025. 3월 ~ 2025. 12월 (10개월간)
□ 신청자격
  ○ 부산시 거주자, 18세 이상 39세 이하 청년
  ○ 사업자등록이 부산진구로 되어 있으며(이전 예정자 포함), 3년 이하의 초기 창업가(예비창업자 포함)
□ 지원내용 
  ○ 사업화자금 지원(공간 임차료, 시설개선비 등) 
  ○ 창업 전문교육 및 맞춤형 컨설팅 제공, 네트워킹 지원",부산진구,부산진구,특정기간,특정기간,20250301,20251210,,,,,,,,,N,18,39,제한없음,무관,,,,77,부산광역시,제한없음,(예비)창업자,제한없음,20250110,20250123,제한없음
20250109005400210094,교육,취업성공 디딤돌 청년인턴 사업,"gt,서구,행정인턴",인천광역시 서구 관내 19-34세 미취업 청년들에게 공공기관 행정인턴 업무 경험 제공 및 취업역량강화 교육 지원,일자리,취업,"(사업내용) 인천광역시 서구 관내 청년 행정인턴 업무 경험 제공
 - 대     상 : 서구 거주 19~34세 이하 미취업 청년 
 - 선발방법: 모집공고(인천 서구청 홈페이지) &gt; 서류심사 &gt; 면접심사 &gt; 최종선발
 - 근로시간: 일 8시간 / 주5일 
 - 근로기간: 5개월
 - 모집시기
  &middot; (1기) 채용공고: 1월 / 근무기간: 25.2월 ~ 6월 
  &middot; (2기) 채용공고: 6월 / 근무기간: 25.7월 ~ 11월
 - 급여수준 : 일 92,000원 (25년 생활임금 11,500원 적용, 시급제)  ",서구,서구,특정기간,기타,,,신청기간은 내부사정에 따라 변경 가능,,,,,,,,N,19,34,제한없음,무관,,,"- (공고일 기준)
  · 해당사업 참여 경력이 있는자
  · 취업 중이거나 취업이 결정된 자 또는 고용보험 가입자
  · 재학생 또는 휴학생 (단, 졸업 직전 방학 중이거나 방송통신 ·사이버 ·야간대학 재학생은 참여가능)
- (접수일 기준) 국민취업지원제도, 고용노동부 인턴사업 등 타 기관 유사사업 참여중인 자 (사업 
                      종료시까지 중복 참여 불가)",53,인천 서구,제한없음,미취업자,"고교 졸업, 대졸 예정, 대학 졸업",20250601,20251130,제한없음
20250108005400210084,기타,청년 면접 지원 사업,"면접,장기화로,적극적",청년 실업률 및 구직기간 장기화로 어려움을 겪는 지역 청년들에게     면접 지원을 통해 취업부담 경감 및 적극적 구직활동 지원,일자리,취업," ○ 사업대상: 관내 주민등록을 둔 19세 ~ 39세 구직 청년
 ○ 사업내용: 증명사진 및 헤어&middot;메이크업비, 정장 대여비 지원
  - 지원범위: 1인당 연 3회(회당 10만원 이내) 지원",가평군,가평군,상시,특정기간,20250101,20251231,,,,,,,,,N,19,39,제한없음,무관,,,,458,경기도 가평군,제한없음,제한없음,제한없음,,,제한없음
20250108005400210083,프로그램,청년의 사회적 고립 해소를 위한 지원사업,"고립,사회적,해소를",지역 자원을 활용하여 사회적 고립 청년의 사회 복귀를 지원하고 청년 정책의 사각지대를 해소하고자 함,복지문화,취약계층 및 금융지원,"- (지원내용) 청년의 사회적 고립 해소를 위한 프로그램 운영(월 별 1회, 5개월)
 &middot; 관계가 싹 트는 프로그램: 우리동네에서 우리와 함께할 수 있는 지속적인 프로그램 제공
 &middot; 1달에 2번 방-동네-서구로 이동 범위가 확장될 수 있는 미션 부여
- (지원규모) 1기에 5명씩 구성, 총 4기수 운영(20명)",서구,서구,특정기간,특정기간,20250113,20251215,,"온라인 신청: 접수기간이 특정되면 청년센터 홈페이지에 접수 창구 개설
 * 상기 신청기간은 사업 추진 상황에 따라 변경 가능 
","지원규모가 초과되거나, 신청현황 등에 따라 보건복지부 등에서 개발한 고립은둔 척도를 활용하여 선정할 수 있음 ",,,,,,N,19,39,제한없음,무관,,사회적 고립감을 느끼는 청년으로 신청 규모에 따라 보건복지부 등에서 개발한 고립은둔 척도 결과를 제출해야할 수 있음,,55,인천 서구,제한없음,제한없음,제한없음,20250501,20250531,제한없음
20250108005400210082,기타,부산진구 청년정책 기본계획 수립을 위한 연구용역,"부산진구,정책수요조사분석,지역특성에","ㅇ (목적)지역특성에 맞는 청년정책 발굴 및 중장기 계획 수립  
ㅇ (대상) 부산진구 청년
ㅇ (주요내용) 청년기본현황조사 및 특성분석, 정책수요조사분석, 기본방향 및 세부 추진 전략 제안
ㅇ (전달체계) 직접사업",참여권리,청년참여,"ㅇ (목적)지역특성에 맞는 청년정책 발굴 및 중장기 계획 수립  
ㅇ (대상) 부산진구 청년
ㅇ (주요내용) 청년기본현황조사 및 특성분석, 정책수요조사분석, 기본방향 및 세부 추진 전략 제안
ㅇ (전달체계) 직접사업",부산진구,부산진구,특정기간,특정기간,20250401,20250430,,,,,,,,,N,18,39,제한없음,무관,,,,8,부산 부산진구,제한없음,제한없음,제한없음,20250401,20250430,제한없음
20250108005400210080,프로그램,부산진구 청년네트워크,"정책모니터링,부산진구에서,정책추진","ㅇ (목적) 청년이 직접 참여하는 정책추진 및 수요자 중심의 청년정책 발굴 
ㅇ (대상) 부산진구에서 거주 또는 활동하는 청년 20명내외
ㅇ (주요내용) 청년정책발굴제안, 정책모니터링
ㅇ (전달체계) 직접사업",참여권리,청년참여,"ㅇ (목적) 청년이 직접 참여하는 정책추진 및 수요자 중심의 청년정책 발굴 
ㅇ (대상) 부산진구에서 거주 또는 활동하는 청년 20명내외
ㅇ (주요내용) 청년정책발굴제안, 정책모니터링
ㅇ (전달체계) 직접사업",부산진구,부산진구,상시,특정기간,20250108,20251231,,,,,,,,,N,18,39,제한없음,무관,,"부산진구 거주
혹은 부산진구 내에서 활동하는 청년",,21,부산광역시,제한없음,제한없음,제한없음,,,제한없음
20250108005400210079,기타,부산진구 청년 공모전,"공모전,정책제안의,제고하며","ㅇ (목적) 청년의 정책 관심도를 제고하며 정책제안의 기회를 제공
ㅇ (대상) 청년 누구나
ㅇ (주요내용) 청년정책, 문화 활성화를 위한 공모전 개최
ㅇ (전달체계) 직접사업",참여권리,정책인프라구축,"ㅇ (목적) 청년의 정책 관심도를 제고하며 정책제안의 기회를 제공
ㅇ (대상) 청년 누구나
ㅇ (주요내용) 청년정책, 문화 활성화를 위한 공모전 개최
ㅇ (전달체계) 직접사업",부산진구,부산진구,특정기간,특정기간,20250401,20250430,,,,,,,,,N,18,39,제한없음,무관,,,,21,전국,제한없음,제한없음,제한없음,20250401,20250430,제한없음
20250108005400210078,시설제공,부산진구 청년주간 운영,"부산진구,문화조성과,공감의","ㅇ (목적) 청년을 위한 문화조성과 청년소통 및 공감의 장을 마련
ㅇ (대상) ) 청년 누구나
ㅇ (주요내용) e-스포츠대회, 청년공간 등 부산진구 전역에서 청년의 날 행사 진행
ㅇ (전달체계)  직접사업",복지문화,문화활동,"ㅇ (목적) 청년을 위한 문화조성과 청년소통 및 공감의 장을 마련
ㅇ (대상) ) 청년 누구나
ㅇ (주요내용) e-스포츠대회, 청년공간 등 부산진구 전역에서 청년의 날 행사 진행
ㅇ (전달체계)  직접사업",부산진구,부산진구,특정기간,특정기간,20250920,20250926,,,,,,,,,N,18,39,제한없음,무관,,,,20,부산광역시,제한없음,제한없음,제한없음,20250920,20250926,제한없음
20250108005400210077,정보제공,부산진구 청년마루(일자리카페) 운영,"현실성,일자리정보,청년","ㅇ (목적) 구직 청년들에게 다양하고 현실성 있는 취업역량 강화 기회 제공
ㅇ (대상) 청년 누구나
ㅇ (주요내용) 청년 프로그램 운영, 청년 일자리정보 제공
ㅇ (전달체계) 직접사업",복지문화,문화활동,"ㅇ (목적) 구직 청년들에게 다양하고 현실성 있는 취업역량 강화 기회 제공
ㅇ (대상) 청년 누구나
ㅇ (주요내용) 청년 프로그램 운영, 청년 일자리정보 제공
ㅇ (전달체계) 직접사업",부산진구,부산진구,상시,특정기간,20250401,20251130,,,,,,,,,N,18,39,제한없음,무관,,,,88,부산광역시,제한없음,제한없음,제한없음,,,제한없음
20250108005400210075,상담,부산진구 청년1인가구 주거환경개선 프로그램,"청년1인가구,3d홈스타일,주거환경개선으로","ㅇ (목적) 청년1인가구 주거환경개선으로 안심주거 지원    
ㅇ (주요내용) 3D홈스타일, 공간정리컨설팅
ㅇ (전달체계) 직접사업",주거,주택 및 거주지,"ㅇ (목적) 청년1인가구 주거환경개선으로 안심주거 지원    
ㅇ (주요내용) 3D홈스타일, 공간정리컨설팅
ㅇ (전달체계) 직접사업",부산진구,부산진구,특정기간,특정기간,20250501,20251031,,,,,,,,,N,18,39,제한없음,무관,,,,29,부산 부산진구,제한없음,제한없음,제한없음,20250401,20250430,제한없음
20250108005400210074,기타,부산진구 청년 자격시험 응시료 지원,"부산진구,응시료,취업능력","ㅇ (목적) 미취업 청년들의 경제적 부담을 완화하고 취업능력 개발 지원 
ㅇ (대상) 부산진구 청년
ㅇ (주요내용) 국가기술자격증 등 시험 응시료 지원
ㅇ (전달체계) 직접사업",일자리,취업,"ㅇ (목적) 미취업 청년들의 경제적 부담을 완화하고 취업능력 개발 지원 
ㅇ (대상) 부산진구 청년
ㅇ (주요내용) 국가기술자격증 등 시험 응시료 지원
ㅇ (전달체계) 직접사업",부산진구,부산진구,특정기간,특정기간,20250304,20251120,,,,,,,,,Y,18,39,제한없음,무관,,,,48,부산 부산진구,제한없음,미취업자,제한없음,20250304,20251120,제한없음
20250108005400210073,상담,부산진구 기업탐방프로그램,"부산진구,취업멘토링,현직자","ㅇ (목적) 미취업 청년들의 경제적 부담을 완화하고 취업능력 개발 지원 
ㅇ (대상) 부산진구 청년
ㅇ (주요내용) 기업탐방, 직무체험, 현직자 취업멘토링 
ㅇ (전달체계) 직접사업",일자리,취업,"ㅇ (목적) 미취업 청년들의 경제적 부담을 완화하고 취업능력 개발 지원 
ㅇ (대상) 부산진구 청년
ㅇ (주요내용) 기업탐방, 직무체험, 현직자 취업멘토링 
ㅇ (전달체계) 직접사업",부산진구,부산진구,특정기간,특정기간,20250501,20250531,,,,,,,,,N,18,39,제한없음,무관,,,,32,부산 부산진구,제한없음,제한없음,제한없음,20250401,20250430,제한없음
20250108005400210072,상담,부산진구 청년취업매니저,"부산진구,취업능력,일대일","ㅇ (목적) 미취업 청년들의 경제적 부담을 완화하고 취업능력 개발 지원 
ㅇ (대상) 부산진구 청년
ㅇ (주요내용) 일대일 맞춤형 취업컨설팅 
ㅇ (전달체계) 직접사업",일자리,취업,"ㅇ (목적) 미취업 청년들의 경제적 부담을 완화하고 취업능력 개발 지원 
ㅇ (대상) 부산진구 청년
ㅇ (주요내용) 일대일 맞춤형 취업컨설팅 
ㅇ (전달체계) 직접사업",부산진구,부산진구,특정기간,특정기간,20250501,20251130,,,,,,,,,N,18,39,제한없음,무관,,,,8,부산 부산진구,제한없음,미취업자,제한없음,20250401,20250430,제한없음
20250108005400210071,현금지급,부산진구 청년 행정인턴,"부산진구,10명,상반기","ㅇ (목적) 취업 준비 중인 청년들에게 직무경험을 제공하여 민간취업 경쟁력을 제고 하고 청년의 구직단념을 방지하여 사회진입 활동을 촉진
ㅇ (대상) 부산진구 거주 미취업&middot;미창업 청년(18~39세)
ㅇ (주요내용) 일 7시간, 주35시간 행정기관 근무
ㅇ (전달체계) 직접사업",일자리,취업,"ㅇ채용인원: (상반기)10명 / (하반기)10명
ㅇ임금: 80,906원/일(중식비, 4대보험 본인 부담금 포함)
  *시급 11,5558원, 부산진구 생활임금 적용, 매 익월 5일 내 지급
ㅇ근무기간: (상반기) 2025. 3. 4.(예정) ~ 2025. 6. 31.
ㅇ사업내용: 구직청년들에게 직무경험 제공으로 취업역량 강화",부산진구,부산진구,특정기간,특정기간,20250304,20251231,,"ㅇ모집인원: 10명
ㅇ모집공고: 구청 홈페이지 공고를 통한 공개 채용
ㅇ모집절차: 서류심사 &rarr; 면접심사 &rarr; 최종선발
ㅇ신청방법: 방문접수   *부산진구청 일자리산업과(8층) 청년지원팀
ㅇ자격요건: 공고일 현재 부산진구에 주소를 둔 미취업, 미창업 청년(18~39세)
ㅇ제출서류: 신청서, 자기소개서, 개인정보제공동의서, 주민등록초본, 건강보험자격득실확인서",1차 서류평가 &rarr; 2차 대면평가,," 신청서, 자기소개서, 개인정보제공동의서, 주민등록초본, 건강보험자격득실확인서",,,,N,18,39,제한없음,무관,,,,34,부산 부산진구,제한없음,미취업자,제한없음,20250117,20250207,제한없음
20250107005400110063,교육,2025년 국가유산 산업 인턴 지원 사업,"인턴,국가유산,운영기관",국가유산 산업 분야 취업 준비 청년들의 현장 실무역량을 강화하여 취업을 위한 경력 지원 및 국가유산 산업확장 도모,일자리,취업,"□ 지원대상: 국가유산 산업 분야 취업을 준비 중인 청년
※ 대한민국 국적 소지자에 한함
□ 지원연령: 만 19세 이상 ~ 39세 이하
※ 1985. 3. 2.~ 2006. 3. 1 출생자에 한함
□ 근로조건
ㅇ 근무장소: 매칭이 완료된 인턴 운영기관
ㅇ 근무기간: 2025. 3. 1.~ 8.31.(총 6개월 / ※ 근무기간은 상황에 따라 조정될 수 있음)
ㅇ 근로계약: 인턴과 인턴 운영기관 간 근로계약 체결
- 근무조건: 주 40시간(일 8시간*5일)
- 급여조건: 월 2,096,270원 이상 (※ 세전 기준 / 4대보험 및 주휴수당 포함)
※ 세부 근로사항은 인턴 운영기관별 상황에 맞춰 인턴과 협의 후 결정
ㅇ 인턴활동
- 직무교육 수료 국가유산진흥원에서 제공하는 교육 수강 (온라인 예정)
- 인턴 운영기관 제시 인턴 담당업무 수행 및 운영 실적 보고서 작성등",국가유산진흥원,국가유산진흥원,특정기간,특정기간,20250101,20251231,,"신청방법: 국가유산진흥원 온라인채용시스템을 통한 온라인 지원 (https://heritage-intern.recruiter.co.kr/)
※ 이메일, 우편, 방문접수 및 기타 방법을 통한 지원 불인정

","□ 선정절차 : 서면심사 후 선정
□ 결과발표: 2025. 2. 14.(금)",https://heritage-intern.recruiter.co.kr/appsite/company/index,"□ 인턴 참여 신청서 (※ 온라인 작성 / 한글파일 작성 및 제출 불필요)
□ 개인정보 수집･이용･제공 동의서(※ 필수)
□ 취업취약계층 확인 증명서, 자격․어학증명서(※ 대상자에 한함)
□ 국민취업지원제도 성실참여 확인서(※ 대상자에 한함)
□ 발굴조사 분야 지원자는 추가로 관련학과 학사 학위 이상 취득자로 지원자격 제한 (증명서 필요)",문의처 : 국가유산진흥원 교육사업팀 02-2270-1295~1296,,,N,19,39,제한없음,무관,,"※우대사항: 취업취약계층에 해당하며 관련 증명서를 제출하는 자에 한하여 가산점 부여
","① 2023~2024년 동 사업에 하루라도 참여한 이력이 있는 인턴
② 2023~2024년 청년·경력단절여성 중심 사업[붙임 1-1. 참조] 참여자
③ 노동시장이행형 직접일자리사업 [붙임 1-3. 참조]  하는 경우 참여 가능
④ 인턴 운영기관에서 현재 근무하여 해당 기관의 4대보험에 가입 중인 자
⑤ 인턴 운영기관의 사업주(대표자)와 친인척 관계인 자
⑥ 인턴 근무시작일(2025. 3. 1.(토)) 기준 인턴 운영기관에 4대보험 직장가입이 불가한 자
⑦ 타 정부부처 또는 공공기관의 인턴 사업에 참여 중인 자
※ 위 기재사항 및 기타 허위 또는 부정한 방법으로 채용된 자는 해당 사실이 발견되는 경우 선정이 취소될 수 있음
",67,전국,기타,미취업자,기타,20250117,20250202,제한없음
20250107005400210058,시설제공,지역상생 청년일자리 창출 사업,"서울시,일자리,지역자원","목포-서울시 지역 간 협력 청년 일자리 구축, 지역자원 탐색 및 청년창업 자원을 지원하여 청년의 지역 정착 및 일자리 창출을 도모하고자 함",일자리,창업,"○ 지원대상 : 서울시 거주 청년(만19세~39세이하)
○ 지원기준 : 목포시를 선택한 서울시 청년
○ 지원내용 : 지역자원조사 기간 우리시 소개 및 관련 기관 연계 및 숙박비, 식비, 사무공간 등",미래전략산업국,미래전략산업국,특정기간,특정기간,20250301,20251231,,서울시에서 지역별 인원 모집 후 사업팀 선발,"1단계 : 서울시에서 인원별 모집(25.6.)
2단계 : 1단계 통과팀 상대로 사업 과정을 심사하여 선정 후 추가 지원금 지급(25.8.)
3단계 : 2단계 통과팀 상대로 사업 과정을 심사하여 선정 후 추가 지원금 지급(25.12.)",,사업에 참여할 사업 아이템 홍보 및 사업계획서,"서울시에서는 사업 총괄 운영 및 사업팀 선정하며 선정팀은 지자체를 선택하여 지역자원조사과정을 거쳐 아이템 구상을 하게 됨
각 지자체에서는 사업 참여 신청 후 정보 제공 및 각 지자체 별 혜택 제공",http://seoulnextlocal.co.kr/,,N,18,34,제한없음,무관,,,,385,서울특별시,제한없음,제한없음,제한없음,20250501,20251231,제한없음
20250103005400210049,현금지급,찾아가는 청년문화 예술 활동 지원,"문화예술인,청년,육성과","청년 문화예술인을 중심으로 창작활동, 콘텐츠 개발 등 청년 문화 예술인 육성과 역량강화를 지원",복지문화,예술인지원,"▪ 지원대상 : 청년 문화예술인 단체
▪ 지원기준 : 서산시 소재, 5인 이상 구성  
▪ 지원내용 : 청년 문화예술인 공연 기획 및 문화예술 교육활동 추진을 위한 단체별 보조금 지급
",서산시,복지문화국,상시,기타,,,4. ~ 11. 추진 예정(담당부서 문의),,,,,,,,N,18,39,제한없음,무관,,서산시 소재 청년 문화예술인 단체(5인 이상 구성),,581,충청남도 서산시,예체능계열,제한없음,제한없음,,,기타
20250103005400210048,대출,신혼부부 주택 전세자금 대출이자 지원,"전세자금,부부합산,이내","전세자금 대출잔액의 2.5% 이내, 연 1회 지원",주거,전월세 및 주거급여 지원,"▪ 지원대상 : 부부합산 연소득 기준 중위소득 180% 이하 가구
▪ 지원기준 : 부부 중 1명이 청년(18세 ~ 39세) 
▪ 지원내용 : 전세자금 대출잔액의 2.5% 이내(최대 100만원), 연1회(최대2년) 지원
",서산시,건설교통국,상시,기타,,,2025. 1. ~ 4. 예정(담당부서 문의),,,,,,,,N,18,39,기혼,기타,부부합산 연소득 기준 중위소득 180% 이하 가구,부부 중 1명이 18 ~ 39세 이하,,309,충청남도 서산시,제한없음,제한없음,제한없음,,,제한없음
20250103005400210045,보험,서산시 군복무 청년 상해보험 가입,"군복무,상해보험,보상을",군복무 중 사고 시 보상을 하여 시 차원의 사회 안전망 확보,복지문화,건강,"▪ 지원대상 : 서산시에 주민등록을 둔 군복무 청년
▪ 지원기준 : 군복무 중 사망, 상해 및 질병 후유장해 시 지원
▪ 지원내용 :상해보험 지원 
",서산시,기획예산담당관,상시,기타,,,2025. 3. ~ 12. 예정(담당부서 문의),,,,,,,,N,18,39,제한없음,무관,,서산시에 주민등록을 둔 군복무 청년,,12,충청남도 서산시,제한없음,제한없음,제한없음,,,군인
20250103005400210044,교육,창업보육센터 지원,"창업,사업추진,경비",다양한 맞춤형 창업기업 육성 및 지원,일자리,창업,"▪ 지원대상 : 창업 준비자
▪ 지원기준 : -
▪ 지원내용 : 각종 창업 교육 및 사업추진 운영 경비 지원
",서산시,경제산업국,상시,기타,,,연중상시,,,,,,https://sanhak.hanseo.ac.kr/,,N,18,39,제한없음,무관,,,,909,전국,제한없음,(예비)창업자,제한없음,,,제한없음
20250103005400210043,채용,공공근로사업(청년실업대책),"미취업자에게,공공근로사업,공공분야",청년 미취업자에게 생계안정과 근로의욕 진작,일자리,취업,"▪ 지원대상 : 청년 미취업자
▪ 지원기준 : -
▪ 지원내용 : 저소득 실업자 및 청년 미취업자에게 공공분야  일자리 제공
",서산시,경제산업국,상시,기타,,,연중상시,,,,,,,,N,18,39,제한없음,무관,,만 18세 이상 서산시 시민,,144,충청남도 서산시,제한없음,미취업자,제한없음,,,제한없음
20250103005400210039,시설제공,서산청년마당 운영,"회의실,지원기준,청년들이",관내 청년들이 상호작용할 수 있는 공간 마련,참여권리,"청년참여,정책인프라구축","▪ 지원대상 : 청년
▪ 지원기준 : -
▪ 지원내용 : 청년 자유공간(회의실, 커뮤니티홀, 동아리실) 제공
",서산시,기획예산담당관,상시,기타,,,"월~금 09:00 ~ 18:00 운영(대관은 20:00까지 가능)/ 토, 일, 공휴일 휴무",공유누리 사이트에서 이용대관 신청 가능,,https://www.eshare.go.kr/UserPortal/Upm/Main/index.do,,문의처: 041-660-2165,,,N,18,39,제한없음,무관,,청년,,40,전국,제한없음,제한없음,제한없음,,,제한없음
20250103005400210038,프로그램,서산시청년정책네트워크 운영,"시정,청년,참여하는",청년이 참여하는 청년조직 구성 및 운영,참여권리,청년참여,"▪ 지원대상 : 청년
▪ 지원기준 : -
▪ 지원내용 : 청년정책 발굴, 각종 행사 등에 청년 참여를 통해 청년 시정 참여율 제고 
",서산시,기획예산담당관,상시,기타,,,임기 2년,,,,,,,,N,18,39,제한없음,무관,,서산시청년정책네트워크 운영규정에 의거함.,,10,충청남도 서산시,제한없음,제한없음,제한없음,,,제한없음
20250102005400210027,현금지급,청년농업인 영농정착지원,"독립경영,지급,육성자금",독립경영 3년이하인 만18세 이상 40세 미만 청년농업인에게 영농정착지원금을 바우처 형태로 지급 ,일자리,창업,"   - 영농정착 지원금 지급: 영농경력에 따라 차등 지급
   - 독립경영 1년차 월 110만원, 2년차 월 100만원, 3년차 월 90만원 지급
   - 후계농업경영인 육성자금 지원: 세대당 최대 5억원 대출 지원",농림축산식품부,제주시,특정기간,특정기간,20250101,20251231,,"(온라인 신청) 농림사업정보시스템(uni.agrix.go.kr)에 접속하여 신청
","- 서면심사: 2025. 2월
- 면접심사: 2025. 3월
- 최종대상자 선발 및 통보: 2025. 3월말",https://uni.agrix.go.kr/webportal/main/portalIndex.do?web=in,"사업신청서, 사업계획서, 본인세대 건강보험납부확인서 및 건강보험자격확인서, 가족관계증명서(주민등록번호포함), 병역관련 증명서, 사업자등록사실증명원 및 폐업예정서약서, (재직시)퇴직예정서약서, 본인명의거래증명자료, 금융기관 신용조사서 등",,,,N,18,39,제한없음,기타,2024년 기준으로 건강보험료 중위소득 140%이내인 경우,,"- 고등학교·대학교 재학생과 휴학생
- 청년농업인영농정착지원사업에 선정되어 영농정착지원금을 받은 사실이 있는 자
",30,제주 제주시,제한없음,기타,제한없음,20241218,20250205,농업인
20241224005400210020,교육,청년농업인 육성 종합체계 구축,"청년농업인,농업인,대면",청년농업인 작목별 네트워크 형성 및 역량 강화 ,교육,미래역량강화,"관내 청년 농업인 및 청년농 유입가능 학생 등을 대상으로 청년농업인 소통 및 화합 행사 및 청년농업인 품목별 모임체 구성 및 활동 지원(대면, 집합 교육)",당진시,당진시,상시,기타,,,신청기간 및 사업기간 담당자 문의,,,,,,,,N,18,39,제한없음,무관,,,,36,충청남도 당진시,제한없음,제한없음,제한없음,,,제한없음
20241224005400210019,현금지급,청년창업농 디딤돌 사업,"청년농업인,청년창업농,보조금",청년농업인 영농 초기 자립을 위한 영농정착 지원,복지문화,취약계층 및 금융지원,관내 청년농업인(독립경영 5년 이하)을 대상으로 창농기반 구축을 위한 시설 및 장비 지원(보조금 지급),당진시,당진시,상시,기타,,,신청기간 및 사업기간 담당자 문의,담당자 문의,담당자 문의,,,,,,N,18,39,제한없음,무관,,,,132,충청남도 당진시,제한없음,제한없음,제한없음,,,제한없음
20241224005400210017,현금지급,청년농업인 후원결연 멘토링 지범 시범 사업,"현장실습,청년농업인,협력체계",청년농업인간 선도기술 협력체계 구축,교육,미래역량강화,"관내 청년농업인 대상, 영농기술 배양을 위한 현장실습 교육비를 지급하여 멘토-멘티 현장실습 교육 실시",당진시,당진시,상시,기타,,,담당자 문의,담당자 문의,담당자 문의,,,,,,N,18,39,제한없음,무관,,,,43,충청남도 당진시,제한없음,제한없음,제한없음,,,제한없음
20241224005400210014,프로그램,창의융합형 인재육성 사업,"인재,양성,창의융합형",4차 산업혁명에 대응하는 창의융합형 인재 양성 및 메이커스 문화 확산을 위한 당진 청년타운 스튜디오 및 메이커스페이스 운영,교육,미래역량강화,"ㅇ 미디어 인재 양성 프로그램
ㅇ 콘텐츠 인재 양성 프로그램
ㅇ 메이커 인재 양성 프로그램
ㅇ 장비활용 역량강화 프로그램
ㅇ 지역 수요 맞춤형 프로그램",당진시,당진시,상시,기타,,,상시,청년타운 나래 홈페이지 신청,담당자 문의,https://www.dangjin.go.kr/narae.do,담당자 문의,,,,Y,18,39,제한없음,무관,,,,80,충청남도 당진시,제한없음,제한없음,제한없음,,,제한없음
20241107005400200002,상담,2024년 전문직업상담사 취업지원프로그램,"전문직업상담사,구직자,수준에",2024년 전문직업상담사 취업지원프로그램,일자리,재직자,"ㅇ지원대상
- 청년 및 구직자 대상 취업 상담 및 취업 컨설팅 제공.

ㅇ 지원 받을 수 있는 사항
- 구직자 개인 수준에 맞는 취업상담, 면접 컨설팅 지원 등 1:1 맞춤형 취업 알선 서비스 제공

ㅇ 전문직업상담사 취업지원 프로그램이란 ?
- 전문직업상담사가 구직자 개인 수준에 맞는 취업상담, 면접 컨설팅 지원 등 
- 1:1 맞춤형 취업 알선 서비스 제공",제주특별자치도 고용센터,제주특별자치도 고용센터 취업지원총괄팀,마감,,,,,,,,,,https://jejuyouthdream.com/policy/175?category=CT_WORK&page=1&sort=registerEnd,,N,19,39,,,,,,86,제주특별자치도,제한없음,"미취업자, 프리랜서, 일용근로자",제한없음,,,제한없음
20241107005400200003,교육,대전형 코업 청년 뉴리더 양성사업,"운영기관,기업,최대","기술보유 기업, 중소기업 등 기업 현장에서의 취업교육, 일·경험 기회 제공을 통한 졸업예정자·휴학생 등의 조기취업 활성화, 혁신 네트워크 형성을 통한 고용, 매출 창출과 지역산업 활력 제고",일자리,재직자,"운영기관(대학교)
- 운영기관 관리비 : 학생당 월 30천원씩 배정
- 사전직무교육비 : 기관별 최대 2,000천원

○ 대학생
- 직무체험비(월 최대 2,060,740원 / 1일 4-8시간, 최대 주 40시간 / 최소 2개월 ~ 최대 6개월)
○ 기업
- 기업멘토수당 월 100천원",대전일자리경제진흥원,대전일자리경제진흥원 일자리지원센터,마감,,,,,대전일자리정보망(www.jobdaejeon.or.kr) 접수,,https://www.jobdaejeon.or.kr/main/index.do,,,https://www.djbea.or.kr/board?menuId=MENU00428&siteId=null,https://www.daejeonyouthportal.kr/content/CT_000000000035/cntPage.do?commonMenuNo=36_37&dpmSectionFst=1&dpmSectionScd=4,N,18,39,,,,,,14,대전광역시,제한없음,제한없음,"대학 재학, 대졸 예정, 대학 졸업",,,제한없음
20241104005400200012,교육,동두천시 청년들을 위한 <11월 청년 특강 프로그램> 참여자 모집,"동두천시,만들기,11월","동두천시에서 19세 ~ 39세 청년들을 위한
11월 청년 특강 프로그램
참여자를 모집합니다.
​
자세한 프로그램 내용은
어수정 청년공간 인스타그램에서
확인하실 수 있답니다",복지문화,예술인지원,"■ 수강료
무료

​■ 모집강좌
퍼스널컬러, 가죽공예 카드지갑만들기,
감정향수 만들기, 천연비누 만들기,
모루인형 키링만들기 등

■ 운영장소
동두천시 청소년수련관
3층 분임토의실",동두천시,동두천 어수정 청년공간,마감,,,,,"포스터 QR코드 접속 및
인스타 ddc_youth_center 신청",,https://www.instagram.com/ddc_youth_center/,,,,,N,19,39,,,,,,4,경기도 동두천시,제한없음,제한없음,제한없음,,,제한없음
20241031005400200001,기타,2024년 미취업 청년 자격증 응시료 지원사업',"자격증,응시료,미취업","미취업 청년들의 자격증 취득 비용을 지원하여 취업역량을 강화하고, 적극적인 구직활동을 지원하기 위하여 「삼척시 미취업청년 자격증 응시료 지원사업」대상자를 아래와 같이 모집하오니 많은 신청 바랍니다.",일자리,재직자,- 2024. 1. 1. 이후 실제 응시한 자격증 → 1인당 최대 10만원 한도,삼척시,삼척시 경제과 청년지원팀,마감,,,,-,"1. 신청 및 접수 : 방문 및 우편 신청·접수 (매월 20일까지)
2. 제출서류 검토 : 지원자격 확인
3. 대상자 선정 : 문자통보(매월 말일)
4. 지원금 지급 : 익월 10일까지 개별 계좌 입금",-,,"증빙서류는 신청일 기준 3개월 내 발급본만 인정(단, 응시 사실 확인 증빙은 제외) 
① (필수) 응시료 지원 신청서 ※ 서명란에 자필 서명 
② (필수) 개인정보 수집･이용에 관한 동의 ※ 서명란에 자필 서명 
③ (필수) 주민등록 초본(최근 5년 주소 변동이력 포함) ※ 삼척시 거주여부 확인 
④ (필수) 고용보험 피보험 자격이력내역서 ※ 미취업 여부 확인 
⑤ (필수) 응시 사실 확인 증빙(응시확인서 또는 성적표 중 택1) 
⑥ (필수) 응시료 결제 영수증(실제 결제금액 표기) ※ 매출 전표 제출 원칙 
⑦ (필수) 통장 사본(신청자 본인 명의) 
⑧ (선택) 근로계약서 1부 
※ 고용보험 가입 3개월 이하 또는 주 26시간 이하 단기근로자, 공공근로자일 경우 제출 
※ 근로계약서가 없을 경우 계약기간 및 근로시간, 공공근로를 증명할 수 있는 증명서 제출",-,,,N,18,39,,,,"[지원대상 시험목록]<어학>· 영어: 토익(TOEIC), 토익스피킹, 토플(TOEFL),오픽(OPIc), 아이엘츠(IELTS), 텝스(TEPS),지텔프(G-TELP)· 중국어(HSK), 일본어(JPT, JLPT), 프랑스어(DELF),독일어(괴테), 스페인어(DELE), 러시아어(TORFL)· 스널트(SNULT), 플렉스(FLEX) 등<한국사>· 한국사능력검정시험<자격증>· 국가기술자격증, 국가전문자격증 시험 ⇒ 한국산업인력공단 Q-net에서 확인· 국가공인민간자격 ⇒ 한국직업능력연구원 민간자격정보서비스에서 확인 ※ 2024년 실시한 시험에 한해 횟수 제한 없이 신청 가능 (통합 1회 신청가능, 매번 신청 시 일체의 신청서류 제출) ※ 경찰청 주관 자동차운전면허 제외 ※ 2024년도에 타 지자체 등으로부터 지원받지 않은 시험","- 지원내용에 명시되지 않은 시험에 대한 지원은 불가하며, 반드시 시험에 실제 응시한 이후에 신청하여야 함.- 본 사업 참여자는 정부 및 타 지자체 동일·유사 사업에 대한 중복지원이 불가하므로 현재 또는 향후 동일·유사 사업에 대한 참여 또는 참여 예정인 분은 각별한 주의 바람. ※ 2024년 정부 및 타 지자체 시행 사업 중 동일･유사 지원을 받은 경우 중복지원 불가함. ※ 국민취업지원제도 신청 시 불이익이 있을 수 있음을 유의 바람.",16,강원특별자치도 삼척시,제한없음,미취업자,제한없음,,,제한없음
20241021005400200016,교육,동구 청년대학 추진,"평생학습,강좌,동구",청년을 위한 평생학습 강좌 제공,"일자리, 교육","취업,미래역량강화","ㅇ (목적) 청년을 위한 직업·문화·인문 등 평생학습을 통해 새로운 삶의 시작에 평생학습 강좌 제공ㅇ (대상) 동구 청년 20세이상 ~ 40세미만ㅇ (주요내용) 취·창업 교육, 직장생활 역량강화 교육, 세대별 소통교육 등ㅇ (전달체계) 직접사업",부산광역시 동구 교육정보과,부산광역시 동구 평생학습관,마감,,,,-,-,-,https://www.bsdonggu.go.kr/reserve/index.donggu?menuCd=DOM_000000701001000000,공고 확인,(청년) 20~39세 (신중년) 40~64 세 대상,https://www.bsdonggu.go.kr/lll/index.donggu?menuCd=DOM_000000601001006000,,N,20,39,,,,-,"20~39세 청년은 청년 대상 및 통합 교양강좌 신청가능하나,신중년 대상 강좌(목공, 수납, 강사양성 등)는 지원 불가",6,부산 동구,제한없음,제한없음,제한없음,,,제한없음
20241018005400200012,채용,경북 상주시 청년 주거 임차비 지원사업(지역 정착 창업사업 참여자 대상),"창업사업,상주시,참여자",청년정착(창업) 사업 참여자 대상 주거비 지원 통한 생계 보장,주거,주택 및 거주지,"지원내용: 청년 주거 월세의 80%를 지원, 최대 30만원 한도 (1인 최대 10개월간 지원)
지원대상: 상주시 청년(만 19세 ~ 39세 이하)이고, 지역 정착 창업사업 참여자
※ 지역정착 창업사업: 서울시 지역연계형 청년 창업 지원사업, 청년창업 지역정착 지원사업, 청년예비창업가 육성사업, 지역주도형 청년 일자리 사업, 상주시 전통시장 빈점포 창업지원사업, 경북 상문동 로컬 업앤다운 지원사업",상주시청 미래정책실,상주시청 미래정책실,마감,,,,,"이메일, 우편, 방문 접수",,https://www.sangju.go.kr/opencenter/youthpolicy/view.tc?pageSeq=6042&mn=6044&pageIndex=&policyNo=42&selPolicyNo1=&selPolicyNo2=&schKeyword=,"지원신청서, 개인정보 수집이용동의서, 임대차 계약서, 주민등록초본 등",,https://www.sangju.go.kr/opencenter/youthpolicy/view.tc?pageSeq=6042&mn=6044&pageIndex=&policyNo=42&selPolicyNo1=&selPolicyNo2=&schKeyword=,,N,19,39,,,,,,23,경상북도 상주시,제한없음,"자영업자, (예비)창업자, 영농종사자",제한없음,,,지역인재
20241018005400100003,현금지급,청년월세 한시 특별지원,"지원합니다,등으로,주거급여",고금리·고물가 등으로 경제적 어려움을 겪는 청년층의 주거비 부담 경감을 위해 청년월세를 한시적으로 지원합니다.,주거,주택 및 거주지,"□ 월세로 거주하는 청년을 대상으로 실제 납부하는 임대료를 최대 240만원(월 최대 20만원)까지 최대 12개월(회) 동안 매월 분할하여 지원합니다.
○ 방학기간 등으로 수급기간이 연속적이지 않더라도 지급기간 내 12개월(회)분을 지원합니다.
○ 실제 월세 범위 내에서 지원하며, 임차보증금, 관리비 등은 제외 후 지원합니다.
○ 주거급여 수급자의 경우 주거급여액 중 월차임분(청년 주거급여 분리지급액 포함)을 차감한 금액만 지원합니다.",국토교통부,주거복지지원과,마감,,,,,"□ 주소지 관할 주민센터에 청년 본인이 방문하거나 복지로(bokjiro.go.kr)에서 온라인으로 신청이 가능합니다.
○ 방문 신청 시 청년 본인이 신청하는 것이 원칙이나, 불가피한 경우 대리인(①법정대리인 ②주민등록상 동일 세대원(동거인 제외) ③동일 세대원이 아닌 배우자 및 직계존·비속)도 신청이 가능하며, 해당 경우에도 월세는 청년 본인 계좌로 지급됩니다.
※ 대리인 신청시 위임장, 대리인 신분증(주민등록증, 운전면허증, 여권 등)을 지참 후 방문
※ 다만, 압류방지통장으로 입금은 불가하며, 본인 명의의 계좌 개설이 곤란한 경우 등은 기초생활보장제도 계좌관리 원칙에 따름

□ 복지로 온라인신청 경로는 다음과 같습니다.
○ 복지로 로그인 > 서비스 신청 > 복지서비스 신청 > 복지급여 신청 > 기타 > 청년월세 한시 특별지원",,https://www.bokjiro.go.kr/ssis-tbu/twataa/wlfareInfo/moveTWAT52011M.do?wlfareInfoId=WLF00004661,,,,,N,19,34,,,,,"아래에 해당하는 경우 지원 대상에서 제외합니다.
○ 주택 소유자(분양권, 입주권 포함)
○ 직계존속·형제·자매 등 2촌 이내 혈족(배우자의 2촌 이내 혈족 포함) 주택 임차
○ 공공주택특별법에 따른 공공임대주택(공무원임대주택 포함) 거주
○ 1실(방)에 다수가 거주하는 방식의 전대차인 경우(단, 1실에 다수가 거주하는 경우라도 임대인과 별도 임대차계약 체결 시 지원 가능)
○ 국토부 또는 지자체 에서 시행하는 청년월세 지원 수혜 중인 자(수혜종료 후 신청 가능) 등",386,전국,제한없음,제한없음,제한없음,,,제한없음
20241011005400200010,현금지급,대구시 저소득 청년 자격증 응시료 지원사업,"홈페이지,자격증,세부목록",자격증 취득에 금전적 부담을 느끼는 대구 취업 준비 청년들에 지원금 제공,복지문화,건강,"○ 지원내용: 20만원 지원(응시횟수 무관 1회 지원)
○ 지원종목
(1) 국가기술자격증 : 국가기술자격법 시행규칙 별표2
(2) 국가전문자격증, 국가공인민간자격 : 한국산업인력공단(Q-net) 홈페이지 자격증 세부목록 확인(홈페이지 첨부자료 참고)
(3) 한국사 : 한국사능력검정시험(심화, 기본)
(4) 어학시험 : 홈페이지 첨부자료 참고
(5) 한국생산성본부 개발 자격증 : 한국생산성본부(KPC) 홈페이지 자격소개 세부목록 확인",대구광역시청년센터 성장지원팀,대구광역시청년센터 성장지원팀,특정기간,,,,,링크 신청(https://forms.gle/2PaEGwtwLLh99yx7A),,https://forms.gle/2PaEGwtwLLh99yx7A,"(1) 주민등록등본
-신청자 본인 주민번호 뒷자리 포함, 세대구성정보 및 세대원구성원정보 포함
-한달 이내 발급된 법적 효력이 있는 등본에 한함

(2) 자격증 시험 응시 여부 확인 증빙서류 : 응시확인서, 성적표 등 '응시' 증빙이 가능한 서류
-응시료 지원사업 신청일 기준 90일 이내에 '응시'한 시험만 인정됩니다
*예시) 24년 9월 1일 해당 사업을 신청하는 경우, 6월 4일~9월 1일까지 응시한 시험만 해당됨(자격증 시험 신청일은 무관함)

(3) 신청자 본인 명의 통장사본

(4) 동의서 4종
-서명란 자필 서명 필수 (직접 서명 후 스캔 혹은 사진 촬영 / 태블릿 이용 등)
-만14세 미만 세대구성원의 경우 법정대리인(보호자)의 서명
-첨부된 파일 내려받아 작성",,http://www.dgyouth.kr/board/notice.asp?num=2194&pmode=VIEW&board=notice&page=2&sKey=&sWord=&pCate=0,,N,19,39,,,,,,369,대구광역시,제한없음,제한없음,제한없음,20240829,20250719,"기초생활수급자, 지역인재"
20241004005400200010,기타,청년 암 유소견자 2차 검진비 지원,"검진비,자궁경부암,2차",자궁경부암 의심판정 받은 유소견자에 대해 검진비 지원,복지문화,건강,자궁경부암 2차 정밀검사에 필요한 검사 및 진료비 최대 6만원 지원(본인부담 실비 지원),광주광산구 보건소,광주광산구 보건소,마감,,,,,구비서류 지참 후 광산구 보건소 건강증진과 내방 후 신청,,,"국가암검진결과서(암유소견판정)
통장 사본 및 신분증
진료비 영수증, 진료비 세부내역서",문의 : 062-960-8849,https://blog.naver.com/PostView.nhn?blogId=gwangsan242&logNo=223540762330,,N,20,35,,,,,,4,광주 광산구,제한없음,제한없음,제한없음,,,여성
20240905005400100001,기타,청년도약계좌 기여금 지원 확대(9월)(신청기간 9.3~9.13),"기여금,최대,확대","월 기여금 지원확대 월 최대 2.4만원 -> 월 최대 3.3만원
5년간 최대 지원 금액 확대 144만원 -> 198만원
만기 시 최대 60만원 증가 -> 연 9.54% 일반적금상품에 가입한 효과",복지문화,건강,"<청년도약계좌 기여금 지원 확대>
ㅇ 월 기여금 지원확대 월 최대 2.4만원 -> 월 최대 3.3만원
ㅇ 5년간 최대 지원 금액 확대 144만원 -> 198만원
ㅇ 만기 시 최대 60만원 증가 -> 연 9.54% 일반적금상품에 가입한 효과


□ 가입자의 소득구간 및 월 납입액에 따라 최대 6%까지 정부기여금을 지원
□ 본인납입금액과 정부기여금에 대한 이자와 이에 대한 비과세 혜택(만기·특별중도 해지시)
 ※ 전년도 소득 확정 전, 가입자의 경우 모두 비과세 인정(24년 1월 이전에 가입하였더라도 해당)
□ 저소득층 청년 대상 일정수준의 우대금리 제공 (명칭 : 소득+우대금리)
※ 육아휴직급여(육아휴직수당 포함) 및 군장병급여만 있는 경우, 정부기여금 매칭비율 6% 적용",서민금융진흥원,"서민금융진흥원, 취급은행",마감,,,,,"[매월]
가입신청 - 취급은행 앱
[신청 후 약 2주]
가입심사 – 서민금융진흥원
[익월 초]
계좌개설 - 취급은행 앱","□ 개인 및 가구소득 확인 세부 절차 (약 2주 소요)
① 나이 및 개인소득 확인 → ② 가구원 확정 및 정보제공 동의 → ③ 가구소득 확인 → ④ 확인결과 통보
  ※ 행정정보공동이용서비스를 통해 전면 비대면 확인 시행(행안부, 국세청, 병무청)
□ 개인소득은 가입일로부터 1년 주기로 유지심사를 통해 현행화하여 기여금 지급여부 및 규모 조정",,,"□ 취급은행을 통틀어 1명당 1개의 계좌만 가입 가능
 ※ 가입요건을 충족하는 가구(청년부부 등)일 경우 부부가 각각 가입 가능
□ 복지, 고용지원 및 지자체 상품은 동시가입이 가능하나, 사업목적이 유사한 청년희망적금은 만기(또는 해지) 후 가입이 가능
 ※ 청년희망적금 만기해지자는 청년도약계좌 일시납입 가능
□ 청년내일저축계좌, 청년내일채움공제 등과 동시가입이 가능
□가입일 현재 직전 과세기간의 금융소득종합과세가 확정되지 않아 전전 과세기간까지만 금융소득종합과세 대상 여부가 확인된 경우, 직전 과세기간의 금융소득종합과세 대상자로 확인되는 시점부터 납입중지
「공공재정 부정청구 금지 및 부정이익 환수 등에 관한 법률」에 따른 부정이익으로 확인되는 경우 환수 등의 제재 가능

□ 청년도약계좌 상품에 대한 보다 자세한 안내는 서민금융진흥원콜센터(1397)로 문의하거나 홈페이지 자주하는 질문 참고(사업관련참고사이트2)",https://blog.naver.com/we_are_youth/223569584719,https://ylaccount.kinfa.or.kr,N,19,34,,,,"□ 계좌개설일(가입일) 기준 만 19세 ~ 34세 이하*
  *병역이행기간(최대 6년)은 연령 계산시 빼고 계산",직전 3개년도 중 1회 이상 금융소득종합과세 대상자는 가입이 제한,227,전국,제한없음,제한없음,제한없음,,,제한없음
20240903005400200001,대출,결혼 비용 대출이자 지원사업,"1년이내,혼인신고,시행","초기 결혼자금에 대한 부담 완화를 통해 결혼 친화 환경을 조성하고, 청년 신혼부부에 대한 경제적 지원을 통해 출산ㆍ육아 등 안정적 지역정착 기반을 마련",복지문화,취약계층 및 금융지원,"가구당 연 최대 50만원 대출이자 지원(최대 2년간 100만원)

신용대출  
‣ 제1·2금융권 신용대출           
‣ 혼인신고 전 1년이내 시행
주택자금대출
‣ 전세·매입·임대·생활안정자금대출(전용면적 85㎡이하)
‣ 혼인신고 전 1년이내, 후 6개월 이내 시행
한도대출
‣ 마이너스통장 
‣ 혼인신고 전 1년이내 시행
",인구청년정책담당관,-,특정기간,특정기간,20250101,20251231,,"주소지 읍·면·동 행정복지센터 방문, 연중 수시 신청
  ※ 신청서식 및 세부사항 시군 홈페이지 공고 참조 ",-,,  ※ 신청서식 및 세부사항 시군 홈페이지 공고 참조 ,"□ 문의처 : (총괄)충북도청 인구정책담당관 (☎ 043-220-4772)
▸청주시여성가족과(043-201-1763), 충주시기획예산과(043-850-5267), 제천시미래정책과(043-641-5273)
▸보은군미래전략과(043-540-3708), 옥천군성장정책과(043-730-3784), 영동군미래전략과(043-740-3047)
▸증평군미래전략과(043-835-4623), 진천군인구정책과(043-539-4193), 괴산군미래전략과(043-830-3207)
▸음성군2030전략실(043-871-5413), 단양군미래전략과(043-420-3113)",,,N,19,39,기혼,기타,주민등록상 도내 거주하는 합산 기준중위소득 180%이하 (청년 신혼부부)    ,청년 신혼부부(19~39세)  ※ 혼인신고 후 1년이내 신청,,38,충청북도,제한없음,제한없음,제한없음,20250101,20251231,제한없음
20240828005400200002,상담,용산구 청년창업지원센터,"구축을,체계,가진",우수한 창업 아이디어를 가진 청년들의 창업공간 마련 및 체계적인 창업지원 체계 구축을 통한 청년 기업 육성,일자리,취업,"입주공간 제공, 멘토링, 네트워킹 등 프로그램 지원",용산구청 재정경제국 일자리경제과,02-2199-4515,마감,,,,,,,,,문의 : 02-2199-4515,https://www.yongsan.go.kr/job/main/contents.do?menuNo=1700057,,N,20,39,,,,,,7,서울 용산구,제한없음,제한없음,제한없음,,,제한없음
20240828005400200007,교육,청년 생활클리닉,"진로설계,재무관리,미취업청년을",미취업청년을 위한 진로설계 도움 프로그램 및 사회초년생을 위한 재무관리 교육 지원,,,미취업청년을 위한 진로설계 도움 프로그램 및 사회초년생을 위한 재무관리 교육 진행,종로구청 일자리경제과,주관기관과 동일,마감,,,,,구글폼 신청 (신청기간에 구글폼 오픈),접수 후 개별대상자에게 통보,,,문의 : 일자리경제과 (☎ 02-2148-2313),https://www.jongno.go.kr/Main.do?menuId=401033&menuNo=401033,,N,19,39,,,,,,9,서울 종로구,제한없음,제한없음,제한없음,,,제한없음
20240828005400200008,프로그램,청년 1인가구 다독다독 건강밥상(종로구),"1인가구,모여,종로구","1인가구 청년의 식습관 및 건강 관리를 위해 홀로 사는 청년들이 한자리에 모여 집밥을 만들고, 그룹 운동에 참여 지원",,,"요리교실, 건강교실, 소통프로젝트 운영",종로구청 일자리경제과,주관기관과 동일,마감,,,,,구글폼 신청 (신청기간에 구글폼 오픈),,,,문의 : 일자리경제과 02-2148-2315,https://www.jongno.go.kr/Main.do?menuId=401033&menuNo=401033,,N,19,39,,,,,,9,서울 종로구,제한없음,제한없음,제한없음,,,제한없음
20240828005400200001,상담,종로청년창업센터,"창업,허브,인프라","창업 초기의 청년 기업 지원 및 다양한 분야의 역량있는 입주기업 모집/선발, 청년 창업 인프라 조성 및 입주 시설 지원 및 관리, 창업 전문가 멘토링 및 창업 네트워킹 허브 구축",일자리,취업,창업 입주공간 지원,종로구청 문화관광국 문화과(복지경제국 일자리경제과),주관기관과 동일,마감,,,,,구비 서류 양식 작성 및 증빙서류 구비 신청,사업 수행 기관 심사 진행 (연말),,,,https://www.jongno.go.kr/Main.do?menuId=401034&menuNo=401034,,N,19,39,,,,,,5,서울 종로구,제한없음,제한없음,제한없음,,,제한없음
20240816005400200005,시설제공,과천 청년을 위한 운동용품 무료대여 서비스,"운동용품,네이버,무료대여",과천 청년을 위한 운동용품 무료대여 서비스,,,"*운동용품 대여
 - 축구공, 농구공 , 원반 1인당(1팀) 1개
 - 배드민턴, 야구 세트: 1인탕(팀) 최대 1세트
*대여방법: 네이버 '과천시 청년공간 비행지구' 검색===>네이버 예약
*비행지구 멤버십 포인트가 차감, 대여기간은 최대 2일까지 가능",과천시 청년공간 비행지구,과천시 청년공간 비행지구,마감,,,,,,,,,*문의: 비행지구  ☎ 02-3418-1245,https://blog.naver.com/gccity_blog/223531891306,https://youth.gg.go.kr/gg/info/archive-policy-search-map.do?mode=view&arcNo=5602&pager.offset=0&pagerLimit=8&srArea=gwacheon,N,19,39,,,,,,6,경기도 과천시,제한없음,제한없음,제한없음,,,제한없음
20240814005400200002,상담,서울청년센터 양천,"지역청년간소통,문화생활,지역밀착형","청년종합상담 및 자원연계, 지역청년간소통 및 문화생활 지원, 지역밀착형 청년공간 및 청년 맞춤형 프로그램 운영",,,"청년종합상담 및 자원연계, 지역청년간소통 및 문화생활 지원, 지역밀착형 청년공간 및 청년 맞춤형 프로그램 운영",양천구청 기획재정국 일자리경제과,양천구,마감,,,,2024.1~2024.12,,,,,,https://youth.seoul.go.kr/orang/cntr/intro.do?cntrId=CT00018&key=2309210001,,N,19,39,,,,,,8,서울 양천구,제한없음,제한없음,제한없음,,,제한없음
20240813005400100001,보증,청년행복주택(청년을 위한 공적임대주택 공급),"청년행복주택,청년공공임대주택,공공지원",청년들의 주거복지 실현을 위해 청년공공임대주택(청년행복주택) 사업 및 청년 공공지원 민간주택임대 사업 실시,주거,전월세 및 주거급여 지원,"- 청년들의 주거복지 실현을 위해 청년공공임대주택(청년행복주택, 청년전세임대주택) 사업과 청년 공공지원 민간주택임대(청년매입임대_다가구) 사업 실시
- 시세 대비 저렴한 임대료 및 보증금과 안정적인 거주 기간 등을 보장",국토교통부 민간임대정책과,LH공사,마감,,,,,- LH청약센터 -> 임대주택 -> '행복주택' 클릭,,https://apply.lh.or.kr/,"*입주자 모집공고 확인
주거 관련 지원대상 요건은 다양한 공급유형과 순위 등에 따라 서로 다른 요건들을 요구함
반드시, 공고 확인 방법에 따라 과거 공고문 참고 및 해당 공고문의 요건 재확인 필요",,https://www.myhome.go.kr/hws/portal/cont/selectYouthPolicyHappyView.do#guide=RH108,,N,19,39,,,,"행복주택 자가진단의 경우
마이홈>공공주택(통합)>행복주택 자가진단 가능
https://www.myhome.go.kr/hws/portal/dgn/moveSelfDiagnosisHappyView.do",*입주자 모집공고 확인,162,전국,제한없음,제한없음,제한없음,,,제한없음
20240812005400200011,교육,강남구 청년 네트워크 운영,"강남구,네트워크,의제",강남구 청년 네트워크 운영을 통한 청년정책 의제 발굴 및 정책 제안,참여권리,정책인프라구축,"회의 참석 수당, 역량 강화 교육 등",강남구청 일자리정책과,강남구청,마감,,,,상시,신청서 양식 다운받아 작성 후 이메일 접수,상세일정 홈페이지 참조,https://www.gangnam.go.kr/,신청서,,http://www.gangnam.go.kr/,https://www.gangnam.go.kr/office/youthgn/contents/youthgn_organ02/1/view.do?mid=youthgn_organ02,N,19,39,,,,"<활동 내용>
강남구 청년정책 모니터링
청년 문제/정책에 대한 현안 논의 및 의제 발굴
청년 관련 행사 참여
분과 프로젝트 기획 및 실행
그외 강남구 청년정책에 관련된 활동",,5,서울 강남구,제한없음,제한없음,제한없음,,,제한없음
20240812005400200012,프로그램,송파 청년정책 거버넌스 활성화 사업,"거버넌스,시행하는,송파",청년 스스로 정책을 개발하고 시행하는 기반을 마련하여 청년 민관 협력적 거버넌스 구축 및 정책 실행,참여권리,정책인프라구축,"청년네트워크 운영(분과별 사업 추진), 청년 정책제안 발표",송파구청 경제진흥과,송파구청,마감,,,,2024.1. ~ 2024.12.,"송파구 홈페이지 공고문 참조, 양식 다운
- 구비 서류 양식 작성 및 증빙서류 구비
- (송파구 일자리정책담당관)송파구 홈페이지 공고 참조하여, 방문 신청",공고 일정에 맞춰 심사 및 발표 일정 확정,,"신청서, 소개서, 사업계획 등",분과별 주요사업 진행,http://www.songpa.go.kr,,N,19,39,,,,,,4,서울 송파구,제한없음,제한없음,제한없음,,,제한없음
20240812005400200003,교육,ICT산업기반 전문인력 양성,"전문인력,양성,연계된",청년과 고용취약계층에게 지역산업과 연계된 생산적 일자리 발굴로 직무역량을 높이고 민간취업 연계 강화,일자리,창업,ICT산업기반 전문인력 양성 과정 교육,송파구청 경제진흥과,공모로 선정,마감,,,,,- 송파구 홈페이지 등,공고 일정에 맞춰 심사 및 발표 일정 확정,,"신청서, 자기소개서, 재학(휴학)증명서 등",,http://www.songpa.go.kr,,N,19,39,,,,,,4,서울 송파구,제한없음,제한없음,제한없음,,,중소기업
20240812005400200002,상담,문정비즈밸리 일자리허브센터 운영,"문정비즈밸리,일자리,일자리창출","취창업 교육, 취업특강, 일자리 매칭, 일자리 정보 제공 등",일자리,창업,"문정비즈밸리 특화 일자리창출 지원 종합플랫폼 조성, 구인구직발굴, 일자리매칭, 취업상담 및 알선 등",송파구청 경제진흥과,송파구청,마감,,,,상시,,,http://songpa.bizvalley.or.kr,신청서 등,"문의: 02-2054-8260, 8263~8269",http://songpa.bizvalley.or.kr/html/main/index.asp,http://www.songpa.go.kr,N,19,39,,,,,,6,서울 송파구,제한없음,제한없음,제한없음,,,제한없음
20240812005400200008,커뮤니티,송파 청년CEO포럼,"환경을,방안,송파",청년창업CEO들과 기업하기 좋은 환경을 조성하기 위한 구정협력 발전 방안 논의,"일자리, 교육","취업,미래역량강화","청년CEO간의 네트워킹, 교류의 장 형성, 현안사항을 공론화",송파구청 경제진흥과,송파구청,마감,,,,,사업공고('24.9월)  → 신청·접수('24.9~10월) → 행사운영('24.10월) → 성과보고('24.11월),,,,,https://www.songpa.go.kr,https://blog.naver.com/kangarooroo/223333788114,N,19,39,,,,,,9,서울 송파구,제한없음,(예비)창업자,제한없음,,,제한없음
20240809005400200004,시설제공,엔젤공방거리 조성,"사회적경제,확대에,사업지원",성내도서관 주변 변종업소로 어둡던 골목을 정비하고 사회적경제 방식의 일자리창출로 강동구 사회적경제 생태계 확대에 기여,일자리,창업,"보증금, 임차료(입점 첫해에 한해 50퍼센트 지원), 기본 인테리어 시설
홍보 및 사업지원 : 수요자 중심의 사업지원체계 및 성장단계별 맞춤형 지원",강동구청 기획경제국 일자리정책과,-,마감,,,,,"모집방법: 강동구청 홈페이지 고시/공고 게재
신청접수 및 절차: 기타 자세한 사항은 강동구청 사회적경제과(02-3425-5822)로 문의","- 서류심사
- 면접심사
- 입주",,사업계획서 및 구비서류,,https://www.gangdong.go.kr/web/newportal/contents/gdp_005_008_010_001,https://www.gangdong.go.kr,N,19,39,,,,,,5,서울 강동구,제한없음,제한없음,제한없음,,,제한없음
20240809005400200003,시설제공,구천면로 청년다락공방 운영,"사업지원,사업지원체계,성장단계별",구천면로 거리활력을 위해 청년공방 조성,일자리,창업,"보증금, 임차료(입점 첫해에 한해 50퍼센트 지원), 기본 인테리어 시설
홍보 및 사업지원 : 수요자 중심의 사업지원체계 및 성장단계별 맞춤형 지원",강동구청 기획경제국 일자리정책과,-,마감,,,,,"모집방법: 강동구청 홈페이지 고시/공고 게재
신청접수 및 절차: 기타 자세한 사항은 강동구청 사회적경제과(02-3425-5822)로 문의","- 서류심사
- 면접심사
- 입주",,사업계획서 및 구비서류,,https://www.gangdong.go.kr,,N,19,39,,,,,,5,서울 강동구,제한없음,제한없음,제한없음,,,제한없음
20240809005400200002,상담,청년해냄센터 운영,"창업,동남권,청년해냄센터","강동구 및 서울시 동남권 지역 청년창업 성장 디딤돌 역할 수행, 창업관심자, 예비창업자, 기창업자에게 창업공간 및 창업교육, 성장지원 서비스 제공",일자리,창업,"창업 멘토링, 창업 교육, 창업 네트워킹, 창업 지원사업, 입주기업 지원, 공간 제공",강동구청 기획경제국 일자리정책과,주관기관과 동일,마감,,,,,방문 및 센터 홈페이지 온라인 신청,,http://www.gdhaenaem.com/,,"02-488-6880, 6881",http://www.gdhaenaem.com/,https://blog.naver.com/gdhaenaem,N,19,39,,,,,,12,서울 강동구,제한없음,제한없음,제한없음,,,제한없음
20240808005400200011,커뮤니티,청년 동아리 활동 지원,"공모사업을,동아리,청년",청년 당사자의 시각으로 지역 이슈와 청년 문제에 대한 해결방법을 제안하고 청년의 참신한 아이디어를 프로젝트로 추진 및 실행하는 사업으로 청년 공모사업을 통하여 청년에게 구정 참여의 기회와 도전하는 청년 환경 조성 지원사업,참여권리,정책인프라구축,"- 심사 선정하여 동아리 운영비 지원
- 동종 업계 청년들이 모여 네트워크를 구성하며 동질성을 구축하고 의견 공유를 통한 네트워크 활성화 지원, 관악구 내 지역문제 해결 커뮤니티 형성을 위한 공모사업을 운영하여 청년들이 자신의 지역문제를 파악하고 해결방안을 모색 및 유도를 통해 사회참여활동 장려 및 사업별 보조금 차등 지원 (홍보비, 재료비 등)",관악구청 청년정책과,-,마감,,,,2024. 2. ~ 11.,,,,,,https://www.gwanak.go.kr/site/gwanak/05/10505040600002020030610.jsp,https://www.gwanak.go.kr/,N,19,39,,,,,,15,서울 관악구,제한없음,제한없음,제한없음,,,제한없음
20240806005400200014,상담,청년참여 활성화 지원사업,"청년이,전반에,바탕으로","청년자율예산제를 통해 제안된 사업을 바탕으로, 청년이 직접 정책사업 전반에 참여하는 사업",참여권리,청년참여,"1. 강서구 청년참여기구 운영(청년정책 공론장 운영)
2. 강창맨(강서청년 창업지원 멘토링),
3. 청년이 맘편히 일하는 강서(직업관련 강연 등)
4. 푸르름 마음 치유 학교(음악,미술 치료 등)",강서구청 일자리정책과,-,마감,,,,,"1. 강서구청 홈페이지 접속
2. 프로그램 내용 확인
3. 신청서류 제출(예정)
4. 개별 사업기간 중 참여신청",,,,참여청년 미달 시 재공고,http://www.gangseo.seoul.kr,,N,19,39,,,,,,11,서울 강서구,제한없음,"재직자, 미취업자",제한없음,,,제한없음
20240806005400200002,상담,서울 캠퍼스타운 사업,"창업,물적,메이커스페이스","대학의 인적,물적 자산을 활용하여 청년창업 및 지역의 활성화를 도모하는 사업",일자리,창업,"1. 메이커스페이스 조성(3D프린터 등)
2. 창업보육공간 운영
3. 단계별 창업 멘토링
4. 분야별 창업 교육 실시
5. 판로 및 매출 활성화 지원",강서구청 일자리정책과,강서대학교,마감,,,,2024.03.01.~2024.12.31,"1. 분야별 신청기간 확인
2. 개별 참여기간 확인 후 캠퍼스타운사업단으로 참여신청","1. 1차 창업경진대회 개최
2. 2차 보육공간 입주
3. 발표일: 미정",https://campustown.seoul.go.kr/,,,https://campustown.seoul.go.kr/site/main/archive/space/move_space/110,,N,19,39,,,,,,9,서울 강서구,제한없음,제한없음,제한없음,,,제한없음
20240806005400200006,기타,금천구 청년주택 입주자 모집,"자립기반이,주거,취약한",주거 및 자립기반이 취약한 청년층의 성장지원을 위한 주택 공급,주거,전월세 및 주거급여 지원,주거 및 자립기반이 취약한 청년층의 주거 공급,금천구청 일자리청년과,금천구,마감,기타,,,반기별 모집(공실 대상),모집공고를 통한 신청자 접수,,,주택별 상이(공고문 참고),"접수기간 내 등기우편 접수(방문, 이메일 접수 불가)",https://www.geumcheon.go.kr/portal/contents.do?key=4342,,N,19,39,미혼,기타,전년도 도시근로자 가구당 월평균 소득 70% 이하,"- 서울특별시에 주민등록 등재된 무주택세대구성원
- 만 19세 이상 39세 이하
- 혼인 중이 아닌 자
- 소득이 있는 업무종사자 또는 예비창업가
- 전년도 도시근로자 가구당 월평균 소득 70% 이하에 해당하는 자",,21,서울 금천구,제한없음,제한없음,제한없음,,,제한없음
20240806005400200007,시설제공,청년활동공간 청춘삘딩 운영,"청년활동공간,운영,청년활동지원","청년의 참여확대를 위한 청년활동지원, 청년의 능력개발 및 자립기반 형성 등 사회참여 활동공간인 청년 허브로 운영",,,"청년활동공간 대관 및 청년커뮤니티 지원, 소셜다이닝, 청년진로활동지원, 일자리카페 운영, 코인세탁방 운영",금천구청 일자리청년과,(사)꿈지락네트워크,마감,,,,,"청춘삘딩(070-7777-3745) 전화를 통한 대관신청, 온라인신청을 통한 프로그램 참여",,http://www.youthblg.org/39,,문의 : 070-7777-3745,https://blog.naver.com/youthblg,http://www.youthblg.org/,N,19,39,,,,"이용시간 : 평일/토요일 10:00~22:00 (일요일, 공휴일 휴관)",,10,서울 금천구,제한없음,제한없음,제한없음,,,제한없음
20240805005400200033,프로그램,청년축제(강북구),"맞이하여,청년의,프로그램",청년의 날을 맞이하여 다채로운 청년 참여형 축제를 개최함으로써 청년 관심사 소통 및 청년의 참여 확대,참여권리,청년참여,"- 청년의 날(청년주간)을 맞이하여 청년이 소통하고 즐길 수 있는 프로그램 운영
- 청년사업 홍보부스, 포토존, 플리마켓 운영
- 지역 내 청년단체, 대학교 참여 프로그램 운영
- 청년 힐링 프로그램, 지역 청년예술인 기반 문화공연 등",강북구청 일자리청년과,주관기관,마감,,,,,,,,,강북구청 일자리청년과 02-901-2642,https://www.gangbuk.go.kr/portal/bbs/B0000266/list.do?menuNo=200694&nttId=149823,,N,19,39,,,,,,11,서울 강북구,제한없음,제한없음,제한없음,,,제한없음
20240731005400200068,교육,울산 청년성장지원사업,"교육,활성화,주요사업","청년의 진로탐색, 삶의 안정을 위한 체계적인 교육 제공으로 청년정책에 대한 청년의 관심도 제고 및 청년커뮤니티 활성화",참여권리,청년참여,"○ 주요사업 : 청년들의 성장 지원을 위한 교육, 교류회 등 진행

○ 사업내용 
- 강의교육사업 : 취창업·진로·금융·마음건강 등 멘토 초청 강연
- 성과공유회 : 연간 성과공유 및 교류로 청년 네트워크 활성화 
- 정책배움터 : 청년정책의 이해, 우수사례, 정책제안 방법 등 교육",울산광역시 대학청년과(052-229-7986),주관기관과 동일,마감,,,,○ 사업기간 : 2024. 1. ~ 12.,-,-,,-,-,https://www.ulsan.go.kr/s/ulsanyouth/bbs/view.do?bbsId=BBS_0000000000000316&mId=008001001000000000&dataId=41114,,N,19,39,,,,-,-,11,울산광역시,제한없음,제한없음,제한없음,,,제한없음
20240731005400200071,현금지급,울산 콘텐츠 발굴단 운영,"콘텐츠,청년정책,홍보를","청년의 시선으로 청년정책, 청년공간·단체· 모임 등을 알리는 홍보 콘텐츠를 제작·배포하여 사업 참여의 진입 장벽 완화",참여권리,청년참여,"○ 주요내용
- 개인 SNS에 청년정책·지원사업 홍보를 위한 콘텐츠 생산·게시 
- 평가에 의한 활동료 지급",울산광역시 대학청년지원단 청년정책팀(052-229-7984),주관기관과 동일,마감,,,,-,-,-,,-,-,https://www.ulsan.go.kr/s/ulsanyouth/bbs/view.do?bbsId=BBS_0000000000000316&mId=008001001000000000&dataId=41111,,N,19,39,,,,-,-,9,울산광역시,제한없음,제한없음,제한없음,,,제한없음
20240731005400200070,현금지급,울산 청년정책 홍보단,"울산청년정책플랫폼,청년정책,page",울산청년정책플랫폼(U-PAGE)의 활용도 향상을 위해 정책 당사자인 청년들이 직접 참여해 정책을 홍보하여 관심을 가질 수 있도록 홍보채널 다양화,참여권리,청년참여,"○ 주요내용 : 울산청년정책플랫폼 및 청년정책 홍보 지원
- 울산청년정책플랫폼 게시글 및 자료·소식 개인 SNS 공유(월 3건 이상)

○ 활동혜택 : 우수 서포터즈 활동비 지원(1인 월 5만원)
* 지급조건 : 댓글수(5개이상), 좋아요수(30개이상), 조회수(100회이상) 중 1개 조건 충족 시 지급",울산광역시 대학청년지원단 청년정책팀(052-229-7984),주관기관과 동일,마감,,,,"○ 운영기간 : 2024. 4. ~ 11.(8개월)
※ 2023년 신규사업",-,-,,-,-,https://www.ulsan.go.kr/s/ulsanyouth/bbs/view.do?bbsId=BBS_0000000000000316&mId=008001001000000000&dataId=41110,,N,19,39,,,,-,-,14,울산광역시,제한없음,제한없음,제한없음,,,제한없음
20240731005400200069,시설제공,울산청년정책플랫폼 활성화,"page,울산청년정책플랫폼,누리집","부서별로 흩어진 청년정책 및 활동지원 사업, 커뮤니티 등을 모아낸 통합 정보 플랫폼 구축으로 원스톱 청년정보 제공 및 청년교류 활성화",참여권리,청년참여,"○ 명칭 : 울산청년정책플랫폼 유페이지(U-PAGE)
※ 도메인 주소 : www.ulsan.go.kr/ulsanyouth

○ 주요메뉴 : 청년정책, 공모·지원사업, 울산청년지도, 고민점빵 등 일자리, 주거, 복지, 등 청년과 관련된 정보 수록

○ 개편 주요내용
- 청년정책 새소식(관심정책) 알림 문자 서비스 기능 개발
- 청년지원 사업 홈페이지 내 신청·접수 기능 구축 
- 청년지도 도식화 등 청년공간 관련 누리집 재정비 및 메뉴 추가 등 
※ 청년의견 수렴하여 누리집 명칭(U-PAGE) 변경 병행 추진",울산광역시 대학청년지원단 청년정책팀(052-229-7983),주관기관과 동일,마감,,,,"○ 사업기간 : 2024. 1. ~ 12.
※ 운영개시 : 2021. 12. 20.",-,-,https://www.ulsan.go.kr/s/ulsanyouth,-,-,https://www.ulsan.go.kr/s/ulsanyouth/bbs/view.do?bbsId=BBS_0000000000000316&mId=008001001000000000&dataId=41109,,N,19,39,,,,-,-,6,울산광역시,제한없음,제한없음,제한없음,,,제한없음
20240731005400200067,상담,울산 청년정책 제안 경연대회,"분과별,정책,컨설팅을",청년정책 수요 당사자인 청년들이 직접 청년정책을 발굴하여 청년의 정책 효능감 향상및 청년문제 해결을 위한 정책 참여 기회 제공,참여권리,청년참여,"○ 주요내용 : 정책 컨설팅을 통한 내실 있는 청년제안 발굴
-분과별 토론, 정책의제 도출 및 구체화, 집중 멘토링 
-컨설팅을 통한 분과별 정책제안서 검토·작성

○ 추진방법 : 제안서 접수 → 1차 심사 → 전문가 컨설팅 → 최종 심사 
※ 팀구성 : 10개팀 30명 정도(팀당 3명 정도)",울산광역시 대학청년지원단 청년정책팀(052-229-7982),주관기관과 동일,마감,,,,○ 시 기 : 2024. 7. ~ 11.,-,-,,-,-,https://www.ulsan.go.kr/s/ulsanyouth/bbs/view.do?bbsId=BBS_0000000000000316&mId=008001001000000000&dataId=41096,,N,19,39,,,,-,-,8,울산광역시,제한없음,제한없음,제한없음,,,제한없음
20240731005400200066,상담,울산광역시 청년지원센터 설치 및 운영,"소통,운영,역량개발","청년의 자발적인 참여와 소통, 정보공유 및 네트워크 형성을 위한 청년거점공간 추가 조성 후 (가칭) 청년지원센터 확장 운영",참여권리,청년참여,"○ 위치 : 종하이노베이션 3층 코딩교육장(신정동 689-1번지)
○ 사업면적 : 320.474㎡(96.94평)
○ 시설현황 : 다목적실, 소회의실, 휴게실, 물품보관소 등 
○ 사업내용 : 소통, 휴게, 회의, 상담, 공유업무 등 역량개발 공간조성·운영",울산광역시 대학청년지원단 청년정책팀(052-229-7983),주관기관과 동일,마감,,,,○ 사업기간 : 2024. 1. ~ 12.,-,-,,-,-,https://www.ulsan.go.kr/s/ulsanyouth/bbs/view.do?bbsId=BBS_0000000000000316&mId=008001001000000000&dataId=41095,,N,19,39,,,,-,-,7,울산광역시,제한없음,제한없음,제한없음,,,제한없음
20240731005400200057,기타,울산 지역사회 공감확산 사업,"제작,tv,송출",다양한 분야에 도전하고 어려움을 극복해가는 청년의 모습을 캠페인으로 제작·송출하여 청년을 응원하는 희망 메세지 전달,복지문화,취약계층 및 금융지원,"○ 사업명 : 청년미래 응원시리즈 캠페인
○ 규 격 : 2편 제작(60초 분량) / TV, 라디오, 옥외전광판, 유튜브 송출
※ 1편당 2개월 TV 송출 다각화 추진
○ 주요내용 : 청년공감 및 희망 메시지 전달 캠페인 제작
- 다양한 분야에 도전하는 청년들에 대한 이해와 공감 유도 등
○ 수행기관 : ubc 울산방송",울산광역시 대학청년지원단 청년정책팀(052-229-7984),ubc 울산방송,마감,,,,○ 사업기간 : 2024. 5. ~ 12.,-,-,,-,-,https://www.ulsan.go.kr/s/ulsanyouth/bbs/view.do?bbsId=BBS_0000000000000316&mId=008001001000000000&dataId=41094,,N,19,39,,,,-,-,8,울산광역시,제한없음,제한없음,제한없음,,,제한없음
20240731005400200051,커뮤니티,울산청년주간 운영,"울산청년주간,9월,미정","청년의 날을(매년 9월 셋째 주 토) 기념하여 청년정책·네트워킹 확산, 시민공감대 형성을 위한 행사 개최",복지문화,취약계층 및 금융지원,"○ 행사명 : 2024 울산청년주간
○ 기간 / 장소 : '24. 9월 중 2일간 / 미정
○ 참여인원 : 3,000여 명(울산 청년 누구나)
○ 주요행사 : 개막식, 정책세미나, 체험·홍보부스, 문화프로그램 등 
○ 주최/주관 : 울산광역시",울산광역시 대학청년지원단 청년정책팀(052-229-7983),주관기관과 동일,마감,,,,-,-,-,,-,-,https://www.ulsan.go.kr/s/ulsanyouth/bbs/view.do?bbsId=BBS_0000000000000316&mId=008001001000000000&dataId=41093,,N,19,39,,,,-,-,8,울산광역시,제한없음,제한없음,제한없음,,,제한없음
20240731005400200065,현금지급,울산청년네트워크 운영,"청년문제,제안,청년정책","청년 참여기구로써 정치·경제·사회·문화 등 전 분야 걸친 청년문제 발굴·조사, 청년정책 연구·제안, 정책협의, 청년네트워크 간 교류 활동 지원",참여권리,청년참여,"○ 명    칭 : 제4기 울산청년정책네트워크
○ 임    기 : 2024. 1. 1. ~ 2025. 12. 31.(2년, 2회 연임 가능)
※ 기간 중 2개월 동안 회의 미참여 등 활동이 없을 경우 해촉될 수 있음
○ 구성인원 : 50명
○ 주요역할 : 청년문제 발굴, 청년정책 제안 및 정책 협의 등
○ 지원내용 : 회의수당 지급(회당 50,000원), 시정 관련 위원회 위원 추천
○ 운영방법 : ‘울청넷’ 내부에서 운영팀 및 자율팀으로 구성 운영",울산광역시 인구청년담당관 청년센터팀(☎052-229-3053),주관기관과 동일,마감,,,,-,○ 신청방법 : 담당자 이메일(ah2020@korea.kr) 접수,공고문 참고,,"○ 신청서류 : 신청서, 주민등록등본(주민등록번호 뒷자리 미포함)",공고문 참고,https://www.ulsan.go.kr/s/ulsanyouth/bbs/view.do?bbsId=BBS_0000000000000316&mId=008001001000000000&dataId=41092,https://www.ulsan.go.kr/u/rep/transfer/notice/38386.ulsan?mId=001004002000000000&gosiGbn=A,N,19,39,,,,공고문 참고,공고문 참고,13,울산광역시,제한없음,제한없음,제한없음,,,제한없음
20240731005400200064,보증,울산시 위원회 청년위원 참여 비율 향상,"청년위원,위원회,참여",청년의 시정참여 기회 보장 및 정책 결정과정에 청년의 의사를 반영하여 청년 맞춤형 정책개발에 기여,참여권리,청년참여,"○ 사업대상 : 시 소관 위원회 203개
○ 주요내용 : 시위원회 청년위원 위촉률 확대
- 임기만료 위원회 및 신규 구성 위원회 대상 청년위원 참여 독려 
- 각종 정책토론회, 포럼, 공청회 등 청년위원 참여 지원
- 각종 청년정책 추진 시 당사자 의견수렴을 위한 청년참여 지원",울산광역시 대학청년지원단 청년정책팀(052-229-7982),주관기관과 동일,마감,,,,○ 기 간 : 2024. 1. ~ 12.,-,-,,-,-,https://www.ulsan.go.kr/s/ulsanyouth/bbs/view.do?bbsId=BBS_0000000000000316&mId=008001001000000000&dataId=41090,,N,19,39,,,,-,-,13,울산광역시,제한없음,제한없음,제한없음,,,제한없음
20240731005400200063,프로그램,울산광역시 청년정책조정위원회 운영,"청년정책,6명,당연직","당사자의 청년정책 참여 거버넌스로 청년층의 정책적, 사회적 소외감 해소 및 사회활동 참여 유도",참여권리,청년참여,"○ 인 원 : 20명(당연직 6명, 위촉직 14명)
※ 청년비율 13명(65%)
○ 구 성 : 위원장 1명(시장), 부위원장 2명, 위원 16명
- (당연직) 청년정책 소관 국장급 이상 공무원 6명
- (위촉직) 전문위원 3명, 청년위원 11명
○ 임 기 : 2년(1회 연임 가능)
○ 주요역할 : 청년정책 시행계획 심의 및 청년정책 사업 조정·협력",울산광역시 대학청년지원단 청년정책팀(052-229-7982),-,마감,,,,-,-,-,,-,-,https://www.ulsan.go.kr/s/ulsanyouth/bbs/view.do?bbsId=BBS_0000000000000316&mId=008001001000000000&dataId=41089,,N,19,39,,,,-,-,11,울산광역시,제한없음,제한없음,제한없음,,,제한없음
20240731005400200054,현금지급,울산 거리공연 지원사업,"거리공연,소정의,출연료",청년예술가들이 적극적으로 참여하여 전문예술인으로 성장할 수 있는 발판을 마련하고 시민의 문화접근성을 높이는 거리공연 기획 및 지원,복지문화,취약계층 및 금융지원,"○ 사업목표 : 거리공연 30팀 선발 및 관내 거리공연 추진(팀당 2회)
○ 지원내용 : 공연 기회 제공 및 소정의 출연료 지급, 음향 지원 등 
○ 주관기관 : 상반기 공모",울산광역시 문화예술과 문화산업팀(052-229-3754),주관기관과 동일,마감,,,,○ 기 간 : 2024. 4. ~ 11.,-,-,,-,-,https://www.ulsan.go.kr/s/ulsanyouth/bbs/view.do?bbsId=BBS_0000000000000316&mId=008001001000000000&dataId=41085,,N,19,39,,,,-,-,8,울산광역시,제한없음,제한없음,제한없음,,,제한없음
20240731005400200049,프로그램,울산 청년크루 페스티벌,"개막식,의해,페스티벌",청년층에 의해 기획·운영되는 문화 향유 행사로 청년들이 즐길수 있는 꿀잼도시 울산 조성에 기여,복지문화,취약계층 및 금융지원,"○ 기간 : '24. 9. 중
※ 매년 9월 세 번째 토요일 : 청년의 날(법정기념일)
○ 장소 : 태화강체육공원 등
○ 참여인원 : 3,000여명(청년크루 50개 팀, 울산시민 등)
○ 주요내용 : 개막식, 축하공연, 버스킹·플리마켓 테마존 운영 등",울산광역시 문화예술과 문예총괄팀(052-229-3723),주관기관과 동일,마감,,,,-,-,-,,-,-,https://www.ulsan.go.kr/s/ulsanyouth/bbs/view.do?bbsId=BBS_0000000000000316&mId=008001001000000000&dataId=41086,,N,19,39,,,,-,-,6,울산광역시,제한없음,제한없음,제한없음,,,제한없음
20240731005400200053,프로그램,울산 비보이 페스티벌,"발전에,형식으로,행사일",젊은이들이 향유하는 힙합문화의 한 장르인 비보잉 배틀 형식으로 진행되는 축제로 청년문화의 발전에 기여,복지문화,취약계층 및 금융지원,"○ 행사일 : 2024. 9
○ 참여대상 : 전국 내 비보이 및 댄서 등
○ 행사내용 : 비보이배틀경연대회, 축하공연, 그래피티 포토존 등
○ 주최/주관 : ㈜경상일보",울산광역시 문화예술과 문화산업팀(052-259-3752),(주)경상일보,마감,,,,-,-,-,,-,-,https://www.ulsan.go.kr/s/ulsanyouth/bbs/view.do?bbsId=BBS_0000000000000316&mId=008001001000000000&dataId=41084,,N,19,39,,,,-,-,6,울산광역시,제한없음,제한없음,제한없음,,,제한없음
20240731005400200046,현금지급,울산 보호종료아동 자립수당,"보호종료,아동에게,60개월",보호종료 아동에게 자립수당을 지급하여 보호종료 후 경제적 부담 완화 및 성공적 자립에 기여,복지문화,취약계층 및 금융지원,"○ 지원내용 : 매월 50만원 지급
○ 지원기간 : 보호종료 5년 이내, 최대 5년간(60개월)",울산광역시 복지정책과 아동복지팀(052-229-3444),주관기관과 동일,마감,,,,○ 사업기간 : 2024. 1. ~ 12.,-,-,,-,-,https://www.ulsan.go.kr/s/ulsanyouth/bbs/view.do?bbsId=BBS_0000000000000316&mId=008001001000000000&dataId=41058,,N,19,34,,,,-,-,7,울산광역시,제한없음,제한없음,제한없음,,,제한없음
20240731005400200044,상담,울산 청년마음건강센터 운영,"정신건강,정신질환,청년마음건강센터",정신건강 상담 또는 사례관리를 통한 청년 정신질환 조기 발견·개입으로 청년 정신건강 개선 및 적절한 치료·관리를 통한 회복지원,복지문화,취약계층 및 금융지원,"○ 지원방법 : 청년마음건강센터 홍보 → 등록 및 정신건강 서비스 제공 → 정신질환 치료비 지원 신청 → 검토 및 지원
○ 지원내용 : 정신건강 상담 및 서비스 제공, 정신건강교육, 인지행동 프로그램, 인식개선 문화체험 프로그램, 치료비 지원 등
○ 주관기관 : 울산청년마음건강센터",울산광역시 시민건강과 정신건강팀(052-229-3542),울산청년마음건강센터(052-223-1534),마감,,,,○ 사업기간 : 2024. 1. ~ 12.,-,-,,-,-,https://www.ulsan.go.kr/s/ulsanyouth/bbs/view.do?bbsId=BBS_0000000000000316&mId=008001001000000000&dataId=41054,https://www.usmindlink.or.kr,N,19,34,,,,-,-,12,울산광역시,제한없음,제한없음,제한없음,,,제한없음
20240731005400200043,채용,울산 청년사회서비스사업단 운영,"지역사회서비스,보건복지부,주체가",청년이 주체가 되어 지역사회서비스를 개발·제공함으로써 청년의 사회활동 참여기회를 보장하고 지역주민 삶의 질 향상,복지문화,취약계층 및 금융지원,"○ 사업내용 : 청년 일자리 및 지역사회서비스 제공
○ 사업방식 : 사업단이 지역사회서비스(바우처) 사업에 참여
○ 주관기관 : 보건복지부",보건복지부 / 울산광역시 복지정책과 복지기획담당(052-229-3426),울산청년사회서비스사업단(052-243-4800),마감,,,,○ 사업기간 : 2024. 1. ~ 12.(12개월),-,-,,-,-,https://www.ussag.or.kr/service_08.html,https://www.ulsan.go.kr/s/ulsanyouth/bbs/view.do?bbsId=BBS_0000000000000316&mId=008001001000000000&dataId=41053,N,19,39,,,,-,-,8,울산광역시,제한없음,제한없음,제한없음,,,제한없음
20240731005400200041,커뮤니티,울산 니트청년 지원사업,"관계형성,자조모임,기획",정책 사각지대에 놓일 청년들에게 사회적응에 필요한 다양한 프로그램을 운영·제공하여 사회진입 지원,복지문화,취약계층 및 금융지원,"○ 사업내용 : 5개 사업
- (니트청년 발굴) 다양한 채널 활용, 발굴 확대
- (프로그램 기획) 은둔 원인별·유형별 밀착지원 서비스 기획
- (자조모임) 참여자 자조모임 형성, 사회적 관계형성 지원 등
- (관계기술) 자기탐색·관계형성·프로그램, 소그룹 커뮤니티
- (진로탐색) 자기개발·진로재탐색 프로그램 운영

○ 추진방법 : 울산중구종합사회복지관 위탁 운영",울산광역시 대학청년지원단 청년정책팀(052-229-7982),울산중구종합사회복지관(052-296-3161),마감,,,,○ 사업기간 : 2024. 1. ~ 12.,-,-,,-,-,https://www.ulsan.go.kr/s/ulsanyouth/bbs/view.do?bbsId=BBS_0000000000000316&mId=008001001000000000&dataId=41052,http://www.jsbwelfare.or.kr/,N,19,39,,,,-,-,15,울산광역시,제한없음,제한없음,제한없음,,,제한없음
20240731005400200035,교육,울산 국제개발협력 글로벌 청년인재 육성(U - FLY),"울산국제개발협력센터,국제기구,왕복항공료","울산시 청년 대상으로 국제기구 인턴십 운영, 국제개발협력 및 공적개발 원조(ODA) 사업의 실무 경험 기회 제공","일자리, 교육","취업,미래역량강화","○ 근무기관 : 국제기구(5명), 울산국제개발협력센터(1명)
○ 지원내용 : 급여, 주거비, 왕복항공료, 교육비 등
○ 시행기관 : 울산국제개발협력센터(울산대학교 내 KOICA 산하기관)",울산광역시 투자유치단 통상교류팀(052-229-7873),울산국제개발협력센터(052-220-5984),마감,,,,○ 사업기간 : 2024년 상·하반기,-,-,,-,-,https://www.ulsan.go.kr/s/ulsanyouth/bbs/view.do?bbsId=BBS_0000000000000316&mId=008001001000000000&dataId=41036,https://blog.naver.com/ulsan_nuri/223373773111?trackingCode=blog_bloghome_searchlist,N,18,39,,,,-,-,10,울산광역시,제한없음,제한없음,제한없음,,,제한없음
20240731005400200005,상담,울산과학대학교 대학일자리플러스센터(일반형),"50,후속사업,지원종료에",대학일자리센터 사업 지원종료에 따른 청년고용서비스 전달체계 축소우려 완화 등을 위한 후속사업 추진,일자리,창업,"○ 연사업비 : 300백만원(국 200, 시 50, 대학 50)
○ 사업내용 : 진로탐색 및 통합상담지원, 취업컨설팅 및 일자리 매칭 서비스 제공 등 
○ 인력현황 : 8명(정규직 4, 계약직 4)",울산광역시 경제정책관 일자리지원팀(052-229-2753),울산과학대학교 대학일자리플러스센터(052-230-0887),마감,,,,"○ 운영기간 : 2024. 3. ~ 2025. 2.
※ 최초시행 2023. 3.",-,-,https://clover.uc.ac.kr/employCnsApplyReg/a/m/goEmployCnsApplyReg.do,-,,https://www.ulsan.go.kr/s/ulsanyouth/bbs/view.do?bbsId=BBS_0000000000000316&mId=008001001000000000&dataId=41034,https://www1.uc.ac.kr/www/index.php?pCode=MN3000294,N,18,39,,,,-,-,15,울산광역시,제한없음,미취업자,"대학 재학, 대졸 예정, 대학 졸업",,,제한없음
20240731005400200001,상담,울산대학교 대학일자리플러스센터(거점형),"지원종료에,125,후속사업",대학일자리센터 사업 지원종료에 따른 청년교용서비스 전달체계 축소우려 완화 등을 위한 후속사업 추진,일자리,취업,"○ 연사업비 : 720백만원(국 420, 시 125, 대학 175)
○ 사업내용 : 진로탐색 및 통합상담 지원, 취업컨설팅 및 일자리 매칭 서비스 제공 등 
○ 인력현황 : 12명(정규직 5, 계약직 7)",경제정책관 일자리지원팀(052-229-2753),울산대학교 대학일자리플러스센터(052-259-5753),마감,,,,"○ 운영기간 : 2024.3 ~ 2025. 2.
※ 최초시행 2022. 3.",-,-,,-,-,https://www.ulsan.go.kr/s/ulsanyouth/bbs/view.do?bbsId=BBS_0000000000000316&mId=008001001000000000&dataId=41034,https://ucareer.ulsan.ac.kr/main/default.aspx,N,19,39,,,,-,-,8,울산광역시,제한없음,미취업자,"대학 재학, 대졸 예정, 대학 졸업",,,제한없음
20240731005400200022,기타,울산 신정동 청년희망주택 건립사업,"신정동,청년가구,청년희망주택",청년가구 주거만족도가 높은 선호지(시소유)에 특화된 설계로 건립하여 청년가구 주거 만족도 향상,주거,기숙사,"○ 위 치 : 울산광역시 남구 신정동 168-2

○ 규 모 : 부지면적 658㎡, 연면적 1,983㎡, 지하 1층 지상 5층
- 1층 : 주차장
- 2~ 5 층 : 청년희망주택 38호, 공유 오피스 4호

○ 사 업 비 : 7,761백만원(국 1,601, 시 6,160)",울산광역시 건축정책과 주거지원팀(052-229-4412),주관기관과 동일,마감,,,,○ 사업기간 : 2022. 1. ~ 2025. 3.,-,-,,-,-,https://www.ulsan.go.kr/s/ulsanyouth/bbs/view.do?bbsId=BBS_0000000000000316&mId=008001001000000000&dataId=40983,,N,18,39,,,,-,-,11,울산광역시,제한없음,제한없음,제한없음,,,제한없음
20240731005400200021,채용,울산 매곡산업단지 복합개발사업,"임대주택을,산업단지,주거불안",산업단지 근로자의 주거불안 해소와 청년 창업을 연계할 수 있는 공공 임대주택을 공급하여 주거안정 및 일자리 창출,주거,기숙사,"○ 위 치 : 북구 매곡동 884-5번지(매곡3일반산업단지 내)

○ 사업규모 : 대지 2,734.1㎡(시유지) 연면적 16,234,62㎡, 지상 17층

○ 사업내용 : 행복주택 144호, 공영주차장 130대",울산광역시 건축정책과 주거지원팀(052-229-4414),주관기관과 동일,마감,,,,○ 사업기간 : 2020. 12. ~ 2025. 12.,-,-,,-,-,https://www.ulsan.go.kr/s/ulsanyouth/bbs/view.do?bbsId=BBS_0000000000000316&mId=008001001000000000&dataId=41000,,N,18,39,,,,-,-,7,울산광역시,제한없음,제한없음,제한없음,,,제한없음
20240731005400200020,기타,울산 신축 매입약정형 임대주택 공급사업,"임대주택,매입약정형,신축",청년·신혼부부의 주거비 부담해소를 위해 신속한 공공주택 공급 방안인 신축 매입약정형 임대주택 사업을 도입하여 주거안정 도모,주거,기숙사,"○ 위 치 : 울산광역시 전역(대학가, 교통편의지역 등 주거선호도가 높은 지역)

○ 규 모 : 임대주택 120호(청년 80호, 신혼부부 40호)

○ 사 업 비 : 20,400백만원(국 7,320 / 기 9,800 / 시 3,280)",울산광역시 건축정책과 주거지원팀(052-229-4413),주관기관과 동일,마감,,,,○ 사업기간 : 2024. 1. ~ 2025. 7.,-,-,,-,-,https://www.ulsan.go.kr/s/ulsanyouth/bbs/view.do?bbsId=BBS_0000000000000316&mId=008001001000000000&dataId=40993,,N,18,39,,,,-,-,9,울산광역시,제한없음,제한없음,제한없음,,,제한없음
20240731005400200019,기타,울산 양정동 청년희망주택 건립사업,"청년희망주택,청년가구,100백만원",청년가구 주거만족도가 높은 선호지(시소유)에 특화된 설계로 건립하여 청년가구 주거 만족도 향상,주거,기숙사,"○ 위 치 : 울산광역시 북구 양정동 776-4번지

○ 규 모 : 부지면적 534㎡, 연면적 650㎡, 지상 5층
- 1층 : 주차장
- 2층 : 청년희망주택 18호, 공유오피스 3호

○ 사 업 비 : 3,100백만원(국 707 / 시 2,303)",울산광역시 건축정책과 주거지원팀(052-229-4412),주관기관과 동일,마감,,,,○ 사업기간 : 2023. 5. ~ 2026. 5.,-,-,,-,-,https://www.ulsan.go.kr/s/ulsanyouth/bbs/view.do?bbsId=BBS_0000000000000316&mId=008001001000000000&dataId=40991,,N,19,39,,,,-,-,5,울산광역시,제한없음,제한없음,제한없음,,,제한없음
20240731005400200018,기타,울산 방어동 청년희망주택 건립사업,"방어동,5층,청년희망주택",청년가구 주거만족도가 높은 선호지(시소유)에 특화된 설계로 건립하여 청년가구 주거 만족도 향상,주거,기숙사,"○ 위 치 : 울산광역시 남구 방어동 481-97번지

○ 규 모 : 부지면적 1,076㎡, 연면적 1,557㎡, 지상 5층
- 1층 : 주차장
- 2 ~ 5층 : 청년희망주택 36호, 공유오피스 4호

○ 사 업 비 : 9,172백만원(국 1,594 / 시 7,578)",울산광역시 건축정책과 주거지원팀(052-229-4412),주관기관과 동일,마감,,,,○ 사업기간 : 2023. 5. ~ 2026. 5.,-,-,,-,-,https://www.ulsan.go.kr/s/ulsanyouth/bbs/view.do?bbsId=BBS_0000000000000316&mId=008001001000000000&dataId=40990,,N,18,39,,,,-,-,8,울산광역시,제한없음,제한없음,제한없음,,,제한없음
20240731005400200017,기타,울산 백합 청년희망주택 건립사업,"5층,청년가구,청년희망주택",청년가구 주거만족도가 높은 선호지(시소유)에 특화된 설계 건립하여 청년가구 주거 만족도 향상,주거,기숙사,"○ 위 치 : 울산광역시 남구 삼산동 1530-4 번지

○ 규 모 : 부지면적 594㎡, 연면적 1,001㎡, 지상 5층
- 1층 : 주차장
- 2 ~ 5층 : 청년희망주택 23호, 공유오피스 3호

○ 사 업 비 : 4,700백만원(국 1,107 / 시 3,593)",울산광역시 건축정책과 주거지원팀(052-229-4412),주관기관과 동일,마감,,,,○ 사업기간 : 2023. 5. ~ 2026. 5.,-,-,,-,-,https://www.ulsan.go.kr/s/ulsanyouth/bbs/view.do?bbsId=BBS_0000000000000316&mId=008001001000000000&dataId=40989,,N,18,39,,,,-,-,6,울산광역시,제한없음,제한없음,제한없음,,,제한없음
20240731005400200016,기타,울산 달동 청년희망주택 건립사업,"5층,청년가구,청년희망주택",청년가구 주거만족도가 높은 선호지(시소유)에 특화된 설계로 건립하여 청년가구 주거 만족도 향상,주거,기숙사,"○ 위 치 : 울산광역시 남구 달동 1279-1 번지

○ 규 모 : 부지면적 599㎡, 연면적 1,000㎡, 지상 5층
- 1층 : 주차장
- 2  ~ 5층 : 청년희망주택 25호, 공유오피스 3호

○ 사 업 비 : 3,400백만원(국 930 / 시 2,470)",울산광역시 건축정책과 주거지원팀 (052-229-4412),주관기관과 동일,마감,,,,○ 사업기간 : 2023. 5. ~ 2026. 5.,-,-,,-,-,https://www.ulsan.go.kr/s/ulsanyouth/bbs/view.do?bbsId=BBS_0000000000000316&mId=008001001000000000&dataId=40988,,N,18,39,,,,-,-,10,울산광역시,제한없음,제한없음,제한없음,,,제한없음
20240731005400200015,기타,울산 삼산동 청년희망주택 건립사업,"삼산동,청년희망주택,청년가구",청년가구 주거만족도가 높은 선호지(시소유)에 특화된 설계로 건립하여 청년가구 주거 만족도 향상,주거,기숙사,"○ 위 치 : 울산광역시 남구 삼산동 1554-3번지

○ 규 모 : 부지면적 581㎡ , 연면적 1,001㎡ , 지상 5층
- 1층 : 주차장
- 2  ~ 5층 : 청년희망주택 31호, 공유오피스 4호 

○ 사 업 비 : 5,000백만원(국 1,373 / 시 3,627))",울산광역시 건축정책과 주거지원팀(052-229-4412),주관기관과 동일,마감,,,,○ 사업기간 : 2023. 5 ~ 2026. 5,-,-,,-,-,https://www.ulsan.go.kr/s/ulsanyouth/bbs/view.do?bbsId=BBS_0000000000000316&mId=008001001000000000&dataId=40987,,N,18,39,,,,-,-,7,울산광역시,제한없음,제한없음,제한없음,,,제한없음
20240731005400200014,기타,울산 태화동 청년희망주택 건립사업,"태화동,5층,청년가구",청년가구 주거만족도가 높은 선호지(시소유)에 특화된 설계로 건립하여 청년가구 주거 만족도 향상,주거,기숙사,"○ 위 치 : 울산광역시 중구 태화동 21 -2 

○ 규 모 :  부지면적 501㎡, 연면적 650㎡, 지상 5층
- 1층 : 주차장
- 2 ~ 5층 : 청년희망주택 16호, 공유오피스 3호

○ 사 업 비 : 3,300백만원(국 708, 시 2,592)",울산광역시 건축정책과 주거지원팀 (052-229-4412),주관기관과 동일,마감,,,,○ 사업기간 : 2022. 1. ~ 2025. 11.,-,-,,-,-,https://www.ulsan.go.kr/s/ulsanyouth/bbs/view.do?bbsId=BBS_0000000000000316&mId=008001001000000000&dataId=40985,,N,18,39,,,,-,-,6,울산광역시,제한없음,제한없음,제한없음,,,제한없음
20240731005400200013,시설제공,울산 희망상가 품은 청년희망주택 건립,"청년희망주택,희망상가,4층",희망상가를 저렴한 임대료로 공급하여 청년 창업기회 제공 및 경제적으로 취약한 청년층의 주거안정 기여를 위해 청년희망주택 공급,주거,기숙사,"○ 위 치 : 울산광역시 중구 성안동 393-2

○ 규 모 : 부지면적 1,311.6㎡, 연면적 1,805㎡, 지하 1층 지상 4층
- 1층 : 희망상가(2호), 지역커뮤니티시설 
- 2 ~ 4층 : 청년희망주택(36호)

○ 사 업 비 : 7,369백만원(국 2,419  시 4,950)",울산광역시 건축정책과 주거지원팀 (052-229-4412),주관기관과 동일,마감,,,,○ 사업기간 : 2019. 8. ~ 2024. 1.,-,-,,-,-,https://www.ulsan.go.kr/s/ulsanyouth/bbs/view.do?bbsId=BBS_0000000000000316&mId=008001001000000000&dataId=40982,,N,18,39,,,,-,-,14,울산광역시,제한없음,제한없음,제한없음,,,제한없음
20240731005400200004,상담,울산 톡톡팩토리 운영,"울산,웅촌면,제조",청년창업기업들에게 소규모 제조 공간을 제공해 사업성공 가능성을 확대시키고 창업기업들의 성장을 통해 지역 경제 활성화,일자리,창업,"□ 지원내용
- 제조 및 사무공간 무상제공(전기세 등 관리비 기업부담, 보증금 100만원)
- 교육, 멘토링, 마케팅, 판로개척, 네트워크, 투자유치 등 지원
 
□ 테마별 공간 위치
- 중구점(4차산업) : 울산 중구 종가로 362-11 울산과학기술진흥센터 5층
- 남구점(복합제조업) : 울산 남구 돋질로 390번길 7 (삼산동)
- 동구점(바이오메디컬) : 울산 동구 바드래1길 30 한마음회관 4층
- 북구점(스마트튜닝) : 울산 북구 진장7길 7 (진장동)
- 울주군점(Wood & Iron) : 울산 울주군 웅촌면 고연로 129-1 (웅촌면)",울산광역시 기업지원과 창업벤처팀(052-229-2803),울산경제일자리진흥원(052-710-5902),마감,,,,-,-,-,,-,-,https://talktalk.bluedolphin.or.kr/,https://www.ulsan.go.kr/s/ulsanyouth/bbs/view.do?bbsId=BBS_0000000000000316&mId=008001001000000000&dataId=40977,N,18,39,,,,-,-,17,울산광역시,제한없음,(예비)창업자,제한없음,,,제한없음
20240731005400200003,채용,울산 행정 체험형 청년인턴 채용사업,"행정,본청,공공부문","공공부문 중심의 양질의 일자리 제공으로 청년 취업난을 해소하고, 직업체험을 통한 청년 취업역량 강화",일자리,창업,"○ 주요내용
- 채용인원 : 19명
- 채용기간 : 3월 ~ 9월(6개월)
- 근무지 : 본청 내 부서
- 근무시간 / 내용 : 일 8시간 / 기획 및 단기 프로젝트 수행 등",울산광역시 대학청년지원단 청년정책팀(052-229-7983),주관기관과 동일,마감,,,,○ 사업기간 : 2024. 1. ~ 12.,-,-,,-,-,https://www.ulsan.go.kr/s/ulsanyouth/bbs/view.do?bbsId=BBS_0000000000000316&mId=008001001000000000&dataId=40937,,N,19,39,,,,-,-,7,울산광역시,제한없음,미취업자,제한없음,,,제한없음
20240730005400200035,교육,울주군 청년마음돌봄서비스 청년정신건강증진사업 '구해줘 심즈',"정신건강사업,스크리닝,울주군보건소",청년들이 다수 이용하는 시설 등과 협력하여 정신건강고위험자에 대한 조기발견 및 정신건강 회복을 도모,복지문화,취약계층 및 금융지원,"○ 운영기관 : 울주군정신건강복지센터(울주군보건소 정신건강사업 수탁기관)

○ 사업내용
- 울주군예비군대대와 MOU를 통한 정신건강사업 진행 및 고위험자 발굴
- 정신질화 및 우울·불안 해소를 위한 정신건강증진 교육
- 청년관련 기관 연계를 통한 정신건강사업 홍보 및 스크리닝 실시
- 생애 첫 정신과 진료비사업

○ 사 업 비 : 11백만원(기금 5.5, 시비 2.75, 군비 2.75)",울주군 보건소 의약건강팀(052-204-2732),울주군정신건강복지센터,마감,,,,○ 사업기간 : '24. 2. ~ 12.,-,-,,-,-,https://www.ulsan.go.kr/s/ulsanyouth/bbs/view.do?bbsId=BBS_0000000000000316&mId=008001001000000000&dataId=41320,,N,19,39,,,,-,-,11,울산 울주군,제한없음,제한없음,제한없음,,,제한없음
20240730005400200034,상담,울주군 청년마음돌봄서비스 1인 가구 자살예방사업 'N(앤) 혼자산다',"자살예방,활용,가구",청년층의 사회·심리적 안정감과 자립에 기여하며 정신건강 고위험군의 조기발굴 및 개입을 통한 자살률 감소,복지문화,취약계층 및 금융지원,"○ 운영기관 : 울주군정신건강복지센터(울주군보건소 정신건강사업 수탁기관)

○ 사업내용
- 1인 가구 개별활동 및 체험(식사, 운동, 문화활동 등) 프로그램 운영
- 대학생 [마인드스펙] 자살예방교육 운영
- 편의점 자살예방 영상광고 송출 및 QR코드 활용 정신건강 자가검진
- 메타버스 활용 [마인드커넥트] 자살예방서비스 제공, 9월 청년의 날 자살예방 행사 운영

○ 사 업 비 : 3백만원(기금 1, 시비 1, 군비 1)",울주군보건소 의약건강팀(052-204-2732),울주군정신건강복지센터(052-262-1148),마감,,,,○ 사업기간 : '24. 1. ~ 12.,-,-,,-,-,https://www.ulsan.go.kr/s/ulsanyouth/bbs/view.do?bbsId=BBS_0000000000000316&mId=008001001000000000&dataId=41324,https://www.ujcmhc.or.kr,N,19,39,,,,-,-,20,울산 울주군,제한없음,제한없음,제한없음,,,제한없음
20240730005400200036,프로그램,울주군 청년정책협의체 역량강화 프로그램 운영,"청년정책협의체,역량강화,3기",울주 청년정책협의체 역할에 대한 이해도 증가와 운영 방향 제시,참여권리,청년참여,"○ 사업내용
- 제 3기 청년정책협의체 발대식 및 특강
- 협의체 역량강화 워크숍 및 성과발표회 개최 

○ 사업비 : 16백만원(군비)",울산광역시 울주군 일자리지원과 청년지원팀(052-204-1362),주관기관과 동일,마감,,,,○ 사업기간 : '24. 3. ~ 12.,-,-,,-,-,https://www.ulsan.go.kr/s/ulsanyouth/bbs/view.do?bbsId=BBS_0000000000000316&mId=008001001000000000&dataId=41237,,N,18,39,,,,-,-,5,울산 울주군,제한없음,제한없음,제한없음,,,제한없음
20240730005400200030,시설제공,"울주청년 플랫폼, 청년센터 운영","청년정책의,다양한,플랫폼",소통 공간과 다양한 프로그램을 지원함으로써 청년의 다양한 욕구 충족 및 삶의 질을 개선할 수 있는 기회 제공하고 청년정책의 홍보역할을 통한 정책 체감도 상승,복지문화,취약계층 및 금융지원,"○ 위 치 : 범서읍 점촌 5길 39-7, 2층(울주군 가족센터)

○ 사업내용
- 청년정책의 통합적 플랫폼 운영을 통한 청년 활동 지원
- 청년 네트워크 및 커뮤니티 모임을 연결하는 공간 지원
- 청년 성장지원을 위한 다양한 프로그램, 워크숍 등 운영
- 청년 관심 분야·맞춤형 정책 정보 온라인 제공 및 홍보 등 

○ 사업비 : 80백만원(군비)",울산광역시 울주군 일자리지원과 청년지원팀(052-204-1362),울주군 청년센터 청년지기(052-204-1329),마감,,,,-,-,-,http://youthbuddy.kr,-,-,http://youthbuddy.kr,https://www.ulsan.go.kr/s/ulsanyouth/bbs/view.do?bbsId=BBS_0000000000000316&mId=008001001000000000&dataId=41236,N,18,39,,,,-,-,6,울산 울주군,제한없음,제한없음,제한없음,,,제한없음
20240730005400200005,현금지급,울주군 중소기업 청년 인턴사업,"인턴,정규직,당사자",중소기업의 인력난 해소 및 인턴 참여자의 고용 지속가능성 제고,일자리,창업,"□ 지원대상
- 기업 : 울주군에 사업장을 둔 고용보험 상시근로자수 5인 이상인 제조업 중소(중견)기업으로써 울주군 청년을 인턴 및 정규직으로 신규 채용할 의사가 있는 기업
- 인턴 : 인턴 신청일 현재 울주군에 주민등록이 되어있는 만 39세 이하의 미취업 청년

□ 지원내용
- 기업 : 채용 인턴 1인당 월 80만원 최대 9개월*간 지원
*예) 인턴 1개월 약정 시, 인턴 1개월 + 정규직 8개월 지원
인턴 3개월 약정 시, 인턴 3개월 + 정규직 6개월 지원
- 인턴 : 정규직 전환 시 100만원, 근로 9개월 경과 시 200만원 지원

□ 지원한도 : 상시 근로자 수의 20%(단, 기업당 최대 5인 지원)
※ 상시 근로자 수 : 사업장 고용보험 가입자 수로 피보험자 수에는 전년도 인턴 연수 중인 자를 제외하되 정규직 전환자는 포함
※ 참여기업 모집 결과에 따라 최대 지원 인원 조정 가능

□ 근로조건
- 인턴기간 : 1개월 이상 3개월 이내에서 당사자 간 약정으로 정함
※ 약정체결 이후에도 기업 사정 등에 따라 당사자 간 합의에 의해 단축 가능
- 인턴급여 : 인턴 약정서에 의하여 당사자 간 협의하여 체결할 수 있고 기업은 인턴에게 월 최저임금(2,060,740원)이상 지급하여야 하며 이에 따라 근로기준법 등 노동관계법에 의한 근로관계가 성립함
(4대 보험 및 세금공제 전 금액 포함. 단, 교통비, 상여금 등 제외)
- 4대 보험 : 관계 법령이 정하는 바에 따라 가입",울산광역시 울주군 일자리지원과 청년지원팀(052-204-1363),주관기관과 동일,마감,,,,-,"□ 제출방법 : 전자메일(ulju535659@korea.kr), 방문 또는 우편 접수
□ 접 수 처 : 울주군 일자리지원과 청년지원팀(☎052-204-1363)",공고문 참고,,"□ 제출서류
- 기업 참가신청(최초1회) : 참가신청서(기업용)[서식1], 협약서[서식2], 사업자등록증(사본), 4대보험 가입자명부, 근로자 고용정보 현황 조회,기타 적격여부 확인에 필요한 추가 서류(필요시 추가 안내)
- 인턴 참가신청 및 명단 통보(수시) : 신청서(인턴용)[서식3], 인턴채용 예정자 명단 통보서[서식4], 4대보험 사업장 가입자 명부, 근로자 고용정보 현황 조회, 참여자 초본, 사업주 가족관계증명서, 국세납세증명서, 인턴 약정서[서식5]",공고문 참고,https://www.ulsan.go.kr/s/ulsanyouth/bbs/view.do?bbsId=BBS_0000000000000316&mId=008001001000000000&dataId=41250,https://www.ulju.ulsan.kr/ulju/saeol/gosi/view.do?notAncmtMgtNo=54556&mId=0403020000,N,18,39,,,,공고문 참고,"□ 지원제외기업 
- 일시적 인력수요 업체(예 : 계절적 농수산물 가공업체)
- 고용보험 미가입 사업장
- 산업현장이 없는 기업체 등 고용관계를 유지하기 부적합하다고 판단되는 사업장
- 노사분규 중인 사업장, 상습 임금체불 사업장 등 인턴근무가 정상적으로 진행되기 어려운 사업장
- 인턴근무 중 인위적 감원을 한 날로부터 1년이 경과하지 않은 기업, 이 사업의 지원금을 부정하게 신청하거나 지급받은 날부터 1년이 경과하지 않은 기업
- 지방세 체납 기업
- 신청일 기준 1개월 전부터 신청일 현재까지 정리해고 등 인위적 감원이 있는 기업
- 기타 인턴사업의 사업목적과 취지에 비추어 적정하지 않다고 판단되는 기업

□ 인턴제외대상
- 신청일 기준 고용보험 피가입자
- 특정 자격증 취득의 전제가 되는 현장실습 등에 참여 중인 자
-「병역법」에 의한 특례근무 중인 자
※ 인턴 참여 중 특례근무로 전환된 자는 전환된 날부터 참여 자격 배제
- 이 사업의 인턴으로 참여하여 1개월 이상 근무한 후 본인의 귀책 사유로 약정이 중도 해지된 자
※ 단, 본인의 귀책 사유로 해지된 경우라도 1개월 미만 근무 중에 해지된 자는 당해 연도 중 1회에 한하여 재참여 가능
- 본 사업의 인턴으로 참여한 경력이 있는 자 및 참여 중 약정이 중도 해지된 자
· 취업지원금을 모두 받은 자 : 2년간 사업 참여 제한(퇴사 사유 불문)
· 정규직 전환 시 지원금(100만원)을 받은 자
(개인사정 및 본인 귀책사유 퇴사자) 퇴사 후 1년간 사업 참여 제한
(회사사정 퇴사자) 당해 연도 중 1회에 한하여 재참여 가능
단, 재참여하는 자는 정규직 전환 시 취업지원금 100만원만 지급
- 대한민국 국적을 보유하지 않은 외국인
- 인턴 신청일 이전 3개월 이내 인턴채용 예정기업에서 근무한 자 및 허위 기타 부정한 방법으로 인턴으로 채용되었던 자 
- 채용예정인 기업 사업주의 배우자, 직계존비속 및 형제자매 관계에 있는 자
- 인턴 신청일 현재 사업자등록 중인 자",18,울산 울주군,제한없음,미취업자,제한없음,,,제한없음
20240730005400200009,시설제공,울주군 희망을 주는 생계안정 일자리 사업,"계획인원,추진방식,참여대상",지역의 특성·기술·공간 등 지역 자원을 활용하여 저소득층과 청년 구직자에게 생산적인 일자리를 제공함으로써 생계 안정과 고용 창출 도모,일자리,창업,"○ 사업내용
1. 공공 근로사업
- 계획인원 : 250명
- 참여대상: 취약계층인 저소득층 및 청년 구직자 등
- 추진방식 : 3단계 구분 추진
- 사업비 : 1,125백만원(시비 787, 군비 338)

2. 지역공동체일자리사업
- 계획인원 : 16명
- 참여대상 : 취업취약계층인 저소득층 및 청년구직자 등
- 추진방식 : 반기별 추진 - 사업비 : 139백만원(시비 104, 군비 35)",울산광역시 울주군 일자리지원과 일자리팀(052-204-1353),주관기관과 동일,마감,,,,○ 사업기간 : '24. 1. ~ 12.,-,-,,-,-,https://www.ulju.ulsan.kr/ulju/bbs/view.do?bIdx=43311&ptIdx=113&mId=0202020000,https://www.ulju.ulsan.kr/ulju/unit/employ/view.do?notAncmtMgtNo=57147&mId=0403030100,N,18,39,,,,-,-,7,울산 울주군,제한없음,제한없음,제한없음,,,제한없음
20240730005400200004,상담,울주군 꿈꾸는 청년대장간 운영,"울주군,기업,웅촌면",울주군 내 우수창업기업 발굴 및 이전을 통한 지역경제 활성화,일자리,창업,"○ 위치/규모 : 웅촌면 오복길 17 / 대지 1,632㎡, 연면적 960.41㎡

○ 입주일/입주공간 : '22. 1. 1. / 기업별 100​㎡ ~ 150㎡(사무실, 제조공간), 회의실

○ 사업대상 : 5개 기업
- 사업자등록 7년미만 청년창업기업 또는 직원의 50%이상이 청년
- 직접 개발하거나 디자인한 제품을 제조·판매하거나 차별화된 서비스 제공을 목적으로 하는 기업

○ 지원내용 : 창업공간, 마케팅·멘토링·판로개척, 투자유치 등

○ 지원기간 : 입주 후 최장 3년(매년 말 심사를 통해 연장 또는 퇴거)
※ 공실 발생시 신규입주기업 수시 모집

○ 운영방법 : (재)울산경제일자리진흥원 위탁 운영

○ 사 업 비 : 200백만원(군비)",울산광역시 울주군 일자리지원과 일자리팀(052-204-1356),(재)울산경제일자리진흥원,마감,,,,○ 사업기간 : '24. 1. ~ 12.,-,-,,-,-,https://www.ulju.ulsan.kr/ulju/contents.do?mId=0503080000,https://www.ulsan.go.kr/s/ulsanyouth/bbs/view.do?bbsId=BBS_0000000000000316&mId=008001001000000000&dataId=41257,N,18,39,,,,-,-,8,울산 울주군,제한없음,(예비)창업자,제한없음,,,제한없음
20240730005400200002,채용,울주군 스마트팜 보급 확산 지원,"스마트팜,따른,증가","스마트팜 보급에 따른 창업기업 육성과 이에 따른 일자리 창출, 농업인 세대교체 및 스마트팜 공급 다변화에 따른 안전한 먹거리 증가",일자리,창업,"○ 추진주체 : (총괄/전담) 농업정책과 (주관) 울산테크노파크

○ 사업내용
- 스마트팜 설치 및 창업 지원
- 유통망 구축 및 마케팅 지원
- 산·학·연·관 네트워킹 및 인력양성

○ 사 업 비 : 950백만원(군비)",농업정책과 스마트농업팀(052-204-1563),울산테크노파크,마감,,,,○ 사업기간 : '24. 3. ~ 12.,-,-,,-,-,https://www.ulsan.go.kr/s/ulsanyouth/bbs/view.do?bbsId=BBS_0000000000000316&mId=008001001000000000&dataId=41259,,N,18,39,,,,-,-,10,울산 울주군,제한없음,"자영업자, (예비)창업자, 영농종사자",제한없음,,,제한없음
20240730005400200027,프로그램,울주군 영남알프스 트레일러닝 대회 운영,"영남알프스,250,24",울주의 수려한 산악 관광자원을 활용하여 청년 산악관광객 유치 활성화 및 건강한 청년 여가 문화축제 향유의 기대 확대,복지문화,취약계층 및 금융지원,"○ 사업기간 : '24. 10. 2.(목) ~ '24. 10. 29.(일)

○ 위 치 : 영남알프스 일원(메인 행사장 : 복합웰컴센터)

○ 사업내용 
- 영남알프스를 배경으로 산악레포츠인 트레일러닝 대회를 개최하고 대중성 높은 부대 프로그램을 병행하여  청년을 위한 산악문화행사 및 축제의 장 마련

○ 사 업 비  : 1,000백만원(국비 500, 시비 250, 군비 250)",울산광역시 울주군 관광과 관광개발팀(055-204-0344),주관기관과 동일,마감,,,,-,-,-,https://www.uljutrail.com,-,-,https://www.ulsan.go.kr/s/ulsanyouth/bbs/view.do?bbsId=BBS_0000000000000316&mId=008001001000000000&dataId=41344,,N,19,39,,,,-,-,5,울산 울주군,제한없음,제한없음,제한없음,,,제한없음
20240730005400200025,교육,울주청년문화프로젝트 청년문화잇소(it so),"프로젝트,울주,확장",청년문화공동체 발굴 및 청년주도형 문화활동 지원을 통한 청년문화생태계 확장 및 '젊은 울주'로 도시브랜딩에 기여,복지문화,취약계층 및 금융지원,"○ 사업장소 : 울주군 관내

○ 사업내용 : 청년들이 원하는 문화를 자발적으로 만들고 스스로 즐길 수 있는 울주청년문화프젝트 추진

○ 사업유형
- 관계중심형 : 교육, 네트워크 구축, 소규모 모임 등 청년들의 관계 확장을 위한 프로젝트
- 콘텐츠중심형 : 다양한 행사, 축제, 공연 등의 프로젝트

○ 사 업 비 : 60백만원(군비)",울주문화재단 생활문화팀(052-980-2224),주관기관과 동일,마감,,,,○ 사업기간 : '24. 2. ~ 12.,-,-,,-,-,https://www.ulsan.go.kr/s/ulsanyouth/bbs/view.do?bbsId=BBS_0000000000000316&mId=008001001000000000&dataId=41381,,N,18,39,,,,-,-,5,울산 울주군,제한없음,제한없음,제한없음,,,제한없음
20240723005400200017,상담,울산 북구 청년 일자리 확대 및 역량 강화,"일자리,취업지원,발굴",청년 구직자 대상 맞춤형 일자리 연계서비스 제공을 통해 지역 일자리 발굴·창출과 구인·구직 미스매치 해소에 기여,일자리,재직자,"○ 장소 : 오토밸리복지센터 1층

○ 운영인력 : 전문 직업상담사 2명

○ 내 용
- 청년 구인구직 상담, 일자리 발굴, 취업알선 등 체계적인 취업지원
- 찾아가는 구인구직 상담, 이력서, 자기소개서 컨설팅을 통한 취업지원",울산광역시 북구 경제일자리과 일자리지원팀(052-241-8649),주관기관과 동일,마감,,,,○ 기간 : 연중,-,-,,-,-,,,N,19,39,,,,-,-,6,울산 북구,제한없음,미취업자,제한없음,,,제한없음
20240723005400200016,현금지급,울산 북구 청년 일드림[DREAM] 패키지 지원 사업,"자격시험,취업사진,대여","청년의 취업 역량을 강화하고 지역사회 정착을 위하여 면접정장 무료 대여, 자격시험 응시료 등 지원",일자리,재직자,"○ 사업내용
- 면접정장대여 :350명
- 취업사진 : 100명
- 면접 헤어·메이크업 : 100명
- 자격시험 등 응시료 : 166명

○ 이용방법 
- 면접정장 대여 : 홈페이지 신청, 업체방문 및 수선 후 대여, 반납
- 취업사진, 헤어·메이크업, 자격시험 등 응시료 지원 : 신청, 검토 후 사후 지급",울산광역시 북구 경제일자리과(052-241-7718),주관기관과 동일,마감,,,,○ 사업기간 : 2024. 1. ~ 12.(연중),-,-,https://www.bukgu.ulsan.kr/suit/,-,-,https://www.ulsan.go.kr/s/ulsanyouth/bbs/view.do?bbsId=BBS_0000000000000316&mId=008001001000000000&dataId=41387,,N,18,39,,,,-,-,8,울산 북구,제한없음,미취업자,제한없음,,,제한없음
20240723005400200015,시설제공,울산 북구 청년창업 제조공간 지원,"제조공간,창업생태계,기술창업",지역 청년들의 기술창업 아이디어를 발굴하고 창업공간을 제공하는 선순환 창업생태계 기반 구축,일자리,재직자,"○ 입주대상 : 창업 7년 미만 청년 창업기업 9개사
○ 사업내용 : 청년 창업가 제조공간 및 엑설러레이팅 지원 및 강연
○ 입주공간 : 9개소(제조공간 3, 사무공간 6)",울산광역시 북구 경제일자리과 청년정책팀(052-241-7717),주관기관과 동일,마감,,,,○ 사업기간 : '24. 1. ~ 12.(연중),-,-,,-,-,https://www.ulsan.go.kr/s/ulsanyouth/bbs/view.do?bbsId=BBS_0000000000000316&mId=008001001000000000&dataId=41396,,N,19,39,,,,-,-,5,울산 북구,제한없음,"자영업자, (예비)창업자",제한없음,,,제한없음
20240723005400200013,교육,울산 북구 지역산업 맞춤형 청년 일자리 창출 사업,"문의,4월,사업기간",청년 취업률 감소 등 지역의 고용문제 해결을 위하여 자치단체 주도로 비영리법인·단체와 컨소시엄을 구성하여 청년 등 지역주민의 고용촉진에 기여,일자리,재직자,"□ 전기자동차 정비실무인력 양성사업
- 내용 : 전기자동차 정비실무인력 양성사업을 통한 일자리 창출
- 사업기간 : 4월~8월 (일정변경 가능)
- 문의 : (사)울산산업기술인력양성협회(☎266-2171)

□ 자동차 시트제작 전문인력 양성사업
- 내용 : 자동차 시트제작 전문인력 양성을 통한 일자리 창출
- 사업기간 : 4월~6월, 6월~7월 (일정변경 가능)
- 문의 : (사)청산(☎903-4444)

□ 청년 창업 일자리창출 사업
- 내용 : 창업 기초 교육 및 창업 제품화 캠프, 초기사업비 지원
- 사업기간 : 4월 ~ 12월
- 문의 : 북구청년창업지원센터(☎296-3201, 3255)",울산광역시 북구 경제일자리과 일자리지원팀(052-241-7772),사업별 상이함,마감,,,,○ 사업기간 : 연중,-,-,,-,-,https://www.ulsan.go.kr/s/ulsanyouth/bbs/view.do?bbsId=BBS_0000000000000316&mId=008001001000000000&dataId=41386,https://www.bukgu.ulsan.kr/lay1/S1T2039C2076/contents.do,N,19,39,,,,-,-,9,울산 북구,제한없음,미취업자,제한없음,,,제한없음
20240723005400200003,상담,울산 북구 청년 노동권익 교육 및 지원,"양성,제고하고,보호를",청년 노동인권강사 양성 및 노무법률 상담을 통해 청년의 노동인권 의식을 제고하고 노동권익 보호를 지원,일자리,재직자,"○ 사업내용 : 노동인권강사 양성 및 노무법률 상담
○ 수행주체 : 북구비정규직노동자지원센터",울산광역시 북구 경제일자리과 기업투자담당(052-241-7714),울산 북구비정규직노동자지원센터(052-286-7990),마감,,,,○ 사업기간 : 연중,-,-,http://www.ucwc.or.kr/xe/,-,-,https://www.ulsan.go.kr/s/ulsanyouth/bbs/view.do?bbsId=BBS_0000000000000316&mId=008001001000000000&dataId=41415,,N,19,39,,,,-,-,10,울산 북구,제한없음,재직자,제한없음,,,제한없음
20240723005400200022,기타,울산 북구 상안지구 행복주택 공급 지원,"행복주택,사회초년생,주거안정을","사회초년생 및 신혼부부 등 청년층의 주거안정을 도모하며, 청년층의 주거안정을 위한 저렴한 공공임대주택의 공급을 확대하고자 함",주거,주택 및 거주지,"○ 사업주체 : 울산도시공사
○ 위 치 : 상안동 343번지 일원(일반상업지역)
○ 사업규모 : 부지면적 6,771㎡, 연면적  10,467.23㎡, 지상 9층
○ 세 대 수 : 행복주택 102세대(신혼부부, 사회초년생 81세대, 전체세대 80%)
○ 총사업비 : 20,154백만원(국비 4,022 기금5,363, 도시공사 10,769)",울산광역시 북구 건축정책과 주택허가팀(052-241-8022),울산도시공사 주택사업팀(052-219-8452),마감,,,,○ 사업기간 : '17. ~ '26.,-,-,,-,-,https://www.ulsan.go.kr/s/ulsanyouth/bbs/view.do?bbsId=BBS_0000000000000316&mId=008001001000000000&dataId=41416,https://www.umca.co.kr/umca/contents.do?mId=001002003005000000,N,19,39,,,,-,-,14,울산 북구,제한없음,제한없음,제한없음,,,제한없음
20240723005400200021,채용,울산 북구 매곡산업단지 내 행복주택 공급 지원,"행복주택,주거불안,234",산업단지 근로자의 주거불안 해소와 청년 창업을연계할 수 있는 공공임대 주택을 공급하여 주거안정 및 일자리 창출로 인한 인구 유입,주거,주택 및 거주지,"○ 사업주체 : 울산광역시, 한국토지주택공사
○ 위 치 : 매곡동 884-5번지(매곡3일반산업단지 내)
○ 사업규모 : 대지 2,734.1㎡(시유지) 연면적 16,234.62㎡, 지상 17층
○ 세 대 수 : 행복주택 144세대(청년주택 129세대, 전체새대 90%)
○ 총사업비 : 28,508백만원(국비 6,067, 시비 6,957, 기융 8,089, LH 7,395)",울산광역시 북구 건축정책과 주택허가팀(052-214-8022),"울산광역시, 한국토지주택공사",마감,,,,○ 사업기간 : '19. 4. ~ '26. 8.,-,-,,-,-,https://www.ulsan.go.kr/s/ulsanyouth/bbs/view.do?bbsId=BBS_0000000000000316&mId=008001001000000000&dataId=41419,,N,19,39,,,,-,-,9,울산 북구,제한없음,제한없음,제한없음,,,제한없음
20240723005400200042,프로그램,울산 북구 취약노동자 건강지원 사업,"취약노동자,건강지원,사업추진",청년 취약노동자 건강증진을 위한 자가 건강관리 프로그램을 통해 건강한 노동력 유지와 안전한 사업체를 조성,복지문화,취약계층 및 금융지원,○ 내용 : 관내 청년 노동자 대상 건강지원 사업추진,울산광역시 북구 경제일자리과 기업투자팀(052-241-8644),"울산 북구보건소, 울산 취약노동자 건강증진센터, 울산근로자건강센터",마감,,,,○ 사업기간 : '24. 1. ~ 11.,-,-,,-,-,https://www.ulsan.go.kr/s/ulsanyouth/bbs/view.do?bbsId=BBS_0000000000000316&mId=008001001000000000&dataId=41429,,N,19,39,,,,-,-,8,울산 북구,제한없음,재직자,제한없음,,,제한없음
20240723005400200037,상담,울산 북구 '파랑해' 청년정신건강사업,"정신건강,정신건강교육,연중",청년들의 정신과적 어려움을 조기 발견·관리하고 정신건강 인식개선으로 정신건강서비스에 대한 심리적 장벽을 낮추고 사회적 안전망 확보,복지문화,취약계층 및 금융지원,"○ 기간 / 장소 : 연중 / 울산북구정신건강복지센터
○ 운영인력 : 정신건강전문요원 1명
○ 내용 
- 찾아가는 정신건강 상담차량 및 온·오프라인 맞춤상담
- 심리검사(스트레스, 우울척도검사 등) 및 고위험군 치료 연계, 치료비 지원 
- 청년 맞춤형 정신건강교육 및 힐링프로그램- 청년정신건강사업 홍보 및 캠페인",울산광역시 북구 건강증진과 정신보건팀(052-241-8152),울산북구정신건강복지센터(052-288-0043),마감,,,,-,-,-,http://www.bukgumental.or.kr/main.html,-,-,https://www.ulsan.go.kr/s/ulsanyouth/bbs/view.do?bbsId=BBS_0000000000000316&mId=008001001000000000&dataId=41430,,N,19,39,,,,-,-,7,울산 북구,제한없음,제한없음,제한없음,,,제한없음
20240723005400200031,프로그램,울산 북구 청년층을 위한 도서관 프로그램 운영,"인문학,도서관,청년층을",청년층을 위한 인문학 및 체험프로그램 운영으로 청년이 행복하고 지역사회 융합하여 성장하는 분위기 조성,복지문화,취약계층 및 금융지원,"○ 위치 : 구립도서관 7개관
○ 내용
- 도서관 주간 행사 및 청년의 날 특강 프로그램 운영
- 청년의 관심사를 반영한 체험 프로그램 및 인문학 프로그램 운영",구립도서관 중앙도서관팀(052-241-7453) / 농소1동도서관팀(052-241-7441),주관기관과 동일,마감,,,,○ 사업기간 : 도서관주관 및 청년의 날(9. 16.),-,-,,-,-,https://www.ulsan.go.kr/s/ulsanyouth/bbs/view.do?bbsId=BBS_0000000000000316&mId=008001001000000000&dataId=41448,,N,19,39,,,,-,-,7,울산 북구,제한없음,제한없음,제한없음,,,제한없음
20240723005400200029,시설제공,울산 북구 청년거점공간 운영(청년공간 '와락'),"공간,맞춤,운영",청년들의 소통을 위한 커뮤니티 공간 및 청년 맞춤 프로그램 운영으로 다양한 의견을 수렴할 수 있는 공간 운영,복지문화,취약계층 및 금융지원,"○ 위 치 : 북구 진장유통로 16, 진장디플렉스(5개실 임대)
○ 이용대상 : 울산 거주 19세 ~ 39세 청년
○ 운영방법 : 구청 직접운영(기간제 근로자 배치)
○ 주요공간 : 공유라운지(공유주방), 커뮤니티룸, 스터디룸 등
○ 운영내용 : 공유 공간 제공 및 청년 활동 아지트 운영, 청년 맞춤 프로그램 운영",울산광역시 북구 경제일자리과 청년정책팀(052-241-7717),주관기관과 동일,마감,,,,○ 사업기간 : '24. 1. ~ 12.,-,-,,-,-,https://blog.naver.com/ybwarak0201,https://www.ulsan.go.kr/s/ulsanyouth/bbs/view.do?bbsId=BBS_0000000000000316&mId=008001001000000000&dataId=41484,N,19,39,,,,-,-,7,울산 북구,제한없음,제한없음,제한없음,,,제한없음
20240723005400200009,채용,(동구)청년도전 지원사업,"노동시장,역량강화,등을","구직단념청년 등을 대상으로 노동시장 참여를 위한 맞춤형 역량강화 프로그램 제공구직단념청년 등을 대상으로 맞춤형 역량강화 프로그램을 제공하여 청년의 구직의욕을 고취하고, 노동시장 참여 및 취업 촉진을 지원하는 고용노동부 사업",일자리,재직자,-,인천광역시 동구,유유기지 동구청년21,마감,,,,"2024. 3. 19.(화) ~ 10. 31.(목) *프로그램별, 기수별 운영 일정 상이",,,,,-,https://youth.incheon.go.kr/youthpolicy/youthPolicyInfoDetail.do?poly_seq=232,,N,18,39,,,,,-,6,인천 동구,제한없음,제한없음,제한없음,,,제한없음
20240722005400200046,현금지급,청년내일저축계좌 사업,"매칭,월10만원,정부지원금",일하는 중간계층 청년의 자산형성 지원 및 자립 촉진,복지문화,취약계층 및 금융지원,"본인저축(월10만원~50만원) 시 정부지원금 매칭
- 수급자‧차상위 청년 : 정부지원금 월30만원 매칭
- 기준중위소득 50~100% 가구의 청년 : 정부지원 월10만원 매칭",충청북도 복지정책과 생활보장팀,"시군, 한국자활복지개발원",특정기간,특정기간,20250101,20251231,,"2025년 모집일정 추후 공지
온라인(복지로) 및 오프라인(읍면동) 문의ㆍ접수
복지로(http://www.bokjiro.go.kr)",,,," ❍ (사업대상) 연령, 개인소득, 가구소득 3가지 모두 충족한 자
   - 가입연령 : 신청당시 만19~34세(단, 수급자‧차상위자는 만15~40세)
   - 개인소득 : 근로‧사업소득이 월 50만원 초과~230만원 이하
                       (단, 수급자‧차상위자는 월 근로‧사업소득이 10만원 이상)
   - 가구소득 : 기준 중위소득 100% 이하",https://www.chungbuk.go.kr/young/contents.do?key=5036,,N,19,34,제한없음,기타,"개인소득 월 50만원 초과 ~230만원 이하, 가구소득 기준 중위소득 100%이하","연령, 개인소득, 가구소득 3가지 모두 충족한 자
   - 가입연령 : 신청당시 만19~35세(단, 수급자‧차상위자는 만15~40세)
   - 개인소득 : 근로‧사업소득이 월 50만원 초과~230만원 이하
                       (단, 수급자‧차상위자는 월 근로‧사업소득이 10만원 이상)
   - 가구소득 : 기준 중위소득 100% 이하",,374,충청북도,제한없음,제한없음,제한없음,20250502,20250516,제한없음
20240722005400200045,상담,의정부시 청년 정신건강상담,"정신건강상담,의정부시,일정",의정부시 청년센터 프로그램,복지문화,취약계층 및 금융지원,"□ 내용 
- 청년센터에서 진행되는 청년정신건강상담
- 청년들의 정신건강문제를 조기 발견 & 상담사의 조기 개입
[진행순서]
1. 정신건강상담 신청
2. 청년센터 정신건강상담 담당자가 정신건강복지센터에 상담 의뢰
3. 상담사님이 신청자에게 연락 후 상담 일정 조율
4. 청년센터에서 정신건강상담 진행
* 상담 일정 조율을 위해 상담사님의 전화를 꼭 받아주세요.
□ 장소 : 의정부시 청년센터 4층 상담실
□ 일시 : 평일 18시 이전(일정 협의 후 상담 진행)",□ 의정부시 청년센터(031-828-2440),-,마감,,,,,□ 신청 : 의정부시 청년센터 공식 홈페이지,,,,,https://www.ui4u.go.kr/youthcenter/,,N,19,34,,,,,,13,경기도 의정부시,제한없음,제한없음,제한없음,,,제한없음
20240722005400200005,교육,울산 동구 지역산업맞춤형 청년일자리 사업,"수요에,강화,고용문제",양질의 일자리 창출로 지역경제 활성화 및 청년인구 유입을 통한 도시경쟁력 강화,일자리,취업,"○ 추진방법 : 울산광역시, 2024년 「지역·산업맞춤형 일자리창출 지원사업(일반·기초)」 공모 및 선정

○ 사업내용
- (교육훈련) 지역의 산업 수요에 맞는 인력양성 및 지역 고용문제 해결을 위해 실시하는 취업역량 강화 교육
- (취업연계) 지역산업 수요에 따른 원활한 구인·구직 매칭을 지원하는 사업

○ 운영방법 : 사업수행기관과 약정체결 추진",울산광역시 동구 일자리정책과 일자리정책팀(052-209-4552),주관기관과 동일,마감,,,,○ 사업기간 : 약정체결일 ~ '24. 12.,-,-,,-,-,https://www.ulsan.go.kr/s/ulsanyouth/bbs/view.do?bbsId=BBS_0000000000000316&mId=008001001000000000&dataId=41491,,N,18,39,,,,-,-,6,울산 동구,제한없음,미취업자,제한없음,,,제한없음
20240722005400200004,상담,울산 동구 청년 프리랜서 컨설팅 지원,"프리랜서,강사,청년","- 청년 강사(프리랜서) 발굴 및 DB 구축
- 청년 강사(프리랜서) 선발, 강좌개설 및 활동 지원을 통하여 청년 프리랜서에게 역량을 펼칠 수 있는 기회 제공",일자리,취업,"- 청년 강사(프리랜서) 발굴 및 DB 구축
- 청년 강사(프리랜서) 선발, 강좌개설 및 활동 지원을 통하여 청년 프리랜서에게 역량을 펼칠 수 있는 기회 제공",경제정책국,경제정책국,상시,기타,,,계속사업,-,-,,-,-,https://www.instagram.com/ulsanyouth_dong9/,https://www.ulsan.go.kr/s/ulsanyouth/bbs/view.do?bbsId=BBS_0000000000000316&mId=008001001000000000&dataId=41490,N,18,39,제한없음,무관,,-,-,21,울산 동구,제한없음,프리랜서,제한없음,,,제한없음
20240722005400200014,채용,울산 동구 청년 AI[가상] 면접체험 사업,"가상,ai,자립에",청년 맞춤형 가상면접 지원으로 구직활동 역량 강화 도모 및 지역 내 청년 일자리 활성화와 자립에 기여,일자리,취업,○ 주요내용 : 취업을 준비하는 청년에게 AI(가상)면접 체험 지원,울산광역시 동구 일자리정책과 청년정책팀(052-209-3487),울산 동구 청년센터(052-209-3485),마감,,,,○ 사업기간 : '24. 2. ~ 12.,○ 이용방법 : 온라인 신청 및 현장 방문 이용,-,,-,-,https://www.donggu.ulsan.kr/donggu/contents/contents.do?mId=7030400,https://www.ulsan.go.kr/s/ulsanyouth/bbs/view.do?bbsId=BBS_0000000000000316&mId=008001001000000000&dataId=41489,N,18,39,,,,-,-,4,울산 동구,제한없음,제한없음,제한없음,,,제한없음
20240722005400200003,기타,울산 동구 청년 면접정장 대여서비스 사업,"취업률,성공,면접용",청년 구직자들의 구직활동 비용 경감 및 성공 면접 지원으로 취업률 제고,일자리,취업,"○ 대여품목 : 면접용 정장(재킷, 바지·스머트, 셔츠·블라우스, 넥타이) 및 구두
○ 대여기간 : 3박 4일(연 3회 가능)",경제정책국,경제정책국,상시,기타,,,계속사업,울산동구청년센터 문의(052-209-3487),-,,"○ 구비서류 : 신분증, 주민등록 등·초본 및 면접응시 증빙자료",-,https://www.instagram.com/p/DGLKY-izvBE/?img_index=1,https://www.donggu.ulsan.kr/cop/bbs/selectBoardArticle.do?bbsId=BBSMSTR_000000000323&nttId=189941,Y,18,39,제한없음,무관,,-,-,16,울산 동구,제한없음,제한없음,제한없음,,,제한없음
20240722005400200013,시설제공,울산 동구 청년 공공근로 일자리 창출사업,"공공근로,발굴로,청년사업",공공근로 사업의 전문성 위주 청년사업 발굴로 참여자의 역량 강화 및 이후 취업 과정에 경력으로 활용할 수 있도록 지원,일자리,취업,"○ 대상사업 : 공공시설관리, 환경정화사업 등 30여개 사업",울산광역시 동구 일자리정책과 일자리정책팀(052-209-4554),주관기관과 동일,마감,,,,"○ 사업기간 : '24. 3. ~ 11.(3단계 추진)
- 1단계 (3. 4. ~ 5. 31.), 2단계(6월 ~ 8월), 3단계(9월 ~ 12월)",-,-,,-,-,https://www.ulsan.go.kr/s/ulsanyouth/bbs/view.do?bbsId=BBS_0000000000000316&mId=008001001000000000&dataId=41492,,N,19,39,,,,-,-,5,울산 동구,제한없음,제한없음,제한없음,,,제한없음
20240722005400200012,정보제공,울산 동구 현장 중심 청년 일자리 박람회,"정보,일자리,조선업",지역맞춤형 일자리 발굴 및 정보 제공으로 지역 내 청년실업 감소효과 및 청년 친화 중소기업 및 강소기업에 대한 취업 정보 제공,일자리,취업,"○ 장 소 : 문수체육관(웅촌로 1342)

○ 채용인원 : 부스 11개(구인업체 10, 청년부스 1)

○ 채용분야 : 조선업, 제조업, 서비스업 등

○ 운영방법
- 구직자와 구인기업의 현장면접 등 만남의 장 마련
- 기업채용관(10개) 및 취업지원관(1개) 운영으로 취업정보 제공",울산광역시 동구 일자리정책과 일자리정책팀(052-209-4558),주관기관과 동일,마감,,,,○ 사업기간 : '24. 10월 중,-,-,,-,-,https://www.ulsan.go.kr/s/ulsanyouth/bbs/view.do?bbsId=BBS_0000000000000316&mId=008001001000000000&dataId=41494,,N,19,39,,,,-,-,6,울산 동구,제한없음,제한없음,제한없음,,,제한없음
20240722005400200011,현금지급,울산 동구 청년 창업 지원 사업,"창업,청년스테이지on,동구",창업을 준비하는 (예비)창업 청년을 발굴·지원하기 위해 청년창업가 발굴 및 육성 지원사업 「청년창업 Start UP!」참가자 모집,일자리,취업,"□ 교육 및 컨설팅 운영
 ○ [창업, 전문가에게 묻다] 특별 강연
  - 일시/장소: 2025년 6월 중 / 울산 동구 청년스테이지ON
  - 대상: 창업을 희망하는 청년 및 관심 있는 주민 50명 내외
  - 내용: 로컬창업 성공사례(1시간), 브랜딩 과 마케팅(1시간)
 ○ 창업 전문교육 및 컨설팅
  - 기간/장소: 2025년 6월 ~ 8월 / 울산 동구 청년센터 및 청년스테이지ON
  - 대상: 10명
  - 교육내용: 스프린트 프로그램 및 1:1 맞춤형 창업 컨설팅

□ 창업지금 지원
 ○ 선정시기: 2025년 9월 중
 ○ 선정인원: 2명
 ○ 선정기준: 교육수료(교육과정 80% 이상 이수), 프레젠테이션 심사
 ○ 지원금액: 1위 20,000천원, 2위 10,000천원",경제정책국,경제정책국,특정기간,특정기간,20250501,20251031,,이메일(alsgnz@korea.kr) 접수 또는 방문접수(근무시간 내),2025. 5. 30.(금) / 동구청 홈페이지 게시 및 개별통보,,"- 참가신청서, 사업계획서, 개인정보 수집·이용·제공 동의서, 주민등록초본
- 사실증명(사업자등록여부), 건강보험자격득실확인서, 국세·지방세 완납증명서
- 사업자등록증사본(기 창업자)",공고문 참고,,,N,19,39,,,,공고문 참고,공고문 참고,28,울산 동구,제한없음,"자영업자, (예비)창업자",제한없음,20250502,20250523,제한없음
20240722005400200043,커뮤니티,울산 동구 청년 맞춤형 프로그램 운영,"모임,활성화,6개",지역 내 청년들 커뮤니티 활성화로 청년활동 지원 및 청년의 자발적 활동여건 강화 및 사회참여 활성화 도모,복지문화,취약계층 및 금융지원,"○ 주요내용
- 청년 모임 발굴 및 활성화 프로그램 운영 지원
- 감정일기, 기후일기, 역사모임 등 청년 요구조사를 통한 5~6개 모임 구성",울산광역시 동구 일자리정책과 청년정책팀(052-209-3486),울산 동구 청년센터(052-209-3486),마감,,,,○ 사업기간 : '24. 3. ~ 12.,울산 동구 청년센터(052-209-3486) 문의,-,,-,-,https://www.ulsan.go.kr/s/ulsanyouth/bbs/view.do?bbsId=BBS_0000000000000316&mId=008001001000000000&dataId=41497,https://www.donggu.ulsan.kr/donggu/contents/contents.do?mId=7030400,N,18,39,,,,-,-,5,울산 동구,제한없음,제한없음,제한없음,,,제한없음
20240722005400200042,커뮤니티,울산 동구 취업 및 문화 특강 운영,"문화,특강,취업",지역 내 청년들에게 취업·문화 특강으로 경험과 기회 제공 및 다양한 분야의 청년 커뮤니티 형성,일자리,취업,"○ 주요내용
- 청년들의 수요에 맞는 취업·문화·예술 특강 진행
- 청년정책, 취업역량강화, 인생설계, 자산관리, 원데이 클래스 등",경제정책국,경제정책국,상시,기타,,,계속사업,"월별 프로그램 상이(인스타그램 참고)
신청 url을 통해 신청 부탁드립니다! :)",-,,-,-,https://www.instagram.com/,https://www.ulsan.go.kr/s/ulsanyouth/bbs/view.do?bbsId=BBS_0000000000000316&mId=008001001000000000&dataId=41498,N,18,39,제한없음,무관,,-,-,17,울산 동구,제한없음,제한없음,제한없음,,,제한없음
20240722005400200041,시설제공,울산 동구 청년문화예술 활성화 지원사업,"일산해수욕장,버스킹,관광",청년 문화예술의 활동증진을 통한 역량강화 및 동구 문화예술 진흥에 기여 및 일산해수욕장 관광 명소화 사업과 연계하여 관광 인프라 구축,복지문화,취약계층 및 금융지원,"○ 장 소 : 청년센터 거점공간 및 일산해수욕장 일대

○ 주요내용
- 청년 활동가 발굴 : 노래, 춤 등 문화예술 영역별 청년 활동가 발굴 및 활동 지원
- 청년 버스킹 창고 운영 : 앰프, 마이크, 조명, 무대장치 등 청년 버스킹 활동에 필요한 장비 대여",울산광역시 동구 일자리정책과 청년정책팀(052-209-3485),주관기관과 동일,마감,,,,○ 사업기간 : '24. 3. ~ 12.,-,-,,-,-,https://www.ulsan.go.kr/s/ulsanyouth/bbs/view.do?bbsId=BBS_0000000000000316&mId=008001001000000000&dataId=41499,,N,19,39,,,,-,-,6,울산 동구,제한없음,제한없음,제한없음,,,제한없음
20240722005400200040,교육,울산 동구 청년 생활문화동아리 지원,"프로그램,동아리,통하여",동아리 지원사업을 통하여 평생학습문화 확산 및 주민과 지역사회 모두 상생하는 학습공동체 형성,복지문화,취약계층 및 금융지원,"○ 사업내용 : 동아리 활동을 통하여 지역사회 환원을 위한 프로그램 운영 지원
- 학습동아리의 관내 봉사활동 프로그램
- 학습문화조성 프로그램
- 문학, 영화, 역사, 문화예술 프로그램
- 자연생태 및 환경의식 고취 프로그램 등",울산광역시 동구 교육지원과 평생교육팀(052-209-3232),주관기관과 동일,마감,,,,-,-,-,,-,-,https://www.ulsan.go.kr/s/ulsanyouth/bbs/view.do?bbsId=BBS_0000000000000316&mId=008001001000000000&dataId=41500,,N,19,39,,,,-,"○ 지원제외대상
- 특정 정당, 특정 종교 목적으로 활동하는 동아리
- 사업비 일부 또는 전부를 소속기관으로부터 지원받는 동아리
- 직장 및 대학(교)소속의 인원으로 구성되어 있는 동아리
- 강좌를 함께 수강하는 것 이외의 자생적인 활동을 하지 않는 동아리 등",7,울산 동구,제한없음,제한없음,제한없음,,,제한없음
20240722005400200039,교육,울산 동구 청년 문화강좌 개설 및 운영,"개설,문화강좌,향상",다양한 분야의 문화강좌를 개설·운영하여 청년들의 문화예술에 대한 관심 및 이해를 향상 시키고 삶의 질 향상,복지문화,취약계층 및 금융지원,○ 사업내용 : 문화강좌 개설 및 운영 시 청년 참여 유도,울산광역시 동구 교육지원과 꽃바위문화담당팀(052-209-4332),주관기관과 동일,마감,,,,-,-,-,,-,-,https://www.ulsan.go.kr/s/ulsanyouth/bbs/view.do?bbsId=BBS_0000000000000316&mId=008001001000000000&dataId=41501,,N,18,39,,,,-,-,4,울산 동구,제한없음,제한없음,제한없음,,,제한없음
20240722005400200038,상담,울산 동구 청년 마음건강 사업,"정신건강,스크리닝,우울감","취업난에 따른 경제적 어려움, 고립감 등으로 인한 스트레스 및 우울감 해소",복지문화,취약계층 및 금융지원,"○ 주요내용
- 정신건강 캠페인 및 자살예방 교육
- 정신건강 스크리닝(검진) 및 상담 서비스 제공
- 자살 고위험군 등록 사례관리 및 정신건강 의료비(상담비)지원",울산광역시 동구 건강관리과 치매정신팀(052-209-6943),주관기관과 동일,마감,,,,○ 사업기간 : '24. 1. ~ 12.,-,-,,-,-,https://www.ulsan.go.kr/s/ulsanyouth/bbs/view.do?bbsId=BBS_0000000000000316&mId=008001001000000000&dataId=41503,,N,18,39,,,,-,-,7,울산 동구,제한없음,제한없음,제한없음,,,제한없음
20240722005400200020,교육,울산 동구 '나 함께 산다' 청년가구 지원사업,"생활,동구,소셜","사회초년생 및 1인가구의 안정적인 주거정착 유도, 청년 요구에 맞는 주거정책 추진 기반 마련",주거,주택 및 거주지,"○ 주요내용
- '의식주' 프로젝트 : 주거제약 기초교육, 소셜 다이닝, 셀프인테리어 등 주거 생활 교육 및 체험 프로그램 운영
- 청년주거생활 연구사업 : 동구 청년들의 정주여건 개선을 위한 청년주거, 생활, 복지 연구 및 네트워킹",욿산광역시 동구 일자리정책과 청년정책팀(052-209-3486),주관기관과 동일,마감,,,,○ 사업기간 : '24. 1. ~ 12.,-,-,,-,-,https://www.ulsan.go.kr/s/ulsanyouth/bbs/view.do?bbsId=BBS_0000000000000316&mId=008001001000000000&dataId=41502,,N,18,39,,,,-,-,9,울산 동구,제한없음,제한없음,제한없음,,,제한없음
20240722005400200037,상담,울산 동구 청년마음건강지원사업,"건강성,예방을,10회","청년의 심리정서 지원, 건강성 회복을 통한 삶의 질 향상과 심리적 문제 예방을 통한 건강한 사회구성원으로서의 역할 촉진",복지문화,취약계층 및 금융지원,"○ 내 용 : 3개월(10회)간 주 1회 전문심리상담 등 제공
※ 재판정을 통해 최대 12개월 지원",울산광역시 동구 복지지원과 복지정책팀(052-209-3392),주관기관과 동일,마감,,,,○ 사업기간 : '24. 1. ~ 12.,-,-,,-,-,https://www.ulsan.go.kr/s/ulsanyouth/bbs/view.do?bbsId=BBS_0000000000000316&mId=008001001000000000&dataId=41504,,N,19,34,,,,-,-,5,울산 동구,제한없음,제한없음,제한없음,,,제한없음
20240722005400200018,보증,울산 동구 청년노동자 공유주택 조성사업,"공유주택,임대,공급",동구 청년노동자들에게 수요 맞춤형 공유주택 임대·공급으로 청년 노동자들의 주거안정 및 청년인구 유입 도모,주거,주택 및 거주지,"○ 지원내용 : 임대보증금 및 임대료 일부 지원
○ 사업예산 : 고향사량기부금 지정기금
○ 공급유형 : 민·관 협약을 통한 임대형 공유주택 공급
○ 공급물량 : 2026년까지 오피스텔 57호 임대 공급",울산광역시 동구 건축주택과 주택허가팀(052-209-3792),주관기관과 동일,마감,,,,○ 기 간 : '23. ~ 계속사업,-,-,,-,-,https://www.ulsan.go.kr/s/ulsanyouth/bbs/view.do?bbsId=BBS_0000000000000316&mId=008001001000000000&dataId=41514,,N,18,39,,,,-,-,8,울산 동구,제한없음,재직자,제한없음,,,제한없음
20240722005400200048,프로그램,울산 동구청년정책위원회 운영,"사항,관한,시행계획의",청년정책 당사자인 청년 및 관련 전문가가 참여하여 동구 청년정책의 효과적인 추진으로 실효성 있는 청년정책 실현,참여권리,청년참여,"○ 구 성 : 11명(당연직 2, 위촉직 9)
* 위촉직 : 구의원 1, 전문가 4, 청년의원 4

○ 임 기 : 2년 / 1회 연임가능('23. 1. 25. ~ '25. 1. 24)

○ 주요역할 : 청년정책 심의 등
- 기본계획 및 시행계획의 수립과 변경에 관한 사항 
- 시행계획의 연도별 추진실적 점검 및 평가에 관한 사항
- 청년정책의 시행을 위한 관련 사업의 조정 및 협력에 관한 사항
- 그 밖에 청년정책에 관하여 필요하다고 인정되는 사항",울산광역시 동구 일자리정책과 청년정책팀(052-209-4557),주관기관과 동일,마감,,,,-,-,-,,-,-,https://www.ulsan.go.kr/s/ulsanyouth/bbs/view.do?bbsId=BBS_0000000000000316&mId=008001001000000000&dataId=41518,,N,19,39,,,,-,-,4,울산 동구,제한없음,제한없음,제한없음,,,제한없음
20240722005400200032,채용,울산 동구 청년의 날 기념행사 운영,"청년의,청년,부스운영",청년주도 청년의 날 기념행사를 통해 청년 참여의 기회 확대 및 다양한 청년들의 목소리를 지역과 소통하여 청년 문제 해소에 기여,복지문화,취약계층 및 금융지원,"○ 장 소 : 일산해수욕장 일원
○ 주요행사
- 청년의 날 기념식 : 축사, 유공자 표창, 상징의식 등
- 청년일자리박람회 : 구인·구직 및 취업지원 부스운영
- 청년 Stage(무대) : 청년 문화예술 공연 및 야외강연회 등
- 청년의 거리 조성 : 청년 프리마켓, 정책 및 활동 전시 등
- 청년라운드테이블 : 청년정책 제안 및 간담회 등",울산광역시 동구 일자리정책과 청년정책팀(052-209-3485),주관기관과 동일,마감,,,,○ 사업기간 : '24. 9월 중,-,-,,-,-,https://www.ulsan.go.kr/s/ulsanyouth/bbs/view.do?bbsId=BBS_0000000000000316&mId=008001001000000000&dataId=41519,,N,19,39,,,,-,-,6,울산 동구,제한없음,제한없음,제한없음,,,제한없음
20240722005400200027,시설제공,울산 동구 청년센터 운영,"00,35,동구",지역 청년 활동지원을 통한 청년 취·창업 거점센터 구축,복지문화,취약계층 및 금융지원,"○ 위치 : 동구 명덕 5길 6(서부동, 리얼소통발전소 3층)

○ 시설규모 : 130.7㎡ (사무실 44.35㎡ , 청년인큐베이터 86.35㎡ )

○ 운영시간 : 월, 토 10:00 ~ 18:00 / 화~ 금 10:00 ~ 21:00
* 휴무일 : 일, 공휴일○ 운영인력 : 3명(센터장 1, 팀원 2)

○ 기능
- 청년정책지원 : 청년정책연구 플랫폼, 청년정책안내, 정책의제 발굴
- 청년활동지원 : 커뮤니티 활성화, 아이디어 공모, 네트워크 구축
- 청년성장지원 : 청년창업지원, 경험설계, 직업탐방프로그램 운영 등",울산광역시 동구 일자리정책과 청년정책팀(052-209-3485),울산동구청년센터(052-209-3486),마감,,,,-,-,-,,-,-,https://www.ulsan.go.kr/s/ulsanyouth/bbs/view.do?bbsId=BBS_0000000000000316&mId=008001001000000000&dataId=41520,https://www.instagram.com/ulsanyouth_dong9,N,19,39,,,,-,-,11,울산 동구,제한없음,제한없음,제한없음,,,제한없음
20240722005400200009,기타,울산 중구 청년 면접정장 무료대여 '디딤돌 옷드림',"재킷,바지,증가와",청년 실업률 증가와 장기간 취업준비에 따른 경제적 부담 경감,일자리,취업,"○ 대여기간 : 3박 4일(연 4회)

○ 대여품목
- 남자 : 재킷, 바지, 셔츠, 넥타이
- 여자 : 재킷, 바지, 치마, 블라우스",울산광역시 중구청 정책사업단(052-290-8323),주관기관과 동일,마감,,,,-,"○ 대여방법 : 누리집 본인인증 후 신청, 현장방문 대여 및 반납",-,https://www.junggu.ulsan.kr/suit/,"○ 구비서류 : 신분증, 주민등록 등·초본, 면접응시 증빙자료",-,https://www.junggu.ulsan.kr/suit/intro/info.jsp,https://www.ulsan.go.kr/s/ulsanyouth/bbs/view.do?bbsId=BBS_0000000000000316&mId=008001001000000000&dataId=41549,N,19,39,,,,-,-,5,울산 중구,제한없음,제한없음,제한없음,,,제한없음
20240722005400200002,교육,울산 중구 청년 창업지원을 위한 '청년디딤터' 운영,"청년기업,4인실,71",청년창업가들의 창업정착 지원을 통한 청년일자리 창출 도모,일자리,취업,"○ 위 치 : 학성로 95-6

○ 규 모 : 지하 1층, 지상 4층(연면적 427.71㎡)

○ 주요시설 : 공유주방, 강의실, 회의실, 청년기업 입주 사무실 등

○ 사업내용 : 청년기업 창업 지원 및 청년 협력 공간 제공
※ 입주기업 : 6개사(2인실 4개, 4인실 2개)

○ 위탁기관 : (재)울산창조경제혁신센터
※ 위탁기간 : '22. 7. ~ '24. 6.(2년간)",중구청 정책사업단(052-290-8322),(재)울산창조경제혁신센터·울산 중구 청년디딤터(052-211-1030),마감,,,,-,-,-,https://www.didimter.or.kr/,-,-,https://www.ulsan.go.kr/s/ulsanyouth/bbs/view.do?bbsId=BBS_0000000000000316&mId=008001001000000000&dataId=41551,,N,19,39,,,,-,-,6,울산 중구,제한없음,"자영업자, (예비)창업자",제한없음,,,제한없음
20240722005400200026,프로그램,울산 중구 청년예술제 개최,"개최,법정,원도심",법정 기념일인 '청년의 날'을 기념하여 청년예술제 개최,복지문화,취약계층 및 금융지원,"○ 개최시기 : 청년의 날(매년 9월 셋째주 토요일) 주간
○ 장 소 : 청년디딤터 및 원도심 일원
○ 주요내용 : 청년정책 전시 및 제안 창구 운영, 청년예술팀 공연 등",울산광역시 중구 정책사업단(052-290-8322),주관기관과 동일,마감,,,,-,-,-,,-,-,https://www.ulsan.go.kr/s/ulsanyouth/bbs/view.do?bbsId=BBS_0000000000000316&mId=008001001000000000&dataId=41556,,N,19,39,,,,-,-,4,울산 중구,제한없음,제한없음,제한없음,,,제한없음
20240722005400200008,교육,울산 중구 분야별·직종별 취업 역량강화 교육,"취업,분야별,구직활동",구직자 대상 분야별·직종별 맞춤형 취업 전력 제공 및 직무교육으로 구직활동 적극 지원,일자리,취업,"○ 강 사 : 취업 전문강사 또는 분야별 전문가
○ 장 소 : 중회의실 또는 대회의실
○ 주요내용 : 일자리별 특성화 자격증 소개 및 취득, 취업 방법 교육 연령별 맞춤형 취업 특강 및 구직활동 지원",울산광역시 중구 일자리정책과(052-290-3597),주관기관과 동일,마감,,,,○ 사업기간 : '24. 3. ~ 10.,-,-,,-,-,https://www.ulsan.go.kr/s/ulsanyouth/bbs/view.do?bbsId=BBS_0000000000000316&mId=008001001000000000&dataId=41553,,N,19,39,,,,-,-,5,울산 중구,제한없음,제한없음,제한없음,,,제한없음
20240722005400200017,현금지급,울산 중구 청년 주거상담소 지정 운영,"임차인의,월차임,중개",우리구에 거주· 생활 또는 전입 예정인 청년들의 경제적 부담 경감을 위한 공인중개사의 주거상담 및 중개보수 감면을 지원,주거,주택 및 거주지,"○ 지원금액 : 전·월세 환산보증금(보증금+(월차임*100)) 7,000만원 이하 주택 임대차 계약 시 임차인의 중개 수수료 50% 감면",울산광역시 중구청 민원지적과(052-290-3485),주관기관과 동일,마감,,,,"○ 사업기간 : '24. 1. ~ 12.
※ 2019년 중구지회 협약에 따른 연장","○ 참여방법 : 재능기부 참여한 공인중개사 문의 후 신청
※참여 중개업소 목록 : 울산광역시 중구 홈페이지 참고",-,https://www.junggu.ulsan.kr/index.ulsan?menuCd=DOM_000000301005013000,-,-,https://www.ulsan.go.kr/s/ulsanyouth/bbs/view.do?bbsId=BBS_0000000000000316&mId=008001001000000000&dataId=41559,,N,18,34,,,,-,-,10,울산 중구,제한없음,제한없음,제한없음,,,제한없음
20240722005400200047,교육,울산 중구 청년정책 민·관 협력 활성화,"청년정책,청년정책협의체,제안","청년이 살고 싶고, 놀고 싶고, 일하고 싶은 중구 구현",참여권리,청년참여,"○ 청년정책위원회 운영
- 구성인원 : 20명(당연직 4명, 위촉직 16명 / 청년정책협의체 청년 3명)
- 주요역할 : 청년정책 제안 및 심의, 기본 계획 심의 등
- 내 용 : 시행계획 심의(2월) 및 청년정책 제안(12월) 등

○ 청년정책협의체 운영
- 구성인원 : 30명(경제·사회 10명, 교육·복지 9명, 문화·예술 11명)
- 주요역할 : 청년문제 발굴, 청년정책 제안 및 의견수렴 등
- 내 용 : 청년정책 과제 발굴, 토론을 통한 청년정책 제안 등

○ 청년정책협의체 역량강화사업 지원
- 대 상 : 청년정책협의체 회원 및 지역 청년
- 내 용 : 청년정책 등에 대한 전문 교육으로 회원 역량 강화",울산광역시 중구청 정책사업단(052-290-8322),주관기관과 동일,마감,,,,-,-,-,,-,-,https://www.ulsan.go.kr/s/ulsanyouth/bbs/view.do?bbsId=BBS_0000000000000316&mId=008001001000000000&dataId=41564,,N,19,39,,,,-,-,7,울산 중구,제한없음,제한없음,제한없음,,,제한없음
20240722005400200029,현금지급,울산 중구 청년 신체·마음 건강서비스,"청년,지원기간,34세",복지사각지대에 있는 청년에게 신체적·정신적 맞춤형 서비스 제공 및 자신감 회복으로 사회정착 지원,복지문화,취약계층 및 금융지원,"○ 청년 신체건강 증진 서비스
- 지원대상 : 19세 ~ 34세 청년(소득 제한없음)
- 선정기준 : BMI 지수 23이상 18.5 미만
- 지원기간 : 3개월, 1회에 한해 지이용 가능
- 지원내용 : 비만 또는 허약한 청년 대상 맞춤형 운동처방 등

○ 청년 마음건강 지원사업
- 지원대상 : 19세 ~ 34세 청년(소득제한없음)
- 지원기간 : 3개월, 재판정 통해 최대 12개월 지원
- 지원금액 : A형 60,000원 B형 70,000원(회당)
- 지원내용 : 심리정서 지원 및 심리적 문제 예방 등 상담 지원",울산광역시 중구청 복지지원과(052-290-4492),주관기관과 동일,마감,,,,-,-,-,,-,-,https://www.ulsan.go.kr/s/ulsanyouth/bbs/view.do?bbsId=BBS_0000000000000316&mId=008001001000000000&dataId=41567,,N,19,34,,,,-,-,23,울산 중구,제한없음,제한없음,제한없음,,,제한없음
20240717005400200058,교육,울산 남구 청년 테마특강 운영,"역량개발,청년들의,자유롭게",역량개발 및 필요정보 습득을 위해 특강에 대한 청년들의 교육수요,"주거, 복지문화","주택 및 거주지,예술인지원","□ 운영 : 연 4회(분기별 1회)
□ 주요내용
- 청년들의 니즈(needs)를 반영한 다양한 주제의 특강 운영으로, 청년들의 역량개발 및 필요 정보제공 지
- 청년들이 자유롭게 소통·교류할 수 있는 기회 및 공간 제공",울산광역시 남구 일자리정책과 청년정책팀,주관기관과 동일,마감,,,,-,-,-,,-,-,https://www.ulsan.go.kr/s/ulsanyouth/bbs/view.do?bbsId=BBS_0000000000000316&mId=008001001000000000&dataId=41574,,N,19,39,,,,-,-,6,울산 남구,제한없음,제한없음,제한없음,,,제한없음
20240717005400200024,기타,울산 남구 청년 자격시험 응시료 지원사업,"응시료,남구에,자부담",청년들의 취업역량개발과 구직활동 촉진을 위한 실질적인 지원 필요,일자리,"취업,재직자","□ 기간 : '24. 3. ~ 12.
□ 대상 : 울산 남구에 6개월 이상 거주한 19세 ~ 39세 청년 
□ 주요내용 : 어학 및 자격증 시험 응시료 지원(최대 10만원, 청년 자부담 20% 포함)",울산광역시 남구 일자리정책과 일자리정책팀,주관기관과 동일,마감,,,,-,□ 문의 : 울산광역시 남구 일자리정책과 일자리정책팀(052-226-3122),-,,-,-,https://www.ulsan.go.kr/s/ulsanyouth/bbs/view.do?bbsId=BBS_0000000000000316&mId=008001001000000000&dataId=41571,,N,19,39,,,,-,-,9,울산 남구,제한없음,제한없음,제한없음,,,제한없음
20240717005400200066,커뮤니티,울산 남구 MZ세대와 함께하는 새마을운동 지원,"새마을운동,소통과,시대",MZ세대와 적극적인 소통과 시대 흐름에 맞는 새마을운동 전개 필요,참여권리,"청년참여,청년국제교류","□ 주요내용 : 만남·교류의 장 제공(워크숍), 합동 봉사활동 추진 등",울산광역시 남구 주민자치과 자치행정팀,주관기관과 동일,마감,,,,2024년 연중 ※ 대학교 방학시즌 등,-,-,,-,-,https://www.ulsan.go.kr/s/ulsanyouth/bbs/view.do?bbsId=BBS_0000000000000316&mId=008001001000000000&dataId=41579,,N,19,39,,,,-,-,8,울산 남구,제한없음,제한없음,제한없음,,,제한없음
20240717005400200051,시설제공,울산 남구 문화예술창작촌 운영,"장생포고래로,00,131",청년들이 자유롭게 소통·교류하면서 문화예술 활동이 가능한 공간 조성으로 청년의 문화향유 기회 확대,복지문화,"건강,예술인지원","□ 장생포 아트스테이
- 소재지 : 장생포고래로 139번길 5-15
- 운영시간 : 화 ~ 일 09:00 ~ 18:00(매주 월, 공휴일 휴무)
- 주요활동 : 예술가 레지던시(7명), 원데이클래스, 전시·공연, 북카페 등

□ 창작스튜디오 장생포고래로 131
- 소재지 : 장생포고래로 131
- 운영시간 : 화 ~ 일 09:00 ~ 18:00(매주 월, 공휴일 휴무)
- 주요활동 : 예술가 레지던시(3명), 작품전시",울산광역시 남구 문화예술과,주관기관과 동일,마감,,,,-,-,-,,-,-,https://www.ulsan.go.kr/s/ulsanyouth/bbs/view.do?bbsId=BBS_0000000000000316&mId=008001001000000000&dataId=4158,https://www.uwcf.or.kr/namguart/index_main,N,19,39,,,,-,-,5,울산 남구,제한없음,제한없음,제한없음,,,제한없음
20240717005400200029,커뮤니티,울산 남구 장생포문화창고 신진작가 전시 개최,"개최,지역,문화향유",예술트렌드를 선도하는 청년작가의 실험적이고 창의적인 전시전 개최 지원으로 지역 청년과의 교류 및 문화향유 기회 확대,"일자리, 복지문화","재직자,문화활동","□ 장소 : 청년장생포문화창고 갤러리B 3층, 갤러리C 4층
□ 주요내용 : 청년작가 및 지역 신진작가 초청하여 다양한 테마의 기획전시 운영",울산광역시 남구 문화예술과,장생포문화창고,마감,,,,2024. 3. ~ 2024. 9.,-,-,,-,-,https://www.ulsan.go.kr/s/ulsanyouth/bbs/view.do?bbsId=BBS_0000000000000316&mId=008001001000000000&dataId=41581,https://www.uwcf.or.kr/jspculturedepot/index_main,N,19,39,,,,-,-,3,울산 남구,제한없음,제한없음,제한없음,,,제한없음
20240717005400200021,기타,울산 남구 청년창업가 사회환원 사업,"청년창업가,통한,바자회를",청년창업가를 사회 환원사업을 통한 지역사회에 공헌 및 청년창업가의 대외 이미지 제고를 위한 바자회를 통한 홍보,일자리,"재직자,창업","□ 사업개요
- 청년기업 제품을 우선 구매 및 홍보지원을 통한 청년창업가 지원
- 원데이클래스, 바자회를 통한 청년 창업가 판로 지원 

□ 추진계획
- 예비청년 창업가의 원데이클래스를 통한 제품 제작 및 취약 계층에 제공
- 청년창업가 봉사활동 및 바자회 개최를 통한 수익 기부",울산광역시 남구 일자리정책과 일자리정책팀,주관기관과 동일,마감,,,,-,-,-,,-,-,https://www.ulsan.go.kr/s/ulsanyouth/bbs/view.do?bbsId=BBS_0000000000000316&mId=008001001000000000&dataId=41588,,N,19,39,,,,-,-,4,울산 남구,제한없음,제한없음,제한없음,,,제한없음
20240717005400200020,시설제공,울산 남구 스타트업 창의차고 운영,"안정적인,남구,공유공간",청년창업기업에 안정적인 사업수행공간을 제공하여 성장기회 확대,일자리,"취업,재직자","□ 장소 : 울산광역시 남구 무거동 정광로 8(삼호동 공영주차장 1층)
□ 주요시설 : 입주공간 5실(37㎡~70㎡), 공유공간 1실(25㎡)
□ 내용
(모집) 입주기업 공개모집 후 입주심사
(관리) 주기적 사업수행 점검으로 제품개선 유도
(지원) 공간제공, 입주자 협의체 운영 등으로 안정적인 자립기반 마련",울산광역시 남구 일자리정책과 일자리정책팀,주관기관과 동일,마감,,,,-,□ 문의 : 울산광역시 남구청 일자리정책과(☎226-3273),-,,-,-,https://www.ulsannamgu.go.kr/namgujob/contents/jobfacility/startup_info.do,https://www.ulsan.go.kr/s/ulsanyouth/bbs/view.do?bbsId=BBS_0000000000000316&mId=008001001000000000&dataId=41591,N,19,39,,,,-,-,4,울산 남구,제한없음,"자영업자, (예비)창업자",제한없음,,,제한없음
20240717005400200018,상담,울산 남구 청년일자리카페 운영,"00,1실,취업역량강화",맞춤형 컨설팅 및 취업역량강화 프로그램 운영을 통한 청년 취업률 제고,일자리,"취업,재직자","□ 운영 : 월 ~ 금 10:00  ~ 20:00, 토 10:00 ~ 18:00(3월 ~ 10월)
□ 장소 : 남구 대학로, 130, 2층(무거동)
□ 주요시설 : 스터디룸 4실, 화상면접 1실, 다목적실 1실, 코워킹스페이스 등
□ 운영내용 : 취업역량강화 프로그램 운영 및 취업지원 공간대여",울산광역시 남구 일자리정책과 청년정책팀,울산광역시 남구 청년일자리카페,마감,,,,2024. 1. ~ 12,-,□ 문의 : 울산광역시 남구 청년일자리카페(052-260-2702),,-,-,https://www.ulsan.go.kr/s/ulsanyouth/bbs/view.do?bbsId=BBS_0000000000000316&mId=008001001000000000&dataId=41606,https://www.ulsannamgu.go.kr/namgujob/contents/jobfacility/cafe_info.do,N,19,39,,,,-,-,3,울산 남구,제한없음,제한없음,제한없음,,,제한없음
20240717005400200026,상담,울산 남구 청카 취업스터디 '시너지업',"스터디,맞춤,1단계",스터디 활동을 통해 채용정보 및 학습방법 등을 효과적으로 공유,일자리,"취업,재직자","□ 스터디 맞춤 프로그램 운영 : 취업전문강사 전담 스터디 맞춤 컨설팅!!
○ 프로그램 내용 : 스터디 맞춤 컨설팅
- 1단계 취준전략 → 2단계 서류정복 → 3단계 면접정복 → 4단계 취업정복
○ 운영일정
- 인사·경영, 금융, 공기업NCS 스터디 > 2월 진행(1월 참여자 모집)
- 자동차산업군, 반도체·화학 스터디 > 8월 진행(7월 참여자 모집)
○ 운영시간 : 1단계 2시간x4단계(스터디별 8시간 운영)
○ 모집인원 : 그룹별 스터디 5명~10명 모집",울산광역시 남구 일자리정책과 청년정책팀,울산광역시 남구 청년일자리카페,마감,,,,2024. 1. ~ 12.,"□ 신청방법: 전화 및 방문신청, QR코드, 인스타(ulsanjobcafe) 링크트리
□ 문의전화: 052-260-2700
□ 기관위치: 남구 대학로 130, 2층(울대 후문 농협 문수지점 2층)",-,,-,-,https://www.ulsannamgu.go.kr/namgujob/board/namgu/view.do?nttId=3851&pageIndex=3,https://www.ulsan.go.kr/s/ulsanyouth/bbs/view.do?bbsId=BBS_0000000000000316&mId=008001001000000000&dataId=41607,N,19,39,,,,-,-,11,울산 남구,제한없음,미취업자,제한없음,,,제한없음
20240717005400200025,교육,울산 남구 청년 멘토단 운영,"멘토단,선배,남구",취업 선배 멘토의 노하우 전수를 통한 성공 취업 도모,일자리,"취업,재직자","□ 장소 : 남구 대학로 130, 2층(무거동) 청년일자리카페
□ 지원내용
- 청년일자리카페를 통해 취업한 선배 중 공기업·사기업 멘토단 구성
- 청년 멘토단 네트워크 구축 : 멘토단 대상 간담회, 역량강화 교육 등",울산광역시 남구 일자리정책과 청년정책팀,울산광역시 남구 청년일자리카페,마감,,,,2024. 1. ~ 12.,□ 문의 : 울산광역시 남구 청년일자리카페(052-260-2702),-,,-,-,https://www.ulsannamgu.go.kr/namgujob/main.do,,N,19,39,,,,-,-,4,울산 남구,제한없음,제한없음,제한없음,,,제한없음
20240717005400200015,교육,청년 창업점포 운영,"창업,인테리어,장려",청년 창업 도전 장려 및 지역경제 활성화,일자리,"재직자,창업","빈 점포를 활용하여 청년 창업 운영 지원
보증금, 임차료, 인테리어, 교육, 홍보 지원 등",은평구청 사회적경제과 청년지원팀,,마감,,,,2024.01.01.~2024.12.31.,은평구청 홈페이지>고시공고> 신청서 다운 및 이메일 접수(638679@ep.go.kr),은평구청 홈페이지 (http://www.ep.go.kr)에 공고,,"제출 서류	
 - 참가신청서 및 사업계획서 1부
 - 개인정보 수집, 이용 제공 동의서
 - 신분증 사본 1부
 - 사업 소개를 위한 ppt 자료 1부
 - 개인신용평가등급 확인서 1부
 - (해당자) 창업 업종과 관련 있는 자격증 증빙서류 사본 1부
 - 창업교육 이수증",-,https://www.ep.go.kr,,N,19,39,,,,-,서울창업카페 은평불광점 창업 교육 미이수자 등,5,서울 은평구,제한없음,(예비)창업자,제한없음,,,중소기업
20240717005400200007,교육,공직체험 인턴십,"인턴십,공공분야,이해도","공직에 관심있는 관내 청년을 대상으로 공직체험 인턴십 사업 운영, 구정에 대한 이해도 제고 및 공공분야 취업역량 강화 기회 제공",일자리,"취업,재직자",공직 체험 및 직무역량강화 교육 제공,은평구청 사회적경제과 청년지원팀,,마감,,,,2024.03.~09.,-,-,,-,-,https://www.ep.go.kr,,N,19,39,,,,-,대학교 재학생,23,서울 은평구,제한없음,미취업자,제한없음,,,제한없음
20240717005400200014,채용,청년일자리창출사업,"청년에,일경험,경험","지역기반 사회적기업, 협동조합, 비영리단체 등 일자리 발굴 및 청년에 일경험 제공",일자리,재직자,일 경험 및 취업역량 강화,은평구청 사회적경제과 청년지원팀,,마감,,,,2024.01.01.~2024.12.31.,-,-,,"신청서, 정보제공동의서 등",-,https://www.ep.go.kr,,N,19,39,,,,-,추후 사업공고문 참고,8,서울 은평구,제한없음,미취업자,제한없음,,,제한없음
20240717005400200006,시설제공,맞춤형 공공원룸주택 (창업인의 집),"청년창업인의,월임대료,29",(예비)창업자 주거 및 사무공간 지원,일자리,"재직자,창업","입주자격부여(최대10년) 및 네트워크 지원
주거 및 사무공간 제공 
1) 청년창업인의 집 1호점 : 14세대, 전용면적 29.12㎡~51.65㎡ / 임대보증금 10,170천원 ~ 29,080천원/월임대료 132,500원 ~378,900원 
2) 청년창업인의 집 2호점 : 18세대, 전용면적 24.28㎡~36.45㎡ / 임대보증금 8,100천원 ~ 20,250천원/월임대료 105,500원 ~ 263,800원 
* 최초임대기간 2년(자격요건 충족 시 2회에 한하여 연장 가능, 최장 6년)",은평구청 사회적경제과 청년지원팀,,마감,,,,2024.01.01.~2024.12.31.,은평구청 홈페이지>고시공고 클릭>청년 창업인의 집 검색>신청서 다운 및 이메일 접수,은평구청 홈페이지 (http://www.ep.go.kr)에 공고,,"공통 
 - 입주신청서 1부
 - 사업계획서 1부
 - 금융정보제공 동의서 1부
 - 개인정보제공 및 신용정보조회 동의서 1부 
 - 주민등록등본 1부 (주민등록번호 및 세대주 관계 모두 표시)
 - 가족관계증명서 1부 (주민등록번호 모두 표시)
이외 추가서류 상이함으로 공고문 확인 필요",-,https://www.ep.go.kr/,,N,19,39,,,,-,-,15,서울 은평구,제한없음,(예비)창업자,제한없음,,,제한없음
20240717005400200013,상담,서울 청년센터 은평 운영,"정보제공,청년활동,시행","종합상담지원, 정보제공, 네트워크 관계망 지원, 청년 맞춤형 자율사업 시행 등 청년활동 지원",일자리,"취업,재직자","종합상담지원, 청년정책 정보제공, 공간대관 등",은평구청 사회적경제과 청년지원팀,은평구,마감,,,,2024.01.01.~2024.12.31.,프로그램별 상이,별도 일정 공지,https://blog.naver.com/sycep,-,문의: 02-351-3711,,,N,19,39,,,,-,-,5,서울 은평구,제한없음,제한없음,제한없음,,,제한없음
20240717005400200012,기타,울산 남구 청년 면접정장 대여사업(행복드림수트),"면접정장,장기간,위함",청년들의 장기간 취업준비로 인한 경제적 부담을 경감하고 구직활동을 촉진하여 취업 성공을 지원하기 위함,일자리,"취업,재직자","□ 대여기간: 1회 3박 4일, 1인 연 3회 대여가능
□ 대여품목: 면접정장+구두",울산광역시 일자리정책과 청년정책팀,울산광역시 남구 청년일자리카페,마감,,,,2024. 1. 1. ~ 12. 31. (※ 예산 소진시 마감),"□ 신청방법
① 남구 청년일자리카페 방문 → 신청서 작성 및 서류 접수 → 대여일 예약
- 준비서류: 신분증 또는 초본(남구 거주 확인용), 면접 증빙서류(톡, 문자, 메일 등)
② 살로토 울산점 방문
예약일에 대여업체 방문(접수증 지참) → 사이즈 측정 및 수선 → 정장대여
▶정장반납(살로토 울산점) → 3박 4일 대여 후 방문 반납

□ 남구 청년일자리카페
- 위치: 남구 대학로 130, 2층 (울산대학교 후문 농협문수지점 2층)
- 문의: 052-260-2700
- 운영시간: 월~금 09:00~20:00

□ 살로토 울산점
- 위치: 남구 월평로 213(삼산동, 남구청 인근)
- 문의: 052-266-5852
- 운영시간: 월~토 11:00~20:00 / 일 11:00~19:00 / 휴일: 화요일",-,,-,-,https://www.ulsannamgu.go.kr/namgujob/board/namgu/view.do?nttId=3833&pageIndex=3,https://www.ulsan.go.kr/s/ulsanyouth/bbs/view.do?bbsId=BBS_0000000000000316&mId=008001001000000000&dataId=41610,N,19,39,,,,-,-,8,울산 남구,제한없음,제한없음,제한없음,,,제한없음
20240717005400200010,상담,울산 남구 취업역량강화 프로그램 운영,"00,특강,남구","취업교육과 특강, 개인 맞춤형 취업상담을 통해 취업역량 강화",일자리,"취업,재직자","□ 운영시간 : 월 ~ 금 10:00 ~ 20:00, 토 10:00 ~ 18:00(3 ~ 10월)
□ 장소 : 남구 대학로 130, 2층(무거동)
□ 운영내용
- (1:1 취업맞춤 컨설팅) 자기소개서, 진로취업, 면접컨설팅
- (상시) 기업·직무분석(위포트 취업핵심분석) 서비스, 화상면접 공간 및 장비지원, 오픈컨설팅, 취업스터디
- (단기특강) 공채시즌 특강, 직무탐색, 실전면접, 1일면접 완성, 청년정책 특강, 취미, 선배 멘토링＆취업토크콘서트",울산광역시 남구 일자리정책과 청년정책팀,울산광역시 남구 청년일자리카페,마감,,,,2024. 1. ~ 12.,-,-,,-,-,https://www.ulsan.go.kr/s/ulsanyouth/bbs/view.do?bbsId=BBS_0000000000000316&mId=008001001000000000&dataId=41612,https://www.ulsannamgu.go.kr/namgujob/contents/education/academy.do,N,19,39,,,,-,-,13,울산 남구,제한없음,제한없음,제한없음,,,제한없음
20240717005400200009,채용,울산 남구 1사 1청년 채용사업,"1청년,남구,청년구직자의",관내 우수기업과 청년구직자의 맞춤형 취업연계를 통한 청년일자리 창출 기여 및 지역경제 활성화,"일자리, 교육","취업,미래역량강화,재직자","□ 사업내용 : 남구 중소기업협의회와 MOU체결, 1사 1청년 취업 연계",울산광역시 남구 일자리정책과 청년정책팀,주관기관과 동일,마감,,,,2024. 3. ~ 12,-,-,,-,-,https://www.ulsan.go.kr/s/ulsanyouth/bbs/view.do?bbsId=BBS_0000000000000316&mId=008001001000000000&dataId=41613,,N,19,39,,,,-,-,4,울산 남구,제한없음,제한없음,제한없음,,,제한없음
20240717005400200061,교육,울산 남구 청년정책위원회 운영,"6명,부위원장,위원장",청년문제의 사회적 공감대 형성을 위한 청년정책 거버넌스 기반 마련,참여권리,"정책인프라구축,청년국제교류","□ 구 성 : 17명
- 당연직(6명) : 부구청장(위원장), 경제문화국장(부위원장), 복지교육국장, 남구보건소장,  기획예산실장, 일자리정책과장 
- 위촉직(11명) : 남구의원 1명, 전문가 7명, 청년정책협의체 3명
□ 임 기 : 2년(1회 연임 가능)
□ 기 능 : 청년정책에 관한 자문 및 심의",울산광역시 남구 일자리정책과 청년정책팀,주관기관과 동일,마감,,,,-,-,-,,-,-,https://www.ulsannamgu.go.kr/fieldInfo/youthPolicy02.jsp,https://www.ulsan.go.kr/s/ulsanyouth/bbs/view.do?bbsId=BBS_0000000000000316&mId=008001001000000000&dataId=41617,N,19,39,,,,-,-,5,울산 남구,제한없음,제한없음,제한없음,,,제한없음
20240717005400100001,상담,대한체육회 운동선수 진로지원센터,"운동선수,스포츠,진로상담","전문 운동선수 및 선수 경력자들의 전반적인 생애진로를 지원하는 상담, 멘토링, 진로역량교육 등  진로지원서비스",일자리,"취업,재직자","- 진로상담 : 1:1 진로상담 및 취업계획 수립, 유관기관 교육 및 취업관련 정보제공
- 진로역량교육 : 스포츠 분야 진로교육, 구직기술 등 기초역량교육
- 멘토링 : 경력전환에 성공한 멘토들과 분야별 커뮤니티 구성 및 학습기회 제공
- 청소년선수 진로교육 : 운동선수 진로 및 경력개발의 중요성, 스포츠 관련 직업 및 창업 등",문화체육관광부,문화체육관광부,마감,,,,,,,https://welfare.sports.or.kr/center/location.do,,문의: 1588-3011,https://welfare.sports.or.kr,,N,19,39,,,,,,13,전국,제한없음,제한없음,제한없음,,,제한없음
20240717005400200062,기타,울산 남구 청년정책 설문조사,"청년정책,설문조사,정책을",청년 맞춤형 정책을 수립하여 청년이 공감할 수 있는 청년정책 수립,참여권리,"정책인프라구축,청년국제교류","□ 기 간 : 2024. 5. ~ 6.(예정)
□ 방 법 : 오프라인(설문조사지) 및 온라인(구 홈페이지, 인스타그램)",울산광역시 남구 일자리정책과 청년정책팀,주관기관과 동일,마감,,,,-,-,-,,-,-,https://www.ulsan.go.kr/s/ulsanyouth/bbs/view.do?bbsId=BBS_0000000000000316&mId=008001001000000000&dataId=41624,,N,19,39,,,,-,-,5,울산 남구,제한없음,제한없음,제한없음,,,제한없음
20240717005400200030,기타,수원 전입청년 단기 숙소 '새빛호스텔',"전입청년,숙소,거주기간",수원시 전입 예정 청년의 자립 기반 마련 및 거주 부담 완화에 도움,주거,"주택 및 거주지,전월세 및 주거급여 지원","□ 거주기간 : 1개월 ~ 최대 3개월
□ 숙소장소 : 수원유스호스텔 본관동 3층 10개실",수원시 청년지원센터 청년기획팀,,마감,,,,,"□ 이메일 접수(sunwoo1983@syf.or.kr) 및 방문접수
 ※ 제출서류는 홈페이지 및 담당자 문의를 통해 반드시 확인","□ 선발방법: 우선 순위별 서류심사(증빙서류, 거리 등) 후 선착순 선정",,"□ 입주 신청서, 입주자격 기초조사서, 개인정보 수집 및 활용 동의서 각 1부, 입주자격 증빙서류(재직증명서, 취업 확인 증명서, 합격증, 재학증명서 등)",,https://www.swyouth.kr/?p=67&viewMode=view&reqIdx=202406291039171864,https://youth.gg.go.kr/gg/info/archive-policy-search-map.do?mode=view&arcNo=5254&pager.offset=0&pagerLimit=8&srArea=suwonv,N,19,39,,,,,,8,경기도 수원시,제한없음,재직자,제한없음,,,제한없음
20240717005400200041,현금지급,울산 남구 자립준비청년 자립수당 및 정착금 지원,"자립수당,정착금,보호종료","아동양육시설, 공동생활가정, 가정위탁 보호종료 5년 이내 자립 준비청년에게 자립수당 및 정착금 지원으로 보호종료 후 경제적 부담 완화",복지문화,"취약계층 및 금융지원,예술인지원","□ 지원내용
- 자립수당 : 매월 500천원 현금 지급
- 자립정착금 : 종료된 당해 연도 1인 10,000천원",울산광역시 남구 복지지원과 아동보호팀,주관기관과 동일,마감,,,,2024. 1. ~ 12.,-,-,,-,-,https://www.ulsan.go.kr/s/ulsanyouth/bbs/view.do?bbsId=BBS_0000000000000316&mId=008001001000000000&dataId=41636,,N,19,39,,,,-,-,7,울산 남구,제한없음,제한없음,제한없음,,,제한없음
20240716005400200005,기타,청년 면접 지원 사업(가평군),"대여비,메이크업,헤어","구직활동에 필요한 증명사진, 헤어·메이크업, 면접정장 대여비 지원",일자리,"취업,재직자","□ 지원내용 : 증명사진, 헤어·메이크업, 정장(상·하의, 셔츠, 블라우스, 넥타이, 구두 등) 대여비",가평군 일자리정책과 청년팀,,마감,,,,,□ 가평군 홈페이지(http://www.gp.go.kr) 신청서 다운로드 및 작성 > 증빙서류와 함께 일자리정책과(청년팀)로 직접 또는 이메일(kws1049@korea.kr) 제출,,,,,https://youth.gg.go.kr/gg/info/archive-policy-search-map.do?mode=view&arcNo=4298&pager.offset=0&pagerLimit=8&srArea=gapyeong,,N,19,39,,,,,,8,경기도 가평군,제한없음,제한없음,제한없음,,,제한없음
20240716005400200003,기타,울산 남구 키즈와 맘 청년몰 활성화 지원,"청년몰,활성화,상인",관내 청년들의 구직활동 및 경제적 부담 완화 및 지속적인 관심과 지원을 통한 지역경제 활성화,일자리,"재직자,창업","○ 장 소 : 신정평화시장 청년몰
○ 내 용 : 청년 상인 임차료 지원, 청년몰 판로개척 및 단골고객 확보",울산광역시 남구 경제정책과 지역경제팀,주관기관과 동일,마감,,,,2024. 1. ~ 12.,-,-,,-,-,https://www.ulsan.go.kr/s/ulsanyouth/bbs/view.do?bbsId=BBS_0000000000000316&mId=008001001000000000&dataId=41639,https://blog.naver.com/ulsan-namgu/222937239272,N,19,39,,,,-,-,3,울산 남구,제한없음,제한없음,제한없음,,,제한없음
20240716005400200027,상담,울산 남구 토닥토닥 청년 마음을 기울이다,"관리,연령별,정신건강에",정신건강에 어려움을 보이는 청년층에 대한 심리상담,복지문화,"건강,예술인지원","□ 지원내용
- 고위험군 등록 관리 및 맞춤형 통합정신건강서비스 제공
- 연령별·사례별 맞춤형 홍보 및 관리",울산광역시 남구 건강행복과 정신건강팀,,마감,,,,2024. 1. ~ 12.(연중),-,-,,-,-,https://www.ulsan.go.kr/s/ulsanyouth/bbs/view.do?mId=008001001000000000&bbsId=BBS_0000000000000316&dataId=41644,,N,19,39,,,,-,-,5,울산 남구,제한없음,제한없음,제한없음,,,제한없음
20240715005400200010,프로그램,인공지능(AI) 면접진단서비스 운영,"면접진단서비스,인공지능,ai","자기소개서 분석 서비스, 인공지능(AI) 면접진단서비스 제공",일자리,"재직자,창업","자기소개서 분석 서비스, 인공지능(AI) 면접진단서비스 제공",강북구 일자리청년과,강북구 청년일자리센터,마감,,,,2024. 3. ~ 12.,"(1) 강북구 청년일자리센터 네이버 페이지(https://naver.me/FrApODPa)에서 화상면접실 예약 후 현장에서 계정 신청

(2) 강북청년창업마루 홈페이지(https://gbmaru.com) 방문하여 카카오톡 챗봇을 통해 상담신청 후 계정 신청 또는 카카오톡에서 강북청년창업마루 채널 검색 후 채팅창을 통해 계정 신청",-,,-,"문 의: 
- 강북구 청년일자리센터(02-6227-3200)
- 강북청년창업마루(02-908-8238)",https://www.gangbuk.go.kr/portal/bbs/B0000145/view.do?menuNo=200081&nttId=120335,,N,19,39,,,,-,-,10,서울 강북구,제한없음,제한없음,제한없음,,,제한없음
20240715005400200003,상담,강북청년창업마루 운영,"예비,강북,서울청년센터",청년활동을 활성화하고 (예비)창업자를 위한 창업지원으로 청년 및 (예비)창업자들이 지속적으로 성장 할 수 있는 거점 공간 운영,일자리,"재직자,창업","○ 종합상담, 정보집적, 정책연계, 지역특화사업, 창업 입주공간 임대, 창업교육, 컨설팅, 지원 등
○ 지원 내 용
○ 서울청년센터 강북 + 강북창업지원센터

○ 서울청년센터 강북	
종합상담, 성인 이행기 청년 강북구 기관연계 1:1 상담
청년 지원정보 제공, 커뮤니티 지원, 청년혁신기업탐방
고립·은둔 청년지원, 청년 직무커뮤니티 지원 프로그램
청년 주거안정프로그램 운영 등

○ 강북창업지원센터
혁신 성장 청년, (예비)소상공인 지원 사업 등 창업지원 프로그램 운영
멘토링 및 역량강화 교육 운영
사업화자금 지원
센터 입주기업 관리",강북구청 일자리청년과,서울청년센터 강북,마감,,,,-,-,-,,-,"서울청년센터 강북 ☎02-908-8234~8
강북창업지원센터 ☎02-908-8245~7
강북구청 일자리청년과 ☎02-901-2644~5",,,N,19,39,,,,위 치 : 강북구 노해로23길 123,-,72,서울 강북구,제한없음,제한없음,제한없음,,,제한없음
20240715005400200025,정보제공,강북구 청년네트워크 운영,"강북구,청년,청년네트워크",청년참여기구(청년 네트워크)를 통한 강북구 청년정책 의제 발굴 및 청년활동 추진,참여권리,"정책인프라구축,청년국제교류","- 청년 네트워크 멤버쉽 혜택 : 우수 표창장 수여, 위촉장과 수료증, 참여증서 발행, 청년 성장 학교 우선 참여 등
- 청년 취업 지원 프로그램 : 이력서, 자기소개서, 모의면접, 면접용 사진촬영 등
- 청년 관련 정책 안내 : 청년 관련 공모사업, 청년 관련 정책 안내
 - 청년 프로그램 : 워크숍, 강북구 청년네트워크 회의 지원",강북구청 일자리청년과,주관기관과 동일,마감,,,,청년네트워크 4기 (임기 : 2024. 7.~2025. 12),강북구 청년네트워크 신청 링크 통해 온라인 신청,,,,,https://www.gangbuk.go.kr/portal/bbs/B0000266/list.do?menuNo=200694&type=open,https://www.gangbuk.go.kr/www/index.do,N,19,39,,,,,,3,서울 강북구,제한없음,제한없음,제한없음,,,제한없음
20240715005400200002,상담,청년일자리센터(강북구),"월별,예약,취업상담","진로탐색, 취업상담 등을 지원하고 취업역량 강화 프로그램을 운영하여 청년 수요자 맞춤형 취업 지원 종합서비스 지원사업",일자리,"취업,재직자","○ 상시운영 프로그램
- 1:1 진로 및 취업상담, MBTI(성격유형)검사, 직업선호도 검사, 이력서·자기 소개서 클리닉, 모의면접

○ 월별 교육 프로그램 운영(월별 상이)
-취업특강, 퍼스널컬러 진단, 모의면접 트레이닝 등 취업 교육 프로그램 등

○ 공간
화상면접실 : 네이버 예약시스템을 통한 예약 신청 (AI면접진단서비스 무료 지원)
스터디라운지,힐링쉼터 : 별도 예약 없이 자율 이용",강북구청 일자리청년과,강북구 청년일자리센터,마감,,,,,,,,,"- 문 의
강북구 청년일자리센터 ☎02-6227-3200~3202
강북구청 일자리청년과 ☎02-901-2642",https://blog.naver.com/gangbukjob1,,N,19,39,,,,"- 위 치 : 강북구 덕릉로28길 28, 2층(미아동)",,12,서울 강북구,제한없음,제한없음,제한없음,,,제한없음
20240710005400200004,상담,노원구 청년일자리센터 청년 내일,"취업상담,노원구,종합서비스",취업상담 및 멘토링 특강 등 청년 취업지원 종합서비스 기관 운영,일자리,"재직자,창업","취업상담, 취업역량강화 교육, 열린공간 운영, 이력서, 자소서 클리닉, 실전 모의면접, 면접장 대여, 면접사진 촬영",노원구청  청년정책과,청년일자리센터 청년내일,마감,,,,2024.01. ~2024.12.,,,https://nwjob.kr,,,https://www.instagram.com/hi_myjob,,N,19,39,,,,,,5,서울 노원구,제한없음,제한없음,제한없음,,,제한없음
20240710005400200003,상담,청년 취업준비 첫걸음‘틔움(TEEUM)’사업,"취업준비,커리어,첫걸음","무업청년, 자립준비청년, 금융취약청년, 가족돌봄청년 등 지역 내 사각지대에 놓인 청년들의 희망을 틔우기 위한 취업준비 지원",일자리,"취업,재직자","- 취업준비 프로그램 : Talent(자기탐색), Empower1(경험설계), Empower2(셀프브랜딩), Upgrade(일대일컨설팅) 총 4개의 모듈(Module)로 구성된 청년 커리어 설계 프로그램",노원구 청년정책과,노원구청년일자리센터 청년내일,마감,,,,,추후 공고문 참고,,,,문의 : 청년정책과 02-2116-7113,https://www.nowon.kr/www/user/bbs/BD_selectBbs.do?q_bbsCode=1027&q_bbscttSn=20240617043414754,https://nwjob.kr/about,N,19,39,,,,,,6,서울 노원구,제한없음,제한없음,제한없음,,,제한없음
20240708005400200013,기타,청년농부 선진농업국가 벤치마킹,"선진,청년농업인,스마트팜",국내 적용 가능한 다양한 선진 농업기술 습득으로 청년농업인 전문성 강화 및 대내외 환경적응력 제고,참여권리,"정책인프라구축,청년국제교류"," ❍ (사업대상) 청년농업인 25명 정도
 ❍ (사업내용) 스마트팜 등 선진 농업국가의 농업 시스템을 직접 체험할 수 있는 연수기회 제공",충청북도,충북도청 농업정책과 농업경영팀,특정기간,특정기간,20250101,20251231,," ❍ (시기) 신청접수('25. 4월중)
 ❍ (방법) 사업계획서 제출(방문 및 우편접수)",,,,,,,N,19,39,제한없음,무관,,지원대상 나이 및 자세한 사항은 공고문 확인 필수!,2023년 본 사업으로 국외연수를 다녀온 자,23,충청북도,제한없음,영농종사자,제한없음,20250401,20250430,제한없음
20240704005400200002,기타,광주 청년 면접 정장 대여 서비스,"사진,정장,면접","광주 지역 청년들이 취업 대비에 필요한 면접 정장대여, 이력서 사진 촬영 서비스를 무료로 제공",일자리,"취업,재직자","□ 청년구직자 면접 정장 무료 대여(1인당 연간 5회 한도 / 대여기간 최대 3박 4일 *휴일 미포함)
○ 재킷, 바지, 스커트, 셔츠, 블라우스, 넥타이, 구두 등 정장일체(여름용 정장, 여성 바지 구비)
□ 이력서 사진 무료 촬영 서비스(1인당 연간 1회 한도 / 격주 수요일 오후 ＊사전 문의·예약 필수)
○ 1:1 매칭 포토샵 수정, 현장 사진 인화 제공 등",광주광역시 청년정책관,토닥토닥 청년일자리(JOB)카페,마감,,,,,"토닥토닥 청년일자리(JOB)카페 홈페이지 접속 후 사전 예약 신청
① 홈페이지 회원가입 및 서비스 이용 예약(신청서 제출)
- 토닥토닥 청년일자리(JOB)카페(www.todaktodakjob.com)
② 구비서류 제출 
- 주민등록등본, 신분증 사본, 면접증빙 서류 등
③ 면접정장 수령 또는 이력서 사진 촬영
- 토닥토닥 청년일자리(JOB)카페(광주 서구 상무중앙로 34)
④ 면접정장 반납 또는 촬영일 현장 방문
- 예약 승인 후 직접 방문 이용",,https://www.todaktodakjob.com,,"문의처
- 카카오톡 플러스친구 : 토닥토닥청년일자리카페
- 토닥토닥 청년일자리(job)카페 홈페이지 : https://www.todaktodakjob.com 
- 토닥토닥 청년일자리(JOB)카페 T. 062-372-5990~3",,,N,19,39,,,,,,19,광주광역시,제한없음,미취업자,제한없음,,,제한없음
20240703005400200010,기타,동작 청년 1인가구 무료 건강검진,"검사,동작,3종",혼자서도 건강하게 동작 청년 1인가구 대상 무료 건강검진 지원 사업,복지문화,"건강,문화활동","□ 맞춤형 무료 건강검진서비스 연 1회 제공

□ 검진 항목 : 총 46종
- (기초 검사) 신장, 체중, 비만도, 혈압
- (흉부방사선 검사) 결핵 유무
- (혈액 검사) 혈액학 검사 8종(빈혈), 당뇨, 간기능 9종, 신장기능 3종, 고지혈증 3종, 간염검사(A·B형), 갑상선(TSH), 성병(HIV,매독)
- (소변 검사) 당, 단백, 요잠혈, pH, 빌리루빈, 유로빌리노젠, 케톤체, 아질산염, 백혈구뇨, 비중",서울시 동작구,동작구보건소 건강검진실,마감,,,,,,,,,- 문의 : 02)820-9477,https://www.dongjak.go.kr/portal/bbs/B0000022/view.do?nttId=10677878&menuNo=200641,,N,19,39,,,,"- 운영시간 : 평일 9:00 ~ 11:00 (방문접수)
- 검진장소 : 동작구보건소 1층 건강검진실
- 준비사항 : 신분증·주민등록등본 지참, 10시간 이상 금식",,10,서울 동작구,제한없음,제한없음,제한없음,,,제한없음
20240703005400200011,보증,강남 청년의 날 행사,"청년의,홍보부스,기념하여","법정기념일인 청년의 날(9월 셋째주 토요일)을 기념하여 청년의 권리보장 및 청년발전의 중요성을 알리고, 청년문제에 대한 관심제고를 위하여 기념행사 개최","일자리, 참여권리","취업,권익보호","청년문화행사, 청년정책 경진대회, 체험·홍보부스 운영 등",서울시 강남구 일자리정책과 청년정책팀,주관기관 동일,마감,,,,,,,,,,https://www.gangnam.go.kr/board/youthgn_biz04/list.do?mid=youthgn_biz04,,N,19,39,,,,,,4,서울 강남구,제한없음,제한없음,제한없음,,,제한없음
20240627005400200007,교육,금연클리닉 운영,"건강증진,유도,도모",금연실천 유도 및 흡연율 감소를 통한 건강증진 도모,복지문화,"건강,문화활동",흡연예방 및 금연교육,삼척시 경제과 청년지원팀,,마감,,,,상시,-,-,https://scmhc.or.kr,-,-,,,N,18,39,,,,지역청년,-,9,강원특별자치도 삼척시,제한없음,제한없음,제한없음,,,제한없음
20240625005400200004,상담,청년센터 자소서 및 면접 컨설팅(연천군),"자소서,코칭,면접",연천군청년센터 자소서&면접 컨설팅 프로그램,일자리,"취업,재직자","□ 자소서&면접 컨설팅(비대면 무료 컨설팅)
- 전문컨설턴트와 1:1 비대면 코칭 진행(3회)
- 입사지원서 코칭(이력서, 자소서, 직무기술서 등)
- 실전 면접 코칭",연천군청년센터,,마감,,,,,,,https://linktr.ee/yc_youth,,,https://cafe.naver.com/yctheyoung/763,,N,19,39,,,,,,9,경기도 연천군,제한없음,제한없음,제한없음,,,제한없음
20240625005400200001,교육,해외취업지원,"해외취업,해외,글로벌",우수 지역 청년의 체계적인 해외취업 프로그램 지원을 통한 해외진출 기회 제공 및 해외진출을 희망하는 인재들에게 글로벌 인재양성 프로그램 제공 및 글로벌 역량 강화,일자리,"취업,재직자","해외취업 역량 강화 및 취업 알선 프로그램 운영
 - 해외 전문인재 양성프로그램 : 해외 취업을 위한 어학교육, 이력서 및 면접 교육, 취업알선 등 지원 
- 찾아가는 해외취업 설명회 : 각 대학교 등 방문하여 해외취업 정책 및 주요국가 취업정보 등 정보 제공(6회, 회당 40명 내외)",대전일자리지원센터,대전일자리경제진흥원 일자리지원센터,마감,,,,-,대전비즈( www.djbea.or.kr/biz)을 통해 신청,-,https://www.djbea.or.kr,-,-,https://www.djbea.or.kr,,N,19,39,,,,-,-,49,대전광역시,제한없음,제한없음,제한없음,,,제한없음
20240624005400200006,상담,송파 ICT청년창업지원센터 운영,"창업,미팅룸,20석","ICT 등 4차 산업 특화 청년 창업 스타트업 지원센터, 사무공간 및 창업 컨설팅지원",일자리,"취업,재직자","입주사무실(개별 7개, 개방형 20석), 미팅룸, 회의실, 창업 관련 컨설팅 등",송파구청 경제진흥과,,마감,,,,2024.1. ~ 2024.12.,"- 송파구 홈페이지 공고문 참조, 양식 다운
- 구비 서류 양식 작성 및 증빙서류 구비
- (송파구 일자리정책담당관)송파구 홈페이지 공고 참조하여, 방문 신청",공고 일정에 맞춰 심사 및 발표 일정 확정,http://songpaict.or.kr/,"신청서, 기업소개, 사업계획 등","주요 운영 프로그램
- 멘토링 지원, 사무공간 지원, 창업아카데미 원데이 클래스, 창업상담소, 네트워킹 데이, IR 및 데모데이",http://songpaict.com,https://www.songpa.go.kr/www/index.do,N,19,39,,,,-,-,3,서울 송파구,제한없음,제한없음,제한없음,,,중소기업
20240621005400200007,시설제공,서리풀 청년아트갤러리,"전시공간,작품,대관","관내 예술의전당 앞 지하보도의 복합문화공간을 활용하여 청년예술인에 무료 대관, 작품 전시 지원",복지문화,"예술인지원,문화활동","전시공간, 전시사업비 등 지원",서초구청 문화행정국 문화관광과,서초문화재단,마감,,,,2024.01.01.~2024.12.31.,"- 신청 홈페이지에 접속하여 신청서 및 증빙서류, 활동계획서 등 양식 다운
- 구비 서류 양식 작성 및 증빙서류 구비
- 서초구청 홈페이지에서 양식다운, 메일 신청",사업 수행 기관 심사 진행,,전시신청서 등,,http://seoripulgallery.com/,https://www.seocho.go.kr,N,19,39,,,,,,6,서울 서초구,제한없음,제한없음,제한없음,,,제한없음
20240621005400200002,기타,청년 1인가구 무료 건강검진,"건강검진,무료,검사",1인가구 청년에게 무료 건강검진 지원 사업,복지문화,"건강,문화활동","□ 검진항목(46종)
○ 일반 검진	
- 문진표 및 신체계측
- 혈액검사
· 간기능, 신장기능, 통풍, 빈혈, 중성지방, 혈당, 총콜레스테롤 등
· 간염검사: A, B, C형
· 갑상선 기능 검사
- 흉부 X선 쵤영
○ 간암 표지자	
- B형 간염 보균자 대상
○ 성병 검사(선택 시) : 에이즈, 매독
□ 비용
- 무료(연 1회)",서울시 관악구,서울시 관악구,마감,,,,,,,,,"- 문의
관악구보건소 의약과 (☎02-879-7072)",https://www.gwanak.go.kr/site/health/04/10403020000002024040504.jsp,,N,19,39,,,,"□ 운영시간
- 평일 오전 9시~11시 방문(주말 및 공휴일 제외)

□ 검진장소
- 관악구보건소 (접수처: 2층 건강관리센터)

□ 준비사항
-검진 전일 22시부터 금식(※예약 필요 없음)

□ 결과확인
- 검진일로부터 5일 이후 확인 가능(휴일 제외)
온라인: 공공보건포털(http://www.e-health.go.kr) 보건소 온라인 민원 서비스 → 진료검사 현황조회→ 검진/검사결과 조회
방문: 관악구보건소 2층 건강관리센터

□ 준비물
- 신분증, 주민등록등본 (검사일 기준 1개월 이내 발급)",,17,서울 관악구,제한없음,제한없음,제한없음,,,제한없음
20240618005400200012,교육,실전체험형 청년창업 아카데미 '로코노미 스케일업' 교육생 모집(이천시),"걸친,현장체험학습,노무",지역경제 활성화의 주역을 양성하는 실전체험형 창업교육,"교육, 일자리","미래역량강화,창업,온라인교육","○ 창업관련 오프라인 교육 및 실습(자세한 사항은  참고사이트 확인)
○ 5회기에 걸친 교육(정부지원사업활용법, 세무, 노무, 마케팅 등) 과  현장체험학습, 일일시장체험 등 상시진행",경기도 이천시,경기도 이천시,마감,,,,,신청방법 : QR코드 신청(참고사이트 교육 안내 포스터 참고),,,, 이천시청 청년아동과(청년일자리팀)  ☎ 031-645-3687,https://www.icheon.go.kr/youth/board/post/view.do?bcIdx=788&mid=0501000000&&idx=303087,https://youth.gg.go.kr/gg/info/archive-policy-search-map.do?mode=view&arcNo=5081&pager.offset=0&pagerLimit=8&srArea=icheon,N,19,39,,,,,,4,경기도 이천시,제한없음,제한없음,제한없음,,,제한없음
20240613005400200007,정보제공,울산 중구 일자리센터,"중구,맞춤형,일자리",맞춤형 일자리 정보 제공으로 생활 안정과 재취업 기회 마련 및 취업을 희망하는 구직자에게 맞춤형 일자리 제공,일자리,"취업,재직자","□ 지원내용 : 맞춤형 취업 및 수요자 특성에 맞는 구인·구직정보 제공
□ 위치 :  울산광역시 중구 단장골길 1 (복산동)",중구청 일자리정책과(0522903597),울산 중구 일자리센터,마감,,,,연중,-,-,,-,-,https://ulsan.work.go.kr/jung/main.do,https://www.ulsan.go.kr/s/ulsanyouth/bbs/view.do?bbsId=BBS_0000000000000316&mId=008001001000000000&dataId=41552,N,19,39,,,,-,-,5,울산 중구,제한없음,제한없음,제한없음,,,제한없음
20240613005400200002,상담,울산 지식기술 청년창업 지원사업,"중점,울산테크노파크,주관기관",지식기술분야 초기 청년창업의 심화교육 및 사업화 중점 지원,일자리,"취업,재직자","□ 지원내용
- 창업공간, 창업교육 및 컨설팅, 사업기반조성 자금 지원(연 최대 1,000만원)
* 그린카기술센터 내 지식기술창업센터 입주(1개실 35석 운영)

□ 주관기관 : 울산테크노파크",울산광역시 기업지원과 창업벤처팀,울산테크노파크,마감,,,,2024. 1. ~ 12,-,-,,-,-,http://www.utp.or.kr,https://www.ulsan.go.kr/s/ulsanyouth/bbs/view.do?bbsId=BBS_0000000000000316&mId=008001001000000000&dataId=40976,N,19,39,,,,-,-,5,울산광역시,제한없음,(예비)창업자,제한없음,,,제한없음
20240613005400200006,교육,울산 문화예술교육사 인턴십 지원사업,"문화예술교육사,울산문화관광재단,기관별",관내 문화예술교육사 채용 지원 및 문화시설별 특화된 문화예술 교육 프로그램 운영 지원,일자리,재직자,"□ 지원내용 : 문화예술교육사 채용지원 및 기관별 특화 프로그램 운영
□ 주관기관 : 울산문화관광재단",울산광역시 문화예술과 문예총괄팀,울산문화관광재단,마감,,,,2024. 1. ~ 12.,-,-,,-,-,https://www.ulsan.go.kr/s/ulsanyouth/bbs/view.do?bbsId=BBS_0000000000000316&mId=008001001000000000&dataId=40940,,N,19,39,,,,-,-,14,울산광역시,제한없음,제한없음,제한없음,,,제한없음
20240613005400200004,시설제공,울산 지방공기업 청년고용의무제,"지방공기업,미취업자,청년",「청년고용촉진 특별법 」에 따른 지방공기업 청년 고용비율 목표달성으로 지역 청년 고용을 확대하고자 함,일자리,재직자,"□ 내용 : 지방공기업 정원의 100분의 3 이상 청년 미취업자 의무고용 
* 청년고용촉진특별법 제5조(공공기관의 청년 미취업자 고용의무)

□ 수행기관 : 울산도시공사, 울산시설공단",울산광역시 예산담당관 공공기관팀,"울산도시공사, 울산시설공단",마감,,,,연중,-,-,,-,-,https://www.ulsan.go.kr/s/ulsanyouth/bbs/view.do?mId=008001001000000000&bbsId=BBS_0000000000000316&dataId=40931,,N,19,34,,,,-,-,7,울산광역시,제한없음,미취업자,제한없음,,,제한없음
20240612005400200012,기타,울산 울주군 청년월세 한시 특별지원,"임차인이,수급자도,납부한",경제적으로 어려움을 겪고 있는 청년층의 주거비 부담 경감을 위해 청년 임차인이 납부한 월세를 최대 20만원까지 지원하는 사업,주거,"주택 및 거주지,전월세 및 주거급여 지원","□ 지원내용 : 실제 납부하는 임대료 범위 내에서 월 최대 20만원씩 12개월 동안 매월 분할 지원(생애 1회)
*주거급여 수급자도 월세지원 한도액 20만원에서 주거급여액을 차감하고 지원",국토교통부,울산광역시 울주군 노인장애인과,특정기간,,,,-,"- 온라인 신청 : 복지로 홈페이지(www.bokjiro.go.kr) 혹은 어플리케이션
- 방문 신청 : 주소지 관할 행정복지센터","□ 지원절차 : (신청) → (읍·면·동 접수) → (심사) → (통지) → (지원금 지급) 
※ 접수일로부터 45일 이내 지원대상 여부 통보",https://www.bokjiro.go.kr,"□ 구비서류 ※ 신청일 기준 1개월 이내에 발급 서류 제출
1. 월세 지원 신청(변경)서, 서약서
2. 소득·재산 신고서
3. 임대차계약서 및 월세이체 증빙서류
4. 입금통장 사본
5. 청년 및 부모의 가족관계증명서(배우자 및 배우자 부모 포함)
6. 신청인 명의 청약통장사본(종류무관, 신청 전까지 가입한 경우 가능)",-,,,N,19,34,,,,-,"□ 지원제외
① 주택소유자(분양권, 입주권 포함)
② 직계존속·형제·자매 등 2촌 이내 주택 임차
③ 공공주택특별법에 따른 공공임대주택 거주자
④ 1실(방)에 다수가 거주하는 방식의 전대차인 경우
⑤ 국토부 또는 지자체에서 시행하는 월세지원 수혜 중인 자 등",25,울산 울주군,제한없음,제한없음,제한없음,20240226,20250225,제한없음
20240612005400200008,기타,울산 남구 청년월세 한시 특별지원,"수급자도,임차인이,납부한",경제적으로 어려움을 겪고 있는 청년층의 주거비 부담 경감을 위해 청년 임차인이 납부한 월세를 최대 20만원까지 지원하는 사업,주거,"주택 및 거주지,전월세 및 주거급여 지원","□ 지원내용 : 실제 납부하는 임대료 범위 내에서 월 최대 20만원씩 12개월 동안 매월 분할 지원(생애 1회)
*주거급여 수급자도 월세지원 한도액 20만원에서 주거급여액을 차감하고 지원",국토교통부,울산광역시 북구 노인장애인과 생활보장팀 / 주소지 관할 행정복지센터,특정기간,,,,-,"- 온라인 신청 : 복지로 홈페이지(www.bokjiro.go.kr) 혹은 어플리케이션
- 방문 신청 : 주소지 관할 행정복지센터","□ 지원절차 : (신청) → (읍·면·동 접수) → (심사) → (통지) → (지원금 지급) 
※ 접수일로부터 45일 이내 지원대상 여부 통보",https://www.bokjiro.go.kr,"□ 구비서류 ※ 신청일 기준 1개월 이내에 발급 서류 제출
1. 월세 지원 신청(변경)서, 서약서
2. 소득·재산 신고서
3. 임대차계약서 및 월세이체 증빙서류
4. 입금통장 사본
5. 청년 및 부모의 가족관계증명서(배우자 및 배우자 부모 포함)
6. 신청인 명의 청약통장사본(종류무관, 신청 전까지 가입한 경우 가능)",-,https://www.ulsannamgu.go.kr/cop/bbs/selectBoardArticle.do?bbsId=alimiNotice&nttId=420792,,N,19,34,,,,-,"□ 지원제외
① 주택소유자(분양권, 입주권 포함)
② 직계존속·형제·자매 등 2촌 이내 주택 임차
③ 공공주택특별법에 따른 공공임대주택 거주자
④ 1실(방)에 다수가 거주하는 방식의 전대차인 경우
⑤ 국토부 또는 지자체에서 시행하는 월세지원 수혜 중인 자 등",44,울산 남구,제한없음,제한없음,제한없음,20240226,20250225,제한없음
20240612005400200007,기타,울산 중구 청년월세 한시 특별지원,"수급자도,임차인이,납부한",경제적으로 어려움을 겪고 있는 청년층의 주거비 부담 경감을 위해 청년 임차인이 납부한 월세를 최대 20만원까지 지원하는 사업,주거,"주택 및 거주지,전월세 및 주거급여 지원","□ 지원내용 : 실제 납부하는 임대료 범위 내에서 월 최대 20만원씩 12개월 동안 매월 분할 지원(생애 1회)
*주거급여 수급자도 월세지원 한도액 20만원에서 주거급여액을 차감하고 지원",국토교통부,울산광역시 북구 노인장애인과 생활보장팀 / 주소지 관할 행정복지센터,특정기간,,,,-,"- 온라인 신청 : 복지로 홈페이지(www.bokjiro.go.kr) 혹은 어플리케이션
- 방문 신청 : 주소지 관할 행정복지센터","□ 지원절차 : (신청) → (읍·면·동 접수) → (심사) → (통지) → (지원금 지급) 
※ 접수일로부터 45일 이내 지원대상 여부 통보",https://www.bokjiro.go.kr/,"□ 구비서류 ※ 신청일 기준 1개월 이내에 발급 서류 제출
1. 월세 지원 신청(변경)서, 서약서
2. 소득·재산 신고서
3. 임대차계약서 및 월세이체 증빙서류
4. 입금통장 사본
5. 청년 및 부모의 가족관계증명서(배우자 및 배우자 부모 포함)
6. 신청인 명의 청약통장사본(종류무관, 신청 전까지 가입한 경우 가능)",-,https://www.junggu.ulsan.kr/index.ulsan?menuCd=DOM_000000304012001002,,N,19,34,,,,-,"□ 지원제외
① 주택소유자(분양권, 입주권 포함)
② 직계존속·형제·자매 등 2촌 이내 주택 임차
③ 공공주택특별법에 따른 공공임대주택 거주자
④ 1실(방)에 다수가 거주하는 방식의 전대차인 경우
⑤ 국토부 또는 지자체에서 시행하는 월세지원 수혜 중인 자 등",57,울산 중구,제한없음,제한없음,제한없음,20240226,20250225,제한없음
20240612005400200006,기타,울산 북구 청년월세 한시 특별지원,"임차인이,수급자도,납부한",경제적으로 어려움을 겪고 있는 청년층의 주거비 부담 경감을 위해 청년 임차인이 납부한 월세를 최대 20만원까지 지원하는 사업,주거,주택 및 거주지,"□ 지원내용 : 실제 납부하는 임대료 범위 내에서 월 최대 20만원씩 12개월 동안 매월 분할 지원(생애 1회)
*주거급여 수급자도 월세지원 한도액 20만원에서 주거급여액을 차감하고 지원",국토교통부,울산광역시 북구 노인장애인과 생활보장팀 / 주소지 관할 행정복지센터,특정기간,,,,-,"- 온라인 신청 : 복지로 홈페이지(www.bokjiro.go.kr) 혹은 어플리케이션
- 방문 신청 : 주소지 관할 행정복지센터","□ 지원절차 : (신청) → (읍·면·동 접수) → (심사) → (통지) → (지원금 지급) 
※ 접수일로부터 45일 이내 지원대상 여부 통보",https://www.bokjiro.go.kr,"□ 구비서류 ※ 신청일 기준 1개월 이내에 발급 서류 제출
1. 월세 지원 신청(변경)서, 서약서
2. 소득·재산 신고서
3. 임대차계약서 및 월세이체 증빙서류
4. 입금통장 사본
5. 청년 및 부모의 가족관계증명서(배우자 및 배우자 부모 포함)
6. 신청인 명의 청약통장사본(종류무관, 신청 전까지 가입한 경우 가능)",-,https://www.bukgu.ulsan.kr,,N,19,34,,,,-,"□ 지원제외
① 주택소유자(분양권, 입주권 포함)
② 직계존속·형제·자매 등 2촌 이내 주택 임차
③ 공공주택특별법에 따른 공공임대주택 거주자
④ 1실(방)에 다수가 거주하는 방식의 전대차인 경우
⑤ 국토부 또는 지자체에서 시행하는 월세지원 수혜 중인 자 등",16,울산 북구,제한없음,제한없음,제한없음,20240226,20250225,제한없음
20240612005400200011,기타,울산 동구 청년월세 한시 특별지원,"수급자도,임차인이,납부한",경제적으로 어려움을 겪고 있는 청년층의 주거비 부담 경감을 위해 청년 임차인이 납부한 월세를 최대 20만원까지 지원하는 사업,주거,"주택 및 거주지,전월세 및 주거급여 지원","□ 지원내용 : 실제 납부하는 임대료 범위 내에서 월 최대 20만원씩 12개월 동안 매월 분할 지원(생애 1회)
*주거급여 수급자도 월세지원 한도액 20만원에서 주거급여액을 차감하고 지원",국토교통부,울산광역시 북구 노인장애인과 생활보장팀 / 주소지 관할 행정복지센터,특정기간,,,,-,"- 온라인 신청 : 복지로 홈페이지(www.bokjiro.go.kr) 혹은 어플리케이션
- 방문 신청 : 주소지 관할 행정복지센터","□ 지원절차 : (신청) → (읍·면·동 접수) → (심사) → (통지) → (지원금 지급) 
※ 접수일로부터 45일 이내 지원대상 여부 통보",https://www.bokjiro.go.kr,"□ 구비서류 ※ 신청일 기준 1개월 이내에 발급 서류 제출
1. 월세 지원 신청(변경)서, 서약서
2. 소득·재산 신고서
3. 임대차계약서 및 월세이체 증빙서류
4. 입금통장 사본
5. 청년 및 부모의 가족관계증명서(배우자 및 배우자 부모 포함)
6. 신청인 명의 청약통장사본(종류무관, 신청 전까지 가입한 경우 가능)",-,https://www.donggu.ulsan.kr/cop/bbs/selectBoardArticle.do,,N,19,34,,,,-,"□ 지원제외
① 주택소유자(분양권, 입주권 포함)
② 직계존속·형제·자매 등 2촌 이내 주택 임차
③ 공공주택특별법에 따른 공공임대주택 거주자
④ 1실(방)에 다수가 거주하는 방식의 전대차인 경우
⑤ 국토부 또는 지자체에서 시행하는 월세지원 수혜 중인 자 등",16,울산 동구,제한없음,제한없음,제한없음,20240226,20250225,제한없음
20240612005400200001,현금지급,울산 중구 청년도전지원사업,"이수,참여수당,도전",구직단념청년 등을 발굴하고 구직의욕 고취 및 자신감 강화를 위한 맞춤형 프로그램 제공을 통해 노동시장 참여 및 취업 촉진 지원,일자리,"취업,재직자","□ 지원내용
○ 도전(단기) : 참여수당 50만원, 5주 이상/40시간
○ 도전+(중기) : 참여수당 150만원(이수 시 인센티브 20만원), 15주 이상/120시간
○ 도전+(장기) : 참여수당 250만원(이수 시 인센티브 20만원, 취업관련 활동 시 30만원), 25주 이상/200시간
※ 공통 프로그램 : 기본교육(밀착 상담, 사례 관리, 자신감 회복, 진로 탐색, 취업 역량 강화 등), 특전(이력서 사진 촬영, 참여시·수료시 기념품 제공 및 수료증 수여)
※ 중기/장기 이수 후 6개월 이내 취업하고 3개월 근속 시 50만원 별도 지급",울산광역시 중구청 정책사업단,울산광역시 중구종합사회복지관,마감,,,,-,"□ 접수방법 
- 전화 후 방문 및 기관 홈페이지(구글폼)
- 워크넷 접수(PC 접수)
※ 접수처 : 울산광역시 중구 종가3길 15(유곡동)

□ 신청 및 사업문의
- 전화번호 : 중구종합사회복지관 052-296-3161
- 홈페이지 : http://www.jsbwelfare.or.kr",-,https://forms.gle/N1pg86kEQ4e6xwDz5,-,-,http://www.jsbwelfare.or.kr/bbs/board.php?bo_table=notice&wr_id=545,,N,19,39,,,,-,"□ 참여제한
- 국민취업지원제도에 참여하여 수혜 중인 청년
- 학점은행제, 사이버대학교, 대학원, 방송통신고등(대)학교 등 재학생
- 구직급여를 받고 있거나 구직급여의 지급이 끝난 날부터 6개월이 지나지 않은 청년",12,울산 중구,제한없음,미취업자,"고졸 미만, 고졸 예정, 고교 졸업, 대졸 예정, 대학 졸업, 석·박사",,,제한없음
20240605005400200007,프로그램,김해시 민간참여형 청년주택 입주자 및 예비입주자 모집,"입주자,민간참여형,김해시",청년계층 1인 가구의 주거난 해소와 주거비 절감을 위해 운영하는 민간참여형 청년주택,주거,"주택 및 거주지,전월세 및 주거급여 지원","※ 거북이집이란?
경남 청년들에게도 거북이처럼 1인 1주택을 만들어 주겠다는 의지로 아직은 느릿느릿 앞으로 가고 있지만 언젠가는 토끼를 넘어설 거라는 희망을 주는 집

□ 공급현황
○ 공급규모 : 1호 [※ 103호]
- 위치 : 경상남도 김해시 삼안로 196번길 12-18(삼방동)
○ 거주기간 : 계약일로부터 최소 2년(2027년 3월까지 반값 임대)
○ 임대료 : 공고문 참고
※ 관리비(최초 입주 1인당 2만원) 및 수도(입주인원 1/인원수)·전기·가스요금 등 공과금 입주자 부담

□ 모집인원 : 우선 입주자 : 1명, 예비 입주자 : 00명
○ 향후 공가(계약 포기자 및 해약세대 발생 등)가 발생할 것에 대비하여 예비입주자를 모집하며, 공가세대 발생 시 현재 입주세대 신청순위 우선으로 협의 함
○ 예비입주자로 선정되었다 하더라도 거주중인 임차인의 퇴거 등 상황에 따라  입주까지는 상당기간이 소요될 수 있음",김해시청 공동주택과 저소득주거지원팀,주관기관과 동일,마감,,,,-,"□  신청방법 : 제출서류 구비하여 방문 신청
- 김해시 김해대로 2401, 김해시청 행복민원청사 5층(공동주택과) 
- 입주자 및 예비입주자 상시 모집, 접수","□ 입주자 선정
○ 선정방법 : 서류심사 → 선착순 접수에 따른 우선배정
- (1차) 제출서류(나이 및 소득) 평가
- (2차) 선착순 접수에 따른 우선배정
○ 입주조건 : 전입신고 및 거북이집 공동생활규칙(붙임 3) 준수 
○ 입주일 : 계약일 이후 1개월 이내",,공고문 참고,공고문 참고,https://www.gimhae.go.kr/03360/00023/00029.web?amode=view&not_ancmt_mgt_no=91300&cpage=4&section=01,,N,19,39,,,,공고문 참고,공고문 참고,8,경상남도 김해시,제한없음,제한없음,제한없음,,,제한없음
20240603005400200003,채용,청년인턴 지원,"인턴,3개월,373",기업과 청년간의 현장 인턴 체험을 통한 미취업 청년의 취업지원,일자리,"취업,재직자","- (인건비) : 인턴 1인당 3개월 / 월 2,060,740원 ※대전시 월 1,687,500원 지원, 기업 373,240원 이상 부담 
- (교통비) : 인턴 1인당 3개월 / 월 50,000원",(재)대전일자리경제진흥원,(재)대전일자리경제진흥원 일자리지원센터,마감,,,,2024.1월 ~ 예산 소진시 까지,신청기간 : 2024. 1월 ~ (예산소진시까지) 신청방법 : 대전일자리정보망 www.jobdaejeon.or.kr 직접 신청,-,https://www.jobdaejeon.or.kr/public/html/HtmlPage.do?pg=/gabin/busiGuide/youngMan.jsp&pageNo=12000100,-,-,https://daejeon.work.go.kr,,N,18,39,,,,-,-,223,대전광역시,제한없음,미취업자,제한없음,,,중소기업
20240603005400200001,상담,대전일자리 카페 꿈터,"취업상담,모의면접,진로","구직자 취업에 도움이 되는 진로, 취업상담, 취업 멘토링, 취업특강, 모의면접 등 취업지원 서비스 제공",일자리,"재직자,창업","진로 취업상담, 모의면접, 취업 특강",대전일자리지원센터,대전일자리지원센터,마감,,,,-,"(사전 예약) 안내사이트 : https://blog.naver.com/djbea_or_kr
(꿈터 공식블로그) / http://www.jobdaejeon.or.kr(대전일자리정보망)",-,https://blog.naver.com/PostList.naver?blogId=djbea_or_kr&from=postList&categoryNo=2&parentCategoryNo=2,-,-,http://www.jobdaejeon.or.kr,https://www.daejeonyouthportal.kr/content/CT_000000000045/cntPage.do?commonMenuNo=&dpmSectionFst=&dpmSectionScd=,N,19,39,,,,-,-,14,대전광역시,제한없음,제한없음,제한없음,,,제한없음
20240603005400200002,정보제공,2024년 전통시장 청년상인 지원사업 안내,"판로지원,청년상인,전통시장",-,일자리,"취업,재직자","창업지원, 성장지원, 판로지원",(재)청년상인육성재단,(재)청년상인육성재단,마감,,,,-,"지원별로 상이, 첨부된 파일 참고","지원별로 상이, 첨부된 파일 참고",,"지원별로 상이, 첨부된 파일 참고",-,,,N,18,39,,,,-,-,7,전북특별자치도,제한없음,(예비)창업자,제한없음,,,제한없음
20240529005400200001,프로그램,청년 꿈날개 지원사업,"30,정장,대여",취업을 준비하는 울주군 거주 청년구직자들의 구직비용 부담을 덜어주기 위해 면접에 필요한 정장을 무료로 대여,일자리,재직자,"□ 지원대상 : 울주군에 주민등록을 둔 18세 ~ 39세 청년구직자
□ 사업내용 : 면접용 정장 무료 대여
○ 대여품목 : (남) 셔츠, 상·하의 정장 / (여) 블라우스, 상·하의 정장
○ 대여기간 : 1회, 3박 4일
- 대여기간 연장 시 1일당 대여비의 20%씩 추가비용 본인 부담, 별도의 연장 없이 반납이 늦어질 경우 1일당 대여비의 30%씩 본인 부담
○ 지원횟수 : 연간 1인당 최대 3회
○ 대여방법 : 홈페이지 신청 후 본인 현장 방문 대여
□ 운영시간
○ 월요일 ~ 토요일(10:30 ~ 19:30)
○ 일요일 (10:30 ~ 18:30)
○ 정기휴무 : 매주 화요일
○ 점심시간 : 12:30 ~ 13:30",일자리지원과 청년지원팀,,마감,,,,-,"① 대여방법 정독
② 본인인증 및 신청
③ 업체방문
④ 의상반남",-,https://www.ulju.ulsan.kr/dreamwings/intro/info.jsp,"□ 신분증 : 주민등록증, 운전면허증(생년월일 및 주소확인 가능한 신분증)
□ 면접 증빙자료
- 면접일, 회사명, 연락처 등 확인자료(이메일, 문자 등)
- 전화로 면접을 통보받았을 경우 입사지원서, 서류접수 확인증 등 제출",-,https://www.ulju.ulsan.kr/ulju/main.do,,N,18,39,,,,-,-,5,울산 울주군,제한없음,제한없음,제한없음,,,제한없음
20240528005400200015,상담,청년마음건강지원사업,"10회기,1원칙,사전사후검사","청년의 심리정서 지원, 건강성 회복을 통한 삶의 질 향상과 심리적 문제 예방을통한 건강한 사회구성원으로서 역할 촉진",복지문화,"건강,예술인지원","□ 전문심리상담 등 맞춤형 서비스 제공(10회기)
1. 사전사후검사 각 1회
2. 전문심리상담서비스제공(1:1원칙, 50분) 주1회(총8회)
3. 종결상담 1회(마지막 상담 시 제공)",강원특별자치도 시군 복지업무 담당부서,,마감,,,,-,거주지 읍면동 행정복지센터 신청,-,,"신분증 지참 필수공통서류 (주민센터 비치)
① 공통서식 제1호 사회복지서비스 및 급여 제공(변경) 신청서
② 공통서식 제2호 사회복지서비스 이용권(바우처) 제공(변경) 신청서
③ 공통서식 제3호 바우처 카드(가상) 발급(재발급) 및 개인정보 제공 및 활용 동의서기타 증빙서류 (별도 제출)",-,https://gwssa.or.kr:447/document/gw_detail?sv_id=24,https://gwssa.or.kr:447/document/city_status4,N,19,34,,,,"□ 우선순위
1순위 자립준비청년(만18세이상 만기 퇴소 또는 연장보호 종료된 자) 및 보호연장아동(아동복지법 제16조의3에 따라 보호기간이 연장된 자)
2순위 정신건강복지센터 연계자
3순위 일반청년
※ 강원 행복한 도민심리지원서비스 이용자의 경우 동시 이용 불가",-,6,강원특별자치도,제한없음,제한없음,제한없음,,,제한없음
20240528005400100003,보증,행복주택,"등을,보증금과,곳에","대학생, 청년, , 신혼부부 등을 위해 학교·직장이 가까운 곳이나 대중교통이 편리한 곳에 국가 재정과 주택도시기금을 지원받아 건설, 공급하는 임대주택 사업",주거,주택 및 거주지,"- 청년들의 주거복지 실현을 위해 청년공공임대주택(청년행복주택, 청년전세임대주택) 사업과 청년 공공지원 민간주택임대(청년매입임대_다가구) 사업 실시
- 시세 대비 저렴한 임대료 및 보증금과 안정적인 거주 기간 등을 보장",국토교통부,한국토지주택공사,마감,,,,,"- (현장접수) 입주희망자는 사업주체가 지정한 장소에서 신청서 작성 및 관련 서류 제출 
- (인터넷 접수) 사업주체의 홈페이지 등을 통해 청약신청 
* 한국토지주택공사 LH청약플러스(apply.lh.or.kr) → 로그인 → 청약신청","사업주체의 홈페이지, ARS를 통해 당첨자 명단 발표 모집호수의 일정비율을 예비입주자로 선정
* LH ARS 서비스 : 1661-7700",https://apply.lh.or.kr/,"*입주자 모집공고 확인
주거 관련 지원대상 요건은 다양한 공급유형과 순위 등에 따라 서로 다른 요건들을 요구함
반드시, 공고 확인 방법에 따라 과거 공고문 참고 및 해당 공고문의 요건 재확인 필요",,https://www.myhome.go.kr/hws/portal/cont/selectYouthPolicyHappyView.do#guide=RH108,https://blog.naver.com/lhhousingwelfare,N,19,39,,,,"행복주택 자가진단의 경우
마이홈>공공주택(통합)>행복주택 자가진단 가능
https://www.myhome.go.kr/hws/portal/dgn/moveSelfDiagnosisHappyView.do

공고확인방법
- LH청약센터 -> 임대주택 -> '행복주택' 클릭",*입주자 모집공고 확인,375,전국,제한없음,제한없음,제한없음,,,제한없음
20240528005400200001,프로그램,청년 이사차량 지원,"이사,이사차량지원,이용가능",성동구내 이사 혹은 서울시 자치구에서 성동구로 이사하는 청년에게 이사차량지원,일자리,"취업,재직자","□ 신청기간 : 이사 희망 일정 1주일 전까지 신청
※ 신청 확인은 매주 목요일 확인 되어지며, 빠른 확인이 필요한 경우 문의처로 연락

□ 이사차량지원 범위
○ 12인승 스타렉스 지원 및 차량운전(우체국박스 5,6호 기준 20개 미만의 짐) 큰 가구X  EX)매트리스, 책상 불가능
※ 성동구청년지원센터 직원이 이사 출발, 도착 지점으로 차량을 운전해 주는 것을 지원해 드립니다.

□ 이용 가능 일정
○ 이용가능 요일 : 월요일 ~ 토요일(마지막주 토요일 제외)
※ 일요일 포함 공휴일 운영하지 않음
○ 이용가능 시간 : 오전 10시~12시 / 오후 2시~5시",성동구청년지원센터,,마감,,,,-,"□ 신청 방법 : https://forms.gle/PiZFEr886tpGvs6K8
(구글폼에 신청서를 작성해주시면 담당자가 확인 후 연락드립니다.)",-,https://forms.gle/PiZFEr886tpGvs6K8,-,"□ 문의 전화
- 성동구청년지원센터 02-2281-4772 / 010-2006-4772

□ 문의 가능 시간
- 월~토(마지막주 토요일 제외) / 오전 10시~17시",,,N,19,39,,,,-,-,11,서울 성동구,제한없음,제한없음,제한없음,,,제한없음
20240528005400200008,현금지급,사하구 청년도전지원사업,"사하구,참여와,참여자를","구직단념청년 등의 참여자를 발굴하여 자신감 회복, 구직의욕 고취를 위한 맞춤형 프로그램을 제공함으로써 청년들의 노동시장 참여와 취업을 촉진",일자리,"취업,재직자","□ 사업내용 
○ 밀착상담, 자신감회복, 진로탐색, 취업역량강화 등 청년 맞춤형 프로그램 제공 
○ 프로그램 이수 시 수당 및 인센티브 지급",사하구,문화콘텐츠개발원,마감,,,,-,-,-,https://www.work.go.kr/youngChallenge/index.do,-,-,https://www.work.go.kr/youngChallenge/index.do,,N,18,34,,,,-,참여요건 참조,6,부산 사하구,제한없음,미취업자,제한없음,,,제한없음
20240528005400200007,기타,청년 면접 쵤영비 지원사업,"면접,미취업,3만원",미취업 청년 취업 준비 비용 부담 완화 및 직업 역량 개발,일자리,"취업,재직자","□ (주요내용)미취업 청년 면접 사진 촬영 관련 지원(연 1회, 1인 3만원 한도내)",사하구청 일자리복지과,사하구청 일자리복지과,마감,,,,-,-,-,https://www.saha.go.kr/startup/main.do,"□ 건강보험자격득실확인서, 주민등록등본, 사실증명서(사업자 등록 사실 확인), 면접 사진 결제 영수증, 촬영 사진",□ 사하구 청년창업지원센터 홈페이지 확인,https://www.saha.go.kr/startup/main.do,,N,18,39,,,,-,□ 취업자 및 사업자 등록 사실이 있는 청년,11,부산 사하구,제한없음,미취업자,제한없음,,,제한없음
20240528005400200006,기타,자격증 응시료 지원,"응시료,비용부담,직업역량",미취업 청년 취업준비 비용부담 완화 및 직업역량 개발,일자리,"취업,재직자",□ (주요내용)1인당 연 1회 응시료 8만원 한도 지원,사하구청 일자리복지과,사하구청 일자리복지과,마감,,,,-,-,-,https://www.saha.go.kr/startup/main.do,"□ 건강보험자격득실확인서, 사실증명서(사업자 등록 여부 확인), 응시료 결제 영수증, 응시 확인서 또는 성적표, 주민등록등본",□ 사하구 청년창업지원센터 홈페이지 확인,,,N,18,39,,,,-,□ 취업 사실이 있는 자 또는 사업자 등록된 청년,7,부산 사하구,제한없음,미취업자,제한없음,,,제한없음
20240528005400200020,상담,청년 공간 운영,"메이커,인큐베이팅,취창업","청년 취창업 역량강화, 청년문화활동 증진 및 소통, 네트워킹 교류 활성화","일자리, 참여권리","취업,청년참여,정책인프라구축","□ (지원내용)창업공간지원, 창업교육 및 상담, 인큐베이팅, 멘토링, 청년취업역량강화 교육, 메이커 프로그램 운영 등",사하구 일자리복지과,,마감,,,,-,-,-,https://www.saha.go.kr/startup/main.do,공고 확인,-,https://www.saha.go.kr/startup/main.do,,N,19,39,,,,"□ (주요기능)창업보육+청년활동지원
□ (조성시설)입주공간, 시제품제작실, 세미나실, 스터디룸, 공유카페, 영상작업실 등",□ 해당없음,10,부산 사하구,제한없음,제한없음,제한없음,,,제한없음
20240527005400200008,상담,청년도전지원사업 젊핑 도전+25주 프로그램,"25주,이수,도전","도전+ 25주 프로그램은 자소서 컨설팅, 크루활동, 금융상식, 주거강의 등을 통해
나를 알아가고 나의 역량을 성장시킬 수 있는 프로그램",일자리,"취업,재직자","□ 내 용
○ 이수 시 최대 300만원
- 회차이수 50만원*5회=250만원
- 전체이수 20만원
- 취업관련 활동시 30만원

○ 취업 시 50만원
- 이수 후 6개월 이내 취업 후 3개월 근속","고용노동부, 대구광역시",대구광역시청년센터,마감,,,,,"□ A유형
1.워크넷 청년도전지원사업 신청
- https://www.work.go.kr/youngChallenge/index.do
※ 신청기관 대구광역시청년센터 선택

2. 청년센터에서 접수처리 후 프로그램 개별 안내
- 구직문답표 작성
개별 안내를 통한 프로그램 진행 일정 선택

□ B유형
1. 구글폼 청년도전지원사업 신청
https://forms.gle/brbRDv8Qm9EUbWyd6

2. 청년센터에서 자격요건 확인 후 개별 안내
- 구직문답표 작성
개별 안내를 통한 프로그램 진행 일정 선택",,,,,http://www.dgyouth.kr/board/notice.asp?num=2130&pmode=VIEW&board=notice&page=1&sKey=&sWord=&pCate=0,,N,18,39,,,,,"1. 6개월 이내 의무복무 예정자
2. 학점은행제, 사이버대학교, 대학(원)생, 방송통신고등(대)학교 재학, 휴학생 참여 불가
3. 퇴사 후 6개월이 지나지 않은 경우(6개월 이후 참여 가능)
4. 국민취업제도에 참여하여 수혜 중인 자
5. 국가 또는 지자체의 유사 사업에 참여하여 수당*을 지원받은 지 6개월이 지나지 아니한 자(*월평균 50만 원 이상 또는 총 300만 원 이상)",15,대구광역시,제한없음,미취업자,제한없음,,,제한없음
20240524005400200005,기타,청년 취업합격 H:틔움 패키지 지원사업,"구직활동,비용,면접준비",미취업 청년의 자기주도적 구직활동에 기반한 취업준비 비용을 지원함으로써 경제적 부담을 경감하고 사회진입을 촉진하고자 함,일자리,"취업,재직자","□ 지원내용: 구직활동 비용 1인당 30만원 - 자격시험 응시료, 면접준비 비용 등 구직활동비용 
□ 지원방식: 구직활동 증빙자료 확인 후 계좌입금",해운대구,해운대구,마감,,,,2024. 6. ~12.,□ 공고확인,□미정,https://www.haeundae.go.kr/youth/index.do,□ 공고 확인,-,https://www.haeundae.go.kr/youth/index.do,,N,19,34,,,,-,□ 해운대구 미거주자기준 중위소득 150% 초과 가구인자,11,부산 해운대구,제한없음,제한없음,제한없음,,,제한없음
20240524005400200004,상담,해운대 청년채움공간 운영,"공간지원,인큐베이팅,체계적",청년 창업의 체계적 지원 및 양질의 청년 일자리 창출 지원,일자리,"재직자,창업","□ 청년 창업 인큐베이팅 및 공간지원, 취·창업교육, 컨설팅 등",해운대구 일자리경제과,(사)부산경영자총협회,마감,,,,-,□ 프로그램 별 상이,-,http://xn--s39awrm7hz2bt67becw33c7xaz19c.kr/index.do,-,□ 자세한 내용은 해운대청년채움공간 홈페이지 참조,http://xn--s39awrm7hz2bt67becw33c7xaz19c.kr/index.do,,N,19,39,,,,-,□ 프로그램 별 상이,5,부산 해운대구,제한없음,제한없음,제한없음,,,제한없음
20240524005400200014,기타,청년 자격시험 응시료 지원사업,"자격시험,응시료,진입을",청년의 구직활동에 따른 경제적 부담을 완화하고 역량개발을 통한 사회 진입을 지원하기 위해 자격시험 응시료 지원,교육,"미래역량강화,교육비지원,온라인교육","□ (주요내용) 자격시험 응시료 지원(연1회, 1인당 최대10만원)",부산광역시 남구(일자리경제과),부산광역시 남구,마감,,,,-,-,-,https://www.bsnamgu.go.kr/index.namgu?menuCd=DOM_000000102012011000,공고 확인,문의: 일자리경제과 청년정책팀(051-607-3662),,,N,18,39,,,,-,-,9,부산 남구,제한없음,미취업자,제한없음,,,제한없음
20240524005400200002,기타,청년 자기개발 도서구입비 지원,"자기개발,지역서점연계를,지역서점활성화",미취창업 청년들의 자기개발 역량을 강화하며 지역서점연계를 통한 지역서점활성화 제고,일자리,"취업,재직자","□ 연 1회, 최대 5만원 실비 지원",부산광역시 남구,부산광역시 남구,마감,,,,-,-,-,,공고 확인,없음,https://www.bsnamgu.go.kr/index.namgu?menuCd=DOM_000000102012010000,,N,18,39,,,,-,□ 남구 1년 이상 거주 18~39세 미취창업 청년 이외의 자,14,부산 남구,제한없음,미취업자,제한없음,,,제한없음
20240524005400200001,기타,청년 자격증 응시료 지원사업,"응시료,자격증,직업역량",□ 미취업 청년 취업준비 비용부담 완화 및 직업역량 개발,일자리,"취업,재직자",□ (주요내용) 자격증 응시료 지원(1인 연 1회 10만원 한도 내),부산광역시 영도구,부산광역시 영도구,마감,,,,-,-,-,https://www.yeongdo.go.kr/00672/00673/04144.web,□ 공고 확인,-,https://www.yeongdo.go.kr/00672/00673/04144.web,,N,19,34,,,,-,-,7,부산 영도구,제한없음,제한없음,제한없음,,,제한없음
20240524005400200007,현금지급,사하구 청년도전지원사업,"사하구,참여와,참여자를","구직단념청년 등의 참여자를 발굴하여 자신감 회복, 구직의욕 고취를 위한 맞춤형 프로그램을 제공함으로써 청년들의 노동시장 참여와 취업을 촉진",일자리,"취업,재직자","□ 사업내용 
○ 밀착상담, 자신감회복, 진로탐색, 취업역량강화 등 청년 맞춤형 프로그램 제공 
○ 프로그램 이수 시 수당 및 인센티브 지급",사하구,문화콘텐츠개발원,마감,,,,-,-,-,https://www.work.go.kr/youngChallenge/index.do,-,-,https://www.work.go.kr/youngChallenge/index.do,,N,18,34,,,,-,□ 참여요건 참조,8,부산 사하구,제한없음,미취업자,제한없음,,,제한없음
20240523005400200003,시설제공,남양주시 청년기업 인증 및 지원계획,"청년기업,남양주시,가산점",남양주시 청년기업인을 발굴하여 미래성장 동력원인 청년들의 기업활동 촉진,일자리,"재직자,창업","□ 사업내용 : 청년기업 인증 및 인센티브 제공
□ 대 상 : 남양주시 소재하는 기업 중 만19세~39세 이하 청년이 대표로 경영하는 기업
□ 유효기간: 3년
- 유효기간 동안에는 대표의 나이가 39세를 초과하더라도 효력 유지
□ 인센티브
- 중소기업육성기금 사업 선정 시 지원 금리 우대(0.5%)
- 글로벌 시장개척 지원사업 신청 시 평가 가산점 부여
- 국가기술거래플랫폼 지원사업 신청 시 가산점 부여
- 경복대 창업보육지원시설 입주 신청 시 가산점 부여
- 청년기업 제품 우선구매 권장
- 남양주시 홈페이지 내 청년기업 인증 현황 게시
- 그 밖에 청년기업을 위하여 시장이 필요하다고 인정하는 사업",접수방법: 남양주시청 지역경제과 기업SOS팀,,마감,,,,,□ 접수방법 : 전자우편(vvvvbbbbb@korea.kr) 및 현장 접수(지역경제과 기업SOS팀),,,"□ 신청서류
- 청년기업 인증 신청서 원본 1부(서식1)
- 청년기업 사업계획 개요서 1부(서식2)
- 개인정보 이용 및 제공 동의서 1부(서식3)
-사업자등록증 사본 1부, 법인등기부 등본 1부(법인일 경우)
-국세·지방세 납세증명서 1부",,https://www.nyj.go.kr/www/selectEminwonWebView.do?sc1=SJ&sa1Join=01;02;04;05&sc2=%EC%B2%AD%EB%85%84&key=2492&pk=74145,,N,19,39,,,,,"□ 신청 제외 대상
- 국민보건·건전문화에 반하거나 사치·투기를 조장하는 업종
- 신용보증재단의 보증제한 업종
- 국세·지방세 체납기업
- 휴·폐업 상태에 있는 기업
- 거짓이나 그 밖의 부정한 방법으로 운영되고 있는 기업(조례9조제3호)",15,경기도 남양주시,제한없음,(예비)창업자,제한없음,,,제한없음
20240521005400200038,기타,대학생 봉사활동 활성화,"봉사활동,대학생,활성화",청년들을 대상으로 자원봉사활동을 지원하여 이타심과 공동체성을 배양하고 더불어 사는 지역사회 조성에 기여,참여권리,"청년참여,정책인프라구축",○ 지원방법 : 시 자원봉사센터 '대학생 봉사활동 활성화' 사업비 지원,울산광역시 자치행정과 자치협력팀,울산광역시자원봉사센터,마감,,,,2024. 1. ~ 12.,-,-,,-,-,https://www.ulsan1365.or.kr/,https://www.ulsan.go.kr/s/ulsanyouth/bbs/view.do?bbsId=BBS_0000000000000316&mId=008001001000000000&dataId=41117,N,19,39,,,,-,-,8,울산광역시,제한없음,제한없음,제한없음,,,제한없음
20240521005400200013,시설제공,울산글로벌게임센터 운영,"게임산업,게임,육성",게임 기업을 위한 공간 및 프로그램 운영으로 지역 게임산업 생태계 육성,일자리,"재직자,창업","□ 사업목표 : 차세대 게임산업 육성 및 활성화
□ 지원내용 : 장비 및 시설 운영, 게임 제작·사업화 지원, 인력양성 등",울산광역시 문화예술과 문화산업팀,울산정보산업진흥원 울산글로벌게임센터,마감,,,,2024. 1. ~ 12,-,-,,-,-,https://www.uipa.or.kr/,https://www.ulsan.go.kr/s/ulsanyouth/bbs/view.do?bbsId=BBS_0000000000000316&mId=008001001000000000&dataId=41063,N,19,39,,,,-,-,6,울산광역시,제한없음,제한없음,제한없음,,,제한없음
20240521005400200011,교육,울산웹툰캠퍼스 운영,"만화,육성,작가","만화·웹툰 작가, 예비작가를 위한 공간 및 프로그램 운영으로 지역 만화산업 생태계 육성",일자리,"재직자,창업","○ 사업목표 : 울산 만화·웹툰산업 육성 및 일자리 창출
○ 지원내용 : 작가입주실 및 창작 교육시설 운영, 인력양성 등",울산광역시 문화예술과 문화산업팀,울산정보산업진흥원 울산웹툰캠퍼스,마감,,,,2024. 1. ~ 12.,-,-,,-,-,https://www.uipa.or.kr/,https://www.ulsan.go.kr/s/ulsanyouth/bbs/view.do?bbsId=BBS_0000000000000316&mId=008001001000000000&dataId=41081,N,19,39,,,,-,-,7,울산광역시,제한없음,제한없음,제한없음,,,제한없음
20240521005400100002,현금지급,이공계 전문기술 연수(학사)사업,"연수,이공계,제반경비","이공계 대졸 미취업자(전문대졸 포함)에게 전문, 기업현장 연수 등 직업 교육 기회를 제공함으로써 실무능력을 강화하여 청년 실업문제 및 이공계 인력의 수급 불균형 해소","일자리, 교육","취업,미래역량강화","주요 내용 
- (전문 연수) 4개월 이내,  교육운영 관련 제반경비(전담인력 인건비, 강사료, 교육재료비 등) 지원, 전문분야 이론 및 실습교육
- (기업체 실무 연수) 2개월 이내, 교육운영 관련 제반경비(전담인력 인건비, 강사료, 교육재료비 등) 지원, 주관기관과 채용약정된 기업에서 채용을 전제로 현장실무 교육 

ㅇ사업비  
- 연수생 1인당 770만원 지원(연수수당 300만원+교육지원금 470만원)
*교육기간은 연수분야의 특성을 고려하여 주관기관에서 탄력적으로 구성 운영",과학기술정보통신부 미래인재양성과,한국산업기술진흥협회,마감,,,,,"- 홈페이지에서 연수정보>연수과정 검색/신청에서 온라인 연수 신청
- 연수과정 검색>회원가입>연수생 정보 등록>연수신청 

주관기관
- 1단계: 홈페이지를 통한 사업계획서 온라인 신청
- 2단계 신청서류 직접 제출 또는 등기우편접수(신청기간 내 도착분에 한함)
- 회원가입>로그인>사업신청(온라인)>신청서류 제출(오프라인)","평가항목  
- 사업목표/추진전략 명확성, 사업수행능력, 취업지원능력, 사업비 적정성 등
- (전문연수) 연관 자격증 취득 지원, 교육과정 내 우선채용약정 기업 의견반영 및 참여 사항, 실제 직무와 연관성 등 전문연수의 현장반영 및 우수성 
- (기업연수) 우수한 중소 중견 우선채용 약정기업 보유여부, 전문연수와 유관한 직무 보유 여부, 기업과 연수생의 니즈를 반영한 기업연수 진행 체계 보유 여부 등
- 우대사항 및 가점항목: 주관기관별 취업 목표인원 수에 해당하는 만큼의 우선 채용약정 체결 여부",https://snejob.koita.or.kr/bachelor/02_process_2.asp?smenu=sub3&stitle=subtitle3_2&sstitle=sstit3_2_2,,,https://snejob.koita.or.kr/bachelor/01_application.asp?smenu=sub3&stitle=subtitle3_1,,N,18,34,,,,,"정부 실업대책 지원금을 수혜 중인 자, 동 사업에 참여하여 연수수당을 1회 이상 지급받은 자 또는 참여 중인 자, 대학원 재학 중인 자는 제외",45,전국,"이학계열, 공학계열",미취업자,대학 졸업,,,제한없음
20240520005400200022,상담,청년마음 건강지원 사업,"본인부담금,심리상담,전문",청년 마음 건강 증진을 위해 전문 심리상담 서비스 제공,복지문화,건강,"□ 내용 : 청년층 전문심리상담
○ 대상 청년 1:1 마음건강 지원
※ 3개월 주 1회 전문 심리상담, 재판정을 통해 최대 12개월 지원
○ 정신건강 고위험군의 경우, 정신건강복지센터 또는 의료기관 연계
○ 청년센터, 고용센터, 대학심리상담센터 등 연계
○ 서비스 가격(회당 6만원 또는 7만원) 선택 가능(본인부담금 10%)
※ 자립준비청년 및 보호연장아동은 본인부담금 면제",대구광역시 복지정책과,읍면동 행정복지센터,마감,,,,2024. 1월 ~ 8월(8월 이후 사업 종료),주민등록상 거주지 읍면동 행정복지센터에서 신청 가능,,,,,https://www.daegu.go.kr/YouthPolicy/index.do?menu_id=00939139&menu_link=/front/youthpolicy/selectYouthpolicy.do,,N,19,34,,,,,,9,대구광역시,제한없음,제한없음,제한없음,,,제한없음
20240517005400200004,시설제공,업사이클센터 지원,"사용,가능,제작을",업사이클 관련 창업 희망 청년에게 창업공유공간 지원,일자리,"재직자,창업","□ 내용
○ 아이디어 구성 및 시제품 제작을 위한 공간 지원
○ (사용료) 무상 / (관리비) 월 5만원
○ (사용) 입주 선정일로부터 2년 사용 가능(1년 연장 가능)
○ 규모 : 공유사무실 399.55㎡(한국업사이클센터 1층 사무실, 2층 코워킹스페이스 등) 중 1기업 당 12㎡",미래혁신성장실 창업벤처혁신과,대구녹색환경지원센터,마감,,,,,,,,,,https://www.daegu.go.kr/YouthPolicy/index.do?menu_id=00939137&menu_link=/front/youthpolicy/selectYouthpolicy.do,https://kupc.or.kr/,N,19,39,,,,,,9,대구광역시,제한없음,제한없음,제한없음,,,제한없음
20240517005400200010,프로그램,동작 청년 1인가구 무료 건강검진,"검사,1인가구,3종",건강관리에 소홀하기 쉬운 1인가구 청년층을 대상으로 건강검진을 실시하여 건강관리의 필요성을 인식시키고 질병의 조기 발견 및 예방을 통한 구민 건강증진에 기여하고자 함,복지문화,건강,"□ 운영시간 : 평일 9:00 ~ 11:00 (방문접수)
□ 검진사항 : 동작구보건소 1층 건강검진실
□ 준비사항 : 신분증·주민등록등본 지참, 10시간 이상 금식
□ 청년 1인가구 맞춤형 무료 건강검진서비스 제공(연 1회)
□ 검진 항목 : 총 46종
○(기초 검사)신장, 체중, 비만도, 혈압
○(흉부방사선 검사)결핵 유무
○(혈액 검사)혈액학 검사 8종(빈혈), 당뇨, 간기능 9종, 신장기능 3종, 고지혈증 3종, 간염검사(A·B형), 갑상선(TSH), 성병(HIV, 매독)
○(소변 검사)당, 단백, 요잠혈, pH, 빌리루빈, 유로빌리노젠, 케톤체, 아질산염, 백혈구뇨, 비중",보건의약과,동작구보건소,마감,,,,-,방문접수(*10시간 이상 금식),-,,-,문의 : 02)820-9477,https://www.dongjak.go.kr/healthcare/main/contents.do?menuNo=300205,,N,19,39,,,,-,-,17,서울 동작구,제한없음,제한없음,제한없음,,,제한없음
20240516005400200026,기타,청년정책 아이디어 공모전,"정책제안의,제고하며,관심도를",청년의 정책 관심도를 제고하며 정책제안의 기회를 제공,참여권리,"청년참여,정책인프라구축","ㅇ (시상 및 상금) 최우수 1건(500천원), 우수 2건(300천원) 장려 4건(100천원)",부산진구청,부산진구청,마감,,,,-,-,□ 2024.6.14.(금),,□ 공고 확인,□ 해당없음,https://www.busanjin.go.kr/,,N,18,39,,,,"□ (심사기준) 실시 가능성, 창의성, 효과성/경제성, 계속성, 적용범위",-,7,부산 부산진구,제한없음,단기근로자,제한없음,,,제한없음
20240516005400200011,상담,사상구 면접 A to Z 운영,"면접,사상구,면접기술","미취업 청년을 대상으로 면접컨설팅, 면접기술 교육, 모의면접등 제공",일자리,재직자,"□ (목적) 면접 기술 및 경험 체득으로 청년들의 자신감 및 취업 경쟁령 향상
□ (주요내용) 면접 컨설팅 4회 제공",부산광역 사상구,구청직접수행,상시,기타,,,종료,-,-,https://www.sasang.go.kr/index.sasang,□ 공고 확인,없음,,,N,19,39,제한없음,,,-,없음,296,부산 사상구,제한없음,제한없음,제한없음,,,제한없음
20240516005400200010,상담,청년 소셜리빙랩 사업,"발굴,해결을,개선",청년주도 지역사회 문제 발굴 및 개선 지원,일자리,"재직자,창업","□ 사회문제 발굴, 해결을 위한 활동비 지원ㅇ 역량강화 교육, 전문가 멘토링 지원",부산광역시 남구,(사)사회혁신연구원,마감,,,,-,-,-,https://www.rise.or.kr:452/board/bbs/board.php?bo_table=bo19&wr_id=2390,공고 확인,-,https://www.bsnamgu.go.kr/index.namgu?menuCd=DOM_000000102012003000,,N,18,39,,,,-,-,16,부산 중구,제한없음,제한없음,제한없음,,,제한없음
20240516005400200022,현금지급,청년 버스킹 활성화 사업,"버스킹,활성화,송도해수욕장",청년예술가에게 창작활동의 장을 제공하고 지역주민에게 품격 높은 공연을 제공하여 지역 활력 제고 및 거리공연 문화의 발판을 마련하여 청년 문화예술 활성화 도모,복지문화,건강,"□ (주요내용) 사전심사를 거쳐 송도해수욕장, 구덕운동장 등 버스킹 행사 개최 지원 및 출연료 지급",부산광역시 서구 복지정책과,부산광역시 서구 복지정책과,마감,,,,-,-,-,,공고 확인,없음,https://www.bsseogu.go.kr/index.bsseogu,,N,19,39,,,,-,□ 참여요건 미충족자,7,부산 서구,제한없음,제한없음,제한없음,,,제한없음
20240516005400200008,기타,청년 자기개발 도서구입비 지원,"자기개발,지역서점연계를,지역서점활성화",미취창업 청년들의 자기개발 역량을 강화하며 지역서점연계를 통한 지역서점활성화 제고,일자리,"재직자,창업","□ (주요내용) 300명, 연 1회, 최대 5만원 실비 지원",부산광역시 남구,부산광역시 남구,마감,,,,-,-,-,,공고 확인,없음,https://www.bsnamgu.go.kr/,,N,18,39,,,,-,□ 남구 1년 이상 거주 18~39세 미취창업 청년 이외의 자,18,부산 중구,제한없음,미취업자,제한없음,,,제한없음
20240516005400200016,교육,동구 청년대학 추진,"소통교육,세대별,인문",□ 청년을 위한 직업·문화·인문 등 평생학습을 통해 새로운 삶의 시작에 평생학습 강좌 제공,"일자리, 교육","취업,미래역량강화","□ (주요내용) 취·창업 교육, 직장생활 역량강화 교육, 세대별 소통교육 등",부산광역시 동구 교육정보과,부산광역시 동구 평생학습관,마감,,,,-,-,-,https://www.bsdonggu.go.kr/reserve/index.donggu?menuCd=DOM_000000701001000000,□ 공고 확인,□ (청년) 20~39세 (신중년) 40~64 세 대상,https://www.bsdonggu.go.kr/lll/index.donggu?menuCd=DOM_000000601001006000,,N,20,39,,,,"□ 신청방법 : 동구 평생학습관 홈페이지 접수(선착순 마감, 개별문자 통보)모집인원 50% 미만 시, 폐강","□ 20~39세 청년은 청년 대상 및 통합 교양강좌 신청가능하나,신중년 대상 강좌(목공, 수납, 강사양성 등)는 지원 불가",11,부산 동구,제한없음,제한없음,제한없음,,,제한없음
20240516005400100004,현금지급,ICT 학점연계 프로젝트 인턴십,"실습생,정부지원,기업부담",과학기술정보통신부와 정보통신기획평가원에서는 정보통신 관련학과 대학생이 학점 인정을 조건으로 국내·외 기업에서 제안한 ICT 관련 직무중심 인턴십을 수행하도록 지원 사업,"일자리, 교육","취업,미래역량강화","(국내과정)
- 연수업체 : 인턴십 운영지원금(정부지원) 월 120만원 x 실습생 수 
- 학생 : 실습생 수당(기업부담) : 최저임금액(22년도 기준 1,914,440원)/월 이상

(글로벌과정)
- 체제준비금(정부지원) 왕복 항공료, 비자발급 수수료, 의료보험 등
- 실습생 수당(기업부담) 월 $2,000이상
- 실습생 지원금(정부지원) 월 150만원(기업부담 금액별 상이)",과학기술정보통신부,한국정보산업연구회,마감,,,,,,,https://ictintern.or.kr/loginGo.do,,"인턴 직무
- 소프트웨어의 개발 및 구현
- 하드웨어의 설계/개발 및 구축
- 정보통신 서비스
- 그 밖의 정보통신융합 등 분야에 관련된 직무수행


문의
한국정보산업연합회 산학협력실(02-2046-1466~1469)",https://www.ictintern.or.kr/homepage/system/systemView.do,https://www.ictintern.or.kr/homepage/trainingCompany/companyList.do,N,18,34,,,,"· 연수기업 : 국내·외 ICT분야 중소 · 중견 · 벤처기업 · 공공기관 등
· 참여대학 : 고등교육법에 따른 대학, 산업대학, 교육대학, 전문대학, 원격대학, 기술대학
· 학생 : 참여대학의 정보통신 관련학과에 재학 중인 전공자, 복수전공자 또는 부전공자

(국내) 대학 전체과정 중 50% 이상 이수학생 (4년제 대학 4학기, 2년제 대학 2학기 이상 이수학생)
(글로벌) 대학 전체과정 중 75% 이상 이수학생 (4년제 대학 6학기, 2년제 대학 3학기 이상 이수자)",-,19,전국,제한없음,제한없음,제한없음,,,제한없음
20240514005400200005,상담,5월 찾아가는 자기소개팅-대면(고양시),"5월,상담사와,함께하는",취업 전문 컨설턴트와 함께하는 1:1 오프라인 컨설팅,일자리,"재직자,창업","□ 내용 : 취업 전문 상담사와 함께하는 1:1 대면 컨설팅
(진로, 자소서 및 면접컨설팅 등 맞춤 상담)
□ 기간 : 2024년 5월 1일~2024년 5월 31일
□ 일정 : 신청 후 상담사와 협의 (60분)",고양시 청취다방,,마감,,,,,,,https://goyangjobcafe.kr/archives/37262,,,https://goyangjobcafe.kr/archives/category/programs/joba,,N,18,39,,,,,,4,경기도 고양시,제한없음,제한없음,제한없음,,,제한없음
20240514005400200015,상담,5월 청스타-대면 심리상담(고양시),"청스타,상담사와,고양시",고양시 청년의 마음건강을 위한 1:1 대면 심리상담 '청스타'(청년스트레스타파),복지문화,건강,"□ 내용 : 고양시정신건강복지센터 전문상담사와 함께하는 1:1 대면심리상담
□ 위치 : 상담사와 협의
□ 일정 : 신청 후 상담사와 협의(60분)",고양시 청취다방,,마감,,,,,,,https://goyangjobcafe.kr/archives/37250,,,https://goyangjobcafe.kr/archives/category/programs/maker,,N,19,39,,,,,,6,경기도 고양시,제한없음,제한없음,제한없음,,,제한없음
20240514005400200014,상담,5월 마음소풍-대면 심리상담(고양시),"대면,심리상담,전문상담사와",전문상담사와 함께 하는 1:1 대면 심리상담(심화),복지문화,건강,"□ 내용 : 전문상담사와 함께 하는 1:1 대면 심리상담(심화)
□ 상담장소 : 고양시 관내(상담사와 장소협의)
□ 상담 일정 : 신청 후 상담사와 일정 협의 (상담시간은 회당 60분)",고양시 청취다방,,마감,,,,,"□ 신청 : 구글폼/증빙서류(처음1회만) 작성 및 제출 후 신청하기 클릭
※구글폼 http://tinyurl.com/2ym67hpw
※증빙서류 제출이메일 : gy3679@korea.kr",,https://goyangjobcafe.kr/archives/37248,,,https://goyangjobcafe.kr/archives/category/programs/maker,,N,18,39,,,,,,4,경기도 고양시,제한없음,제한없음,제한없음,,,제한없음
20240514005400200011,현금지급,"청년 베이스캠프(위기 청년지원, 대구)","대구,청년을,053",월성종합사회복지관 청년베이스캠프에서 대구 거주 만19세-39세의  심각한 위기에 처한 청년을 지원합니다.,복지문화,"취약계층 및 금융지원,건강","□ 지원금액 : 1인 최대 200만원 지원( 판정회의를 통해 급박한 위기상황 청년 선발 지원)

복지 수혜를 받지 못하는 청년을 대상으로 지원하는 사업입니다.
도움이 절실한 청년은 053-710-3350으로 연락주시고

주위에 힘든 친구나 이웃이 있다면 관심을 가지고 정보 공유해주세요.",대구광역시,월성종합사회복지관,마감,,,,,"□ 지원절차 : 매월 15일 접수 마감  → 판정회의  → 선정발표 → 추가 요청 서류제출→ 매월 30일~익월 5일 지원금 지급

□ 신청방법 신청서 메일접수 wsws1004@hanmail.net
    메일 제목에 신복지_(성명)이00 신청서 제출이라고 꼭 기재해주세요",,https://m.blog.naver.com/1004wsws,,,https://dgjump.com/open_content/info/info_list_01_view?ap_seq=4497&pg_param=search_title%3D%26amp%3Bsearch_cate%3D01%26amp%3Bsearch_flag%3D%26amp%3Bsearch_sdate%3D%26amp%3Bsearch_edate%3D%26amp%3Bsearch_youth%3D%26amp%3Bsearch_order%3D,,N,19,39,,,,"□ 지원자격 : 청년가구 소득 기준 중위소득 60% 이하, 원가구 소득 기준 중위소득 100% 이하","※  부채, 개인보험, 임대료, 저축 등 지원 불가",9,대구광역시,제한없음,제한없음,제한없음,,,제한없음
20240513005400200011,상담,청년 창업·창직 Plus Up!(대구),"제작,mvp,바탕으로",스스로의 적성과 역량을 고려하여 청년 예비 창업자의 창조적인 아이디어를 구체화하고 지속적인 피드백 제공을 통해 최소 요건 제품 'MVP(Minimum Viable Product) 제작을 지원,일자리,"재직자,창업","□ 지원내용
○ 창업아이템 MVP제작 및 비즈니스 Plus up 교육·맞춤형 멘토링 운영 등
 ① (린스타트업) 고객이 원하는 MVP와 사업모델 개발 실무교육 및 멘토링 지원
 ② (MVP 제작) 최소요건제품 개발에 필요한 설계, 시작품 제작, 디자인 등 제작 지원
 ③ (프로젝트업) 창업 아이디어를 바탕으로 사업계획서 작성방법 등 멘토링 지원
 ④ (메이커톤) MVP제작품과 사업계획서를 바탕으로 메이커톤을 진행하여 성과공유 및 우수 창업팀 발굴
 ⑤ (네트워킹) 선배 창업기업과 청년 예비창업팀의 밋업을 통해 성공창업 유도하고 시너지 창출 기대
 ※ 위 지원내용 및 일정은 추가·변경될 수 있음",대구경북지역혁신플랫폼 전자정보기기사업단,경북대학교 창업지원단,마감,,,,,신청방법 : 이메일 접수 ▶ joeunji@knu.ac.kr,,,,,https://dgjump.com/open_content/info/info_list_01_view?ap_seq=4499&pg_param=search_title%3D%26amp%3Bsearch_cate%3D01%26amp%3Bsearch_flag%3D%26amp%3Bsearch_sdate%3D%26amp%3Bsearch_edate%3D%26amp%3Bsearch_youth%3D%26amp%3Bsearch_order%3D,https://dgei.or.kr/page/cop/bbs/articleDetail.do?menuId=103070000&bbsId=BBSMSTR_000000000179&bbsTyCode=BBST08&nttId=368,N,19,39,,,,,,16,대구광역시,제한없음,(예비)창업자,제한없음,,,제한없음
20240513005400200020,기타,청년 자격시험 응시료 지원사업,"자격시험,응시료,진입을",청년의 구직활동에 따른 경제적 부담을 완화하고 역량개발을 통한 사회 진입을 지원하기 위해 자격시험 응시료 지원,"일자리, 교육","취업,미래역량강화,교육비지원","□ (주요내용) 자격시험 응시료 지원(연1회, 1인당 최대10만원)",부산광역시 남구(일자리경제과),부산광역시 남구,마감,,,,-,-,-,https://www.bsnamgu.go.kr/index.namgu?menuCd=DOM_000000102012011000,□ 공고 확인,□ 문의: 일자리경제과 청년정책팀(051-607-3662),,,N,18,39,,,,-,-,4,부산 남구,제한없음,미취업자,제한없음,,,제한없음
20240510005400200019,현금지급,(재)부산강서구장학회 장학금 지원 사업,"고등학생,000천원,대학생","부산 강서구 고등학생, 대학생 대상 장학사업 추진(재)부산강서구장학회에서 청소년 및 대학생에게 장학금을 지원하여 균등한 교육기회를 제공으로 지역 인재 양성에 기여하고자 함","일자리, 교육","취업,미래역량강화","□ (지원금액) (고등학생) 1인당 1,000천원, (대학생) 1인당 2,000천원",재단법인 부산강서구장학회,부산광역시 강서구 총무과,마감,,,,-,-,-,,-,□ 신청방법 :동행정복지센터 방문 신청,https://www.bsgangseo.go.kr/bsgangseo/bbs/list.do?bsgsIdx=2621&mId=0301130000,,N,19,39,,,,"□ 저소득 가정 자녀 장학생 /자격요건 : 기초생활수급자 가정 
- 추천권자 : 강서구 행정복지센터

□ 학업성적 우수 장학생 / (대학생) 평점이 B학점 이상 
-추천권자 : 강서구 행정복지센터",-,8,부산 강서구,제한없음,제한없음,제한없음,,,제한없음
20240510005400200003,기타,서울청년 기업 직무체험 프로젝트,"맞는,직무를,적성에","대학 재학생이 기업에서 직무를 경험하고, 적성에 맞는 진로탐색을 통해, 기업요구에 맞는 실무형 인재 육성",일자리,재직자,"대학 재학생이 기업에서 직무를 경험하고, 적성에 맞는 진로탐색을 통해, 기업요구에 맞는 실무형 인재 육성",미래청년기획단,,마감,,,,"2024. 1.~12.(1회 4개월, 총 2",-,-,,-,-,,,N,19,39,,,,-,-,6,서울특별시,제한없음,미취업자,"대학 재학, 대졸 예정",,,제한없음
20240510005400200007,기타,서울 청년 밀키트 창업지원,"밀키트,창업,준비된",민관 보유 창업 인프라를 활용한 청년 밀키트 창업 지원으로 준비된 창업가 양성,일자리,재직자,민관 보유 창업 인프라를 활용한 청년 밀키트 창업 지원으로 준비된 창업가 양성,농수산유통담당관,서울농수산식품공사,마감,,,,-,-,-,,-,-,,,N,19,39,,,,-,-,4,서울특별시,제한없음,제한없음,제한없음,,,제한없음
20240510005400200012,기타,청년안심주택 공급(매입),"공급함으로써,민간소유,활성화하고자",역세권(간선도로변)의 민간소유 토지를 체계적으로 개발(민간 주도+공공 지원)하여 쾌적하고 저렴한 주택을 공급함으로써 청년층의 주거안정을 도모하고 지역경제를 활성화하고자 함.,주거,주택 및 거주지,역세권(간선도로변)의 민간소유 토지를 체계적으로 개발(민간 주도+공공 지원)하여 쾌적하고 저렴한 주택을 공급함으로써 청년층의 주거안정을 도모하고 지역경제를 활성화하고자 함.,전략주택공급과,전략주택공급과,마감,,,,-,-,-,https://soco.seoul.go.kr/youth/bbs/BMSR00015/list.do?menuNo=400008,-,"- 공공임대 문의 : 1600-3456
* 청년안심주택의 원활한 공급 및 운영을 위하여 사업자 및 입주자를 대상으로 종합적인 컨설팅 및 상담 지원",,,N,19,39,,,,-,-,12,서울특별시,제한없음,제한없음,제한없음,,,제한없음
20240510005400200006,상담,청년 1:1 맞춤형 청년정책종합상담 참여자 모집(광진),"마음건강,상담을,진로","청년 고민 상담을 통해 청년들의 심리건강 회복을 도모하고, 1대1 맞춤형 상담을 통해 진로, 주거, 마음건강, 창업, 문화·예술, 커뮤니티, 생활지원 등 꼭 필요한 정보를 제공 및 지원","일자리, 교육","취업,미래역량강화,재직자","- 진로, 주거, 마음건강 등 청년 일대일 맞춤형 정책상담 및 연계
- 대면/비대면(카카오톡, 전화, 화상채팅) 상담
* 참여 시 KU시네마테크 무료 영화쿠폰 증정",서울시 광진구청,서울청년센터 광진,마감,,,,,"https://bit.ly/광진청년정책상담
* 선호 지역 청년센터 '광진' 선택 필수",,,,"* 심리정서 상담이 필요한 경우 청년상담을 통해 전문 상담 기관과 연계해드립니다.
* 긴급 위기 지원이 필요한 청년의 경우 생활지원(긴급생활비, 생필품, 식료품 등), 법률지원, 의료지원 등이 가능합니다.
문의 : 서울청년센터 광진 02-3409-3890",,,N,19,39,,,,,,10,서울 광진구,제한없음,제한없음,제한없음,,,제한없음
20240509005400200007,교육,2024년 서울 고립·은둔청년 지원사업,"고립,은둔형,일대일",사회이행에 어려움을 겪고있는 고립은둔 청년의 자아회복 및 사회복귀를 지원,복지문화,"취약계층 및 금융지원,건강","□ 설문조사 결과에 따라 유형별 맞춤 프로그램 지원
* 유형 : [활동형 고립] [비활동형 고립] [은둔형 고립]
○ 은둔형 청년(고립 상) : 일대일 회복관리, 일상회복, 공동생활
○ 비활동형 청년(고립 중) : 일대일 맞춤 사례관리, 흥미유발 참여유도 프로그램, 습관형성 회복 프로그램, 사회기술성 향상 프로그램
○ 활동형 청년(고립 하) : 직무교육 기초, 직무교육 심화, 일 경험 기초
공통지원 : 은둔고수 활동, 전용공간, 서울시 패키지지원",서울특별시,서울청년기지개센터,마감,,,,,"① 청년몽땅정보통(https://youth.seoul.go.kr) 로그인
② 포털 상단 [금융복지] → [복지 지원] → [고립은둔청년 지원]
③ 신청자격 자가 확인 → 개인정보 활용 동의 → 신청서 작성(기본정보 등록) → 설문 작성(URL 클릭) → 신청 완료 → 개별 면접
※ 설문 미이행 시 사업참여가 어려울 수 있습니다.
④ 개별 면접 결과에 따라 선정 여부 결정","□ 선정방법
ㅇ 선정기준
  - 설문조사 결과와 기본 입력 사항 등을 토대로 1차 선정
  - 2차 개별 면담(초기상담)을 통해 최종 선정 여부 결정
ㅇ 결과발표 : 개인 연락처로 안내",https://youth.seoul.go.kr/youthConts.do?key=2310100062&sc_pbancSeCd=008&sc_bbsStngSn=2212200001&sc_bbsCtgrySn=2310200007&sc_qnaCtgryCd=&sc_faqCtgryCd=013,,"사업신청과 지원내용 등 사업 관련 문의는
운영기관 : 서울청년기지개센터
위치 : 서울시 종로구 이화장길 70-15, 1,2층
전화번호 : 02-6953-2520
운영시간 : 09:00 ~ 18:00",https://youth.seoul.go.kr/bbs/view.do?pstSn=2404290001&key=2303300002&sc_detailAt=&pageIndex=1&orderBy=regYmd+desc&sc_wDateS=&sc_wDateE=&sc_bbsCtgrySn=2304110001&sc=&sw=&recordCountPerPage=10,,N,19,39,,,,,,28,서울특별시,제한없음,제한없음,제한없음,,,제한없음
20240508005400200002,상담,청년도전지원사업(파주시),"참여수당,도전,인센티브","구직단념청년을 발굴하여 구직의욕 고취 및 자신감 강화, 취업 촉진을 지원하기 위한 맞춤형 프로그램을 제공","주거, 일자리","주택 및 거주지,재직자","○ 프로그램 소개 및 교육내용
  * 도전(단기): 1:1 상담 및 밀착상담, 사례관리, 자신감 회복, 진로탐색, 취업역량강화 프로그램
  * 도전+(중,장기):도전 프로그램 내용을 확대, 참여자의 특성 및 요구에 맞는 외부연계활동 등 추가 운영
   ※자세한 프로그램 및 내용은 홈페이지 참고
   ※프로그램 활동을 촬영하고, 영상 및 사진 등 통영시청년센터 홈페이지 및 SNS에 게시될 예정이니 촬영에 동의하실 청년만 신청 부탁드립니다. 

○ 참여자 혜택
  * 단기 : 참여수당 50만원
  * 중기 : 참여수당 150만원, 이수 인센티브 20만원
  * 장기 : 참여수당 250만원, 이수 인센티브 20만원(취업관련 활동시 +30만원), 취업 인센티브 50만원",경기도 파주시,경기도 파주시,마감,,,,,"○  신청방법 : 인터넷 신청 접수
    - 워크넷 홈페이지 접속 후‘청년도전지원사업’검색, 참여기관 ㈜지에스씨넷 파주지점 필수 선택
    - QR 코드 접속 후 신청 (첨부된 공고문 참고)",,,,"○문의: ㈜ 지에스씨넷 파주지점 청년도전지원사업 담당자  ☎) 031-941-1490, 070-7711-1315(직통)",https://www.paju.go.kr/youth/user/board/BD_board.view.do?bbsCd=9054&seq=20240502144406769,,N,18,34,,,,,"○ 참여제한
  -공통
    :참여자에 해당하더라도 다음의 어느 하나에 해당하는 자는 청년도전 지원사업 참여를 제한
 ① 고용보험법에 따른 구직급여를 받고 있거나 구직급여의 지급이 끝난 날부터 6개월이 지나지 아니한 자*
      * 다만, 고용보험에 가입되어 구직급여 수급자격을 갖춘 경우라도 구직급여를 수급하지 않으면 참여 가능
 ②국민취업지원제도에 참여하여 수혜 중인 자
 ③ 학점은행제, 사이버대학교, 대학원, 방송통신고등(대)학교 등 재학생

  -도전프로그램
 ① 참여요건 충족 시 재참여 가능(이수자 재참여 시 참여수당 등 중복지급 불가)
      ‘도전 프로그램’ 참여 후 종료된 자는 종료일로부터 6개월 경과 후에 ‘도전+ 프로그램’ 참여 가능(단, 당해연도 중복 참여 불가)
         ※ 도전+ 프로그램 이수자는 도전 프로그램 재참여 불가
 ②국민취업지원제도(Ⅰ유형) 참여 중 IAP 수립 시 구직활동지원 프로그램으로 청년도전지원사업 참여를 계획할 경우 중복 참여 가능 (청년도전지원사업 참여 대상 요건 충족 시)
         ※ 단, 청년도전지원사업 참여수당과 국민취업지원제도 구직촉진수당 중복지급 불가 
 ③ 국민취업지원제도(Ⅱ유형) 참여 중 직업훈련, 일경험 미참여 또는 참여 전일 경우 중복 참여 가능(청년도전지원사업 참여 대상 요건 충족 시)
   -도전+프로그램
 ① 국가 또는 지자체의 유사 사업에 참여하여 수당* 등을 지원받은 자로서 수당 지급이 끝난 날부터 6개월이 지나지 아니한 자는 참여 제외 *월평균 50만 원 이상 또는 총 300만 원 이상
         ※ 6개월 산정 시점은 신청일 기준
 ② ‘도전+ 프로그램’ 참여 후 종료된 자는 종료일(이수일 또는 중도탈락일)로부터 1년 경과 후 같은 프로그램 재참여 가능",8,경기도 파주시,제한없음,미취업자,제한없음,,,제한없음
20240507005400200042,현금지급,남해군 청년씨앗통장 참여자 모집,"남해군,본인,20만원",남해군 거주 청년들의 자산형성을 지원하여 안정적인 미래 준비와 자립 지원,복지문화,"취약계층 및 금융지원,건강","□ 지원내용 
○ 남해군 청년씨앗통장 사업이란 : 남해군에서 성실히 근로하는 청년이 12개월 동안 매월 20만원을 적립하면 본인 저축액과 동일한 금액의 자립지원금을 남해군에서 매칭 적립, 만기 시 본인 저축액의 두 배 금액과 이자를 지급하여 교육, 주거, 결혼 등 생활안정자금 마련하여 자립기반 조성에 활용토록 한 통장

○ 월 저축 금액 및 지원내용
- 월 적립금액 : 본인 저축액 20만원 / 군 지원 20만원
- 적립기간별 총 적립금 : 1년(12개월) 480만원+이자
※비고 : 매월 적립시",전략사업단,주관기관과 동일,특정기간,특정기간,20250106,20251231,,□ 신청방법 : 주소지 읍&middot;면 행정복지센터에 신청자(청년) 직접 방문 신청,"□ 사업추진일정
- 신청서 접수 : 2025. 1. 6.(월) ～ 1. 17.(금)
- 신청자 적격심사 : 2024. 1. 22.(수)까지
- 대상자 선정 : 2024. 1. 23.(목)
- 사업 시행 : 2024. 1. ~ 12.",,□ 제출서류 : 가입신청서 외 (남해군 홈페이지에서 서식 다운로드 가능),공고문 참고,https://www.namhae.go.kr/modules/saeol/gosi.do?amode=_view&amp;not_ancmt_mgt_no=32275&amp;cpage=1&amp;siteGubun=socialm&amp;pageCd=SM010110000&amp;stype=title&amp;sstring=%EC%94%A8%EC%95%97,,N,19,34,제한없음,기타,중위소득 130%이하,공고문 참고,"□ 제외대상 : 다음의 하나에 해당하는 경우에는 신청이 불가능합니다. 
① 이전 청년씨앗통장 참여자(2021년 최초시행)
② 신청자 본인이 기초생활수급자인 경우
③ 중앙정부, 타 지자체 유사사업 기참여자(희망키움통장, 내일키움통장, 청년희망키움통장, 청년저축계좌, 청년내일채움공제, 경상남도의 청년내일채움공제 등)
④ 국가 및 지방자치단체(출자·출연기관 포함)에 근무하는 공무원, 공무직
⑤ 군복무자 및 군복무 대체 근무자(산업기능요원, 사회복무요원 등)
☞ 선정 된 후 군복무를 위하여 입대하는 경우 중도해지 됨
⑥ 재학생(고등학교, 대학교, 대학원 등)
☞ 휴학생, 졸업 예정자, 방송대, 사이버대 재학생은 신청 가능 (증빙서류 제출 시)
⑦ 신청자 본인의 통장 개설이 불가능한 자
⑧ 그 밖의 사치·향락·도박·사행 등 비사회적 업종 종사자 및 운영자 등 부적절하다고 판단되는 자",27,경상남도 남해군,제한없음,"재직자, 자영업자, 영농종사자, 기타",제한없음,20250106,20250117,제한없음
20240503005400200001,정보제공,청년인재등록(의왕시),"추천,의왕시,전달",청년들의 시정 참여기회를 확대하고 청년인재 발굴을 위해 청년인재풀(pool)운영,"일자리, 참여권리","취업,청년참여","○ 인재운영 내용
  -의왕시 각종 위원회 위원, 자문·심사·평가위원 추천 
  -기업체 인재 요청 시 추천, 강사 추천  
  -청년정책 정보 전달 및 홍보",경기도 의왕시,경기도 의왕시,상시,특정기간,20250101,20251231,,"ㅇ 등록방법 
  -의왕시청 홈페이지 → 소통참여 → 신청접수센터 → 청년인재  등록 → 정보기입 → 등록하기",,https://www.uiwang.go.kr/UWKORCOM1023,, 문 의 : 의왕시청 기업일자리과 일자리청년팀(☎031-345-2712),,,N,19,39,,,,,,40,경기도 의왕시,제한없음,제한없음,제한없음,,,제한없음
20240502005400200023,현금지급,청년근로자 행복카드 지원사업,"행복카드,지급,50만원",경상북도 청년근로자의 복지 향상을 위한 복지포인트 지급,"일자리, 복지문화","재직자,건강","□ 1인 연간 100만원 행복카드(포인트) 지급
- 근속 유도를 위해 최초 선정시 50만원, 6개월 근속시 50만원 추가 지급
- 사용분야: 건강관리, 여가활용, 자기계발 등의 분야에서 자유롭게 사용 가능

□ 복지항목 신청관리 및 승인, 복지대금 지급

□ 지원사업에 대한 만족도 조사 등을 통한 사후관리",경상북도,(재)경상북도경제진흥원,마감,,,,,근로자신청-선정-복지포인트지급,신청일로부터 익월 10일 경,http://gbyouth.co.kr/policy/list.tc?mn=2379&pageNo=5069&no=624,"주민등록초본, 건강보험자격득실확인서, 건강보험납부확인서, 4대보험가입내역확인서, 근로계약서, 사업자등록증, 중소기업확인서 등",-,http://gbyouth.co.kr/policy/list.tc?mn=2379&pageNo=5069&no=624,,N,19,39,,,,-,"□ 중앙부처 및 지방자치단체의 유사 복지사업에 수혜 중인 자, 
경북 청년복지사업에 참여중 또는 참여 완료 1년 미경과한 자, 
선정 이후 이직 또는 퇴사한 자, 
행복카드 기선정자 등",13,경상북도,제한없음,제한없음,제한없음,,,제한없음
20240502005400200010,교육,울산 남구 취업준비교실,"방법,남구,기업","취업준비를 시작하는 취준생을 위한 기업/직무 분석 방법, 취업정보 수집 관련 정보 제공 및 활용법 특강",일자리,취업,"□ 운영기간 : 2024. 4. ~ 12. (총 20회/ 월별 2~3회)
※ 자세한 일정 포스터 참고

□ 운영시간 : 회별 1시간 30분 (14:00~15:30)

□ 장소 : 울산 남구 대학로 130, 2층 청년일자리카페

□ 교육내용
- 문/이과 통합 취업준비전략
- 산업분석 및 기업, 직무분석 방법
- 기업별 자기소개서 항목분석 및 작성법
- NCS 직업기초능력평가 길라잡이",울산광역시 남구 청년일자리카페,주관기관과 동일,마감,,,,-,"□ 모집방법 : 방문 및 전화접수(☎ 052-260-2700) 구글링크·QR코드를 통한 온라인 접수
※QR코드 : 포스터 참고",-,,-,-,https://www.ulsannamgu.go.kr/namgujob/board/namgu/view.do?nttId=3942&pageIndex=1,,N,19,39,,,,-,-,7,울산광역시,제한없음,제한없음,제한없음,,,제한없음
20240502005400200001,현금지급,밀양시 청년 일자리 장려금 대상자 모집,"밀양시,지역청년,재정적",밀양시 관내 중소기업에 취업한 지역청년 근로자의 재정적 안정을 지원하고 안정적인 지역정착을 도모,일자리,"취업,재직자",□ 지원금액: 분기별 50만 원 지원(1년간 최대 4분기 지원),밀양시청 일자리경제과,주관기관과 동일,마감,,,,2024. 1. ~ 12.,"□ 신청방법
- 신청서류 : 밀양시 홈페이지(www.miryang.go.kr) 고시공고에서 다운로드
- 제출방법 : 방문접수 및 등기우편 접수(마감일 도착분에 한함)
- 제출처 : 밀양시 일자리경제과 청년정책담당",공고문 참고,,"□ 제출서류 * 모든 발급서류는 공고일 이후 발급된 서류로 아래 순서대로 제출
① 신청서 및 개인정보제공동의서 [붙임 1, 붙임 2]
② 근로계약서 사본 1부 및 재직증명서 1부
③ 주민등록등본, 가족관계증명서
④ 등본상 가구원 각 건강보험료 납부확인서 1부, 건강보험 자격득실확인서 1부.(가구원 모두 신청자의 건강보험료 피부양자일 경우 신청자만 제출)
⑤ 사업자등록증 사본 1부 및 중소기업확인서 1부.",공고문 참고,https://www.miryang.go.kr/web/bbs/selectNoticeDetail.do?mnNo=20901000000&owd=&bbsId=BBSMSTR_000000000083&nttId=156389&searchCnd=&searchWrd=&pageIndex=1,https://www.miryang.go.kr/web/eMinwonView.do?mnNo=20903000000&owd=&searchCateId=01%2C02%2C03%2C04%2C05&searchCnd=&searchWrd=&idx=51319,N,18,39,,,,공고문 참고,"□ 제외대상
○ 청년내일채움공제, 구직활동지원금, 취업성공패키지에 참여중인 자
○ 채용기업 사업주의 배우자, 직계존비속, 형제, 자매
○ 소비, 향락업체, 근로자파견업체 및 근로자 공급업체
○ 그 외 대상자 선정이 부적정하다고 판단되는 자 등",12,경상남도 밀양시,제한없음,재직자,제한없음,,,중소기업
20240430005400200001,대출,청년창업 특례보증(안양시),"경기신용보증재단,상세한,이내",자금력으로 인한 어려움을 겪는 청년창업기업 융자지원,일자리,"취업,창업","○ 보증한도 : 업체당 5천만원 이내
○ 보증기간 : 3년 이내
○ 보증기관 : 경기신용보증재단

* 보다 상세한 내용은 공고문을 참고해주세요.",경기신용보증재단 안양지점,,마감,,,,,"○지원절차
신청(기업→경기신용보증재단)⇒추천(안양시 →경기신용보증재단)⇒보증서발급(경기신용보증재단)",,,,,https://www.anyang.go.kr/youth/contents.do?key=3644,,N,19,39,,,,,,5,경기도 안양시,제한없음,자영업자,제한없음,,,제한없음
20240429005400200007,프로그램,[금산군] 금빛시장 청년몰 청년상인 모집 운영,"점포,임대료로,청년상인",□ 청년 창업을 위한 점포 임대,일자리,"취업,창업",□ 청년 창업자에게 저렴한 임대료로 점포 제공,금산군청,금산군청 경제산업국 경제과,마감,,,,□ 2024.01.01.~2024.12.31.,□ 공고시 금산군에 직접 신청,□ 사업 공고시 참조,,,,https://youth.chungnam.go.kr/web/main/customSupp/M030-03/view?bizId=A20240325LC000000000002015,,N,18,39,,,,,□ 사업자를 소지한 자,3,충청남도 금산군,제한없음,미취업자,제한없음,,,제한없음
20240429005400200015,프로그램,4-H연합회 과제포 지원,"공동과제포,h연합회,운영비",□ 청년농업인(4-H연합회)의 소득 작목 탐구를 위한 공동과제포 운영 지원,"일자리, 교육","취업,미래역량강화,재직자","□ 공동과제포 운영비 지원
  ※ 1,000만원",충청남도 금산군,충청남도 금산군 농업기술센터,마감,,,,□  2024.01.01.~2024.12.31.,,,https://www.geumsan.go.kr/nongup/,,,https://www.geumsan.go.kr/nongup/,,N,18,39,,,,,,3,충청남도 금산군,제한없음,제한없음,제한없음,,,제한없음
20240424005400200029,현금지급,청년 행복알바사업(구리시),"구리시,휴게시간,30분",구리시 미취업 청년에게 단기일자리를 제공함으로써 현장경험을 통한 취업역량 강화 및 생계안정에 기여,"일자리, 교육","취업,미래역량강화","▶ 사업기간 : 2024. 1. ~ 2. / 7. ~ 8. (총 4개월)
▶ 사업내용 : 공공업무 보조 등
▶ 근무장소 : 시청, 사업소 각 부서 및 동 행정복지센터
▶ 참여자 임금 및 근로조건
- 시 급9,860원(2024년 최저임금)
- 교통비·간식비 등 부대비용 지급1일 5,000원
- 주·연차수당 지급4대보험 가입
- 근로시간주20시간 (일 4시간/주5일근무) 
※근무시간 외 휴게시간 30분 제공",구리시 일자리경제과 일자리정책팀,,마감,,,,,,,,,,https://www.guri.go.kr/youth/contents.do?key=5415,,N,19,39,,,,,,6,경기도 구리시,제한없음,미취업자,제한없음,,,제한없음
20240424005400200039,현금지급,청년수당 진로탐색지원형(대구),"수당지급,다양한,포인트","청년들에게 다양한 경험의 기회를 제공하여 다양한 삶과 진로를 모색할 수 있도록
정보공유 및 교육을 제공하여 사회진입활동을 지원하기 위한 사업","일자리, 교육","취업,미래역량강화","□ 지원금액
생애 1회 150만원
지급방식 : 청년응원체크카드(포인트) 지급
지원금(포인트) 사용기한 : 4개월

□ 프로그램 
진로탐색N길 : 진로와 새로운 삶의 방향 모색을 위한 다양한 분야의 학과별 운영으로 재능개발 등 진로탐색 프로그램 제공


□ 수당지급
① 프로그램(1~2개월) 수료 → ② 청년실태 설문참여 및 활동계획서 작성 → ③ 수당지급(대구시) → ④ 4개월간 지원금(150만원) 사용 후 활동결과보고서(만족도 설문) 제출",대구광역시,대구시 청년센터,마감,,,,,,,https://youthdream.daegu.go.kr/support/introduce/03,,,https://youthdream.daegu.go.kr/support/introduce/03,,N,19,39,,,,,"□ 제외대상
- 재학생(휴학중 포함)
단, 졸업학년 휴학생 및 졸업 예정*유예*수료 증명 제출자 신청 가능

- 신청일 현재 생계급여(기초생활보장제) 수급자

- 사업자등록(고유번호증 포함) 되어있는 자

- 실업급여, 국민취업지원제도, 취업성공패키지 등 정부 및 지자체의 유사사업 참여중인 자
단, 국취제도 종료 후 제한기간(6개월) 경과 후 참여 가능

- 본 사업에 이미 참여한 이력 있는 자",34,대구광역시,제한없음,미취업자,"고졸 미만, 고졸 예정, 고교 졸업, 대졸 예정, 대학 졸업",,,제한없음
20240424005400200050,현금지급,청년수당 상담연결형 사업 (대구),"청년수당,사회진입활동을,사용기한","청년의 진로, 창업, 부채, 취업, 심리 등 여러분야에 대한 고민을 1:1맞춤형 상담을 1회 실시한 후
대구형 청년수당 30만원을 지급함으로써 사회진입활동을 지원하기 위한 사업",복지문화,건강,"□ 미취업청년을 위한 1:1 맞춤상담과 설문조사 과정을 완료한 청년에게, 사회진입활동지원금(청년수당) 30만원 지원
 ○ 지급방식 : 청년응원체크카드 개설 후 카드포인트 형태 지급
 ○ 사용기한 : 지급일로부터 4개월",대구시,대구시청년센터,마감,,,,,,,,"□ 제출서류
※ 공지사항의 제출서류 상세안내와 작성서식 필히 확인
(필수서류) 주민등록등본, 최종학력증명, 본인 및 세대원의 정보제공동의서
(추가서류) 근로계약서 및 급여명세서, 주민등록초본(병역사항포함)","□ 주의 !
- 참여신청 후 상담을 완료하더라도, 신청자격 부적격으로 최종 확인되는 경우 선정되지 않으며, 사회진입활동지원금(청년수당)이 지급되지 않습니다.
- 모든 개별안내는 SMS통지로 일괄 이루어집니다.
연락불가상태 및 통지 미확인으로 인한 책임은 본인에게 있습니다.",https://youthdream.daegu.go.kr/support/introduce/02,,N,19,39,,,,,"□ 제외대상
 재학생(휴학중 포함) 단, 졸업학년 휴학생 및 졸업 예정*유예*수료 증명 제출자 신청 가능
- 방송통신대학 및 사이버대학교 재학생 신청 가능
- 신청일 현재 생계급여(기초생활보장제) 수급자
- 사업자등록(고유번호증 포함) 되어있는 자
- 실업급여, 국민취업지원제도, 취업성공패키지 등 정부 및 지자체의 유사사업 참여중인 자
단, 국민취업지원제도의 경우 상담연결형은 동시참여 가능하며,진로탐색지원형은 국취제도 종료 후 제한기간(6개월) 경과 후 참여 가능
- 본 사업에 이미 참여한 이력 있는 자 단, 참여 후 2년 경과자는 재참여 가능",33,대구광역시,제한없음,미취업자,"고졸 미만, 고교 졸업, 대학 졸업",,,제한없음
20240424005400200038,교육,창의융합형공학인재양성지원사업(국가직접지원),"공과대학,경쟁력,수립하고",공과대학 스스로 공학교육혁신을 위한 방향을 수립하고 산업계 수요 및 대학특성에 맞는 공학교육 프로그램을 개발·운영하여 창의적 공학인재 양성 및 공학교육의 글로벌 경쟁력 제고,"일자리, 교육","취업,미래역량강화,재직자","□ 목적 

○ 공과대학 스스로 공학교육혁신을 위한 방향을 수립하고 

○ 산업계 수요 및 대학특성에 맞는 공학교육 프로그램을 개발·운영하여 

○ 창의적 공학인재 양성 및 공학교육의 글로벌 경쟁력 제고



□ 세부내용 

○ 미래형 이동수단 분야의 경쟁력 있는 공학인을 배출하기 위한 교육 프로그램 운영 

○ 산업체와의 미스매치 해소를 위한 산학프로그램 운영 

○ 컨소시엄 대학 간 성과 공유 및 확대


□ 지원상세

○ 사업대상

-제주대학교 공과대학 학생

-연령 기준) : 만19세~34세",제주대학교 / 제주대학교 공학교육혁신센터,제주대학교 / 제주대학교 공학교육혁신센터,특정기간,,,,,,,,,,https://jejuyouthdream.com/policy/252?page=2&size=48,,N,19,34,,,,"지역기준 : 제주도, 제주시, 서귀포시",,29,제주특별자치도,공학계열,제한없음,대학 재학,20240301,20280229,제한없음
20240424005400200009,상담,대학 일자리 플러스 센터 운영,"가능,진로,창업","- 전문 컨설턴트에게 진로,취업,창업 상담 가능

- 교육프로그램, 취업박람회, 취업컨설팅 등에 참여 가능

- 정부와 지자체에서 제공하는 진로·취·창업 지원 서비스를 안내

- 진로취업전담교수 등을 통해 체계적인 진로지도제공",일자리,취업,"□ 지원내용
  ○ 대표 내용 / 지원 대상자
   - 대학 내 취업지원부서, 여대생 커리어센터 등 취업·창업
   - 지원 기능을 통합 및 연계하여 청년에게 원스톱 고용서비스 제공하며, 청년고용정책 안내 및 고용센터*지자체 등 유관기관과의 연계 프로그램 및 서비스 제공
   - 재학생 및 지역청년(만 15세 ~ 34세)

  ○ 지원받을 수 있는 사항
  - 전문 컨설턴트에게 진로,취업,창업 상담 가능
  - 교육프로그램, 취업박람회, 취업컨설팅 등에 참여 가능
  - 정부와 지자체에서 제공하는 진로·취·창업 지원 서비스를 안내
  - 진로취업전담교수 등을 통해 체계적인 진로지도제공

  ○  아래의 경우 참여 가능
  - 청년이라면 누구나 원하는 대학일자리센터에 방문 가능
  - 대학재학생은 물론, 고졸청년, 졸업생 등 모든 지역 청년이 무료 가능
  - 본인 소속 대학이 아니어도 가까운 대형 대학일자리센터에서 서비스 이용 가능",제주특별자치도 / 고용센터(취업지원총괄팀),제주특별자치도 / 고용센터(취업지원총괄팀),특정기간,,,,,"○ 신청방법

  1) 참여학교 검색 및 상담 예약
   - 워크넷 개인회원 로그인 후 원하는 학교, 날짜, 시간을 지정하여 취업 상담예약을 신청

  2) 학교 취업지원실 방문
   - 접수가 완료되면 예약을 지정한 날짜, 시간에 맞춰 우리학교 취업지원실을 방문.

  3) 취업 및 진로상담
   - 나에게 꼭 맞는 전문적인 취업 및 진로상담 진행",,https://www.work.go.kr/empWelfareSrv/recommendSrv/srvEmpPolDetail.do?svno=P0009,,,http://www.work.go.kr/jobyoung/main.do,https://jejuyouthdream.com/policy/91?page=2&size=48,N,19,34,,,,"○ 주요 추진성과
  - 원스톱 청년취업지원 인프라 구축·활용
  - 대학일자리플러스센터의 원스톱 기능·위상, 전문인력 전문성 및 교수역할, 경력개발시스템 구축 및 활용성 강화 등
  - 청년 취업지원 서비스 제공
  - 취업지원 체계 구축·활용, 진로취업·심리 통합연계 상담서비스 제공,  취업지원 프로그램 기획과 제공, 기업발굴·매칭 등 취업지원 강화, 졸업생 취업지원 강화
  - 지역 청년고용지원서비스 및 청년 체감도
  - 지역청년 관련 협업 및 취업지원서비스 제공, 거점형 특화프로그램의기획 및 운영,  청년고용정책 및 대학일자리플러스센터 체감도 제고",,68,제주특별자치도,제한없음,제한없음,제한없음,20240301,20250228,제한없음
20240423005400200030,기타,청년 월세 한시 특별지원(2차) 사업 (대구),"24개월,20만원씩,실제","경제적 어려움을 겪는 청년층의 주거비 부담 경감을 위해 실제 납부하고 있는 월세를 최대 월 20만원씩, 24개월(회) 간 지원하는 사업",주거,"주택 및 거주지,전월세 및 주거급여 지원",□  실제 납부하는 임대료 범위 내에서 최대 20만원씩 24개월(회) 간 지원,국토교통부,주소지 관할 행정복지센터,특정기간,특정기간,20240301,20271231,,"□ 신청방법 
 (온라인) 복지로 누리집(www.bokjiro.go.kr) 혹은 어플리케이션
 (오프라인) 주소지 관할 행정복지센터

 ※ 사전모의계산 : 복지로(www.bokjiro.go.kr), 마이홈포털(www.myhome.go.kr)",신청서 제출 → 접수 및 소득.재산 조사 → 지원결정 통보(접수일로부터 45일 이내),https://www.bokjiro.go.kr,"① 월세지원 신청서  ② 소득.재산 신고서 ③ 임대차계약서(전입신고 필수) ④ 월세이체내역(최근 3개월) ⑤ 입금통장 사본 및 청약통장 사본 ⑥ 가족관계증명서(상세) : 청년본인, 부, 모",,https://dgjump.com/open_content/info/info_list_01_view?ap_seq=4228&pg_param=search_title%3D%26amp%3Bsearch_cate%3D%26amp%3Bsearch_flag%3D%26amp%3Bsearch_sdate%3D%26amp%3Bsearch_edate%3D%26amp%3Bsearch_youth%3D1%26amp%3Bsearch_order%3D,,N,19,34,제한없음,기타,(청년독립가구)기준중위소득 60% 이하 및 (원가구)기준중위소득 100% 이하,"재산기준 : (청년독립가구) 1억2천2백만원 이하, (원가구) 4억7천만원 이하","부모와 거주하는 경우, 주택 소유자, 2촌이내 주택 임차, 공공임대주택 거주, 1실에 다수가 거주하는 방식의 전대차, 월세 지원사업 수혜 중인 경우 등",290,대구광역시,제한없음,제한없음,제한없음,20240226,20250225,제한없음
20240423005400200009,기타,면접사진 촬영(김포시),"면접사진,촬영,김포시",구직준비관련 사진촬영을 지원함,일자리,취업,o퍼스널컬러가 적용된 나만의 면접사진 촬영,"경기도 김포시, 김포청년공간 창공","경기도 김포시, 김포청년공간 창공",마감,,,,,o참고사이트(김포청년공간 창공)을 통한 온라인 신청,,,,o문의:김포청년공간 창공 (031-997-2557),https://www.jobaba.net/sprtPlcy/info/view2020.do?seq=12494,https://blog.naver.com/gimpospace/223347215448,N,19,34,,,,,,6,경기도 김포시,제한없음,제한없음,제한없음,,,제한없음
20240423005400200034,상담,1:1 스피치 컨설팅(김포시),"스피치,비대면,컨설팅",김포청년공간에서 제공하는 스피치 능력향상 및 면접스피치 관련 교육,"일자리, 교육","취업,미래역량강화,교육비지원","○지원내용 : 비대면 1:1 스피치 컨설팅 
○진행장소 : 온라인 ZOOM (비대면 진행)","?경기도 김포시, 김포시청년공간 창공","?경기도 김포시, 김포시청년공간 창공",마감,,,,,온라인 접수(링크트리 구글폼 제출)_참고사이트 내용 참고,,,,문의:김포청년공간 창공 (031-997-2557),https://blog.naver.com/gimpospace/223347316301,https://www.jobaba.net/sprtPlcy/info/view2020.do?seq=12485,N,18,34,,,,,,13,경기도 김포시,제한없음,제한없음,제한없음,,,제한없음
20240423005400200045,상담,1인 가구 청년 무료건강검진(하남시),"무료,00,1인",청년층 1인 가구를 대상으로 무료 건강검진 서비스를 제공,복지문화,건강,"○지원내용
  -검진 결과 후 무료 진료 및 건강상담
  -검사항목(총 30여종): 혈압, 흉부촬영, A,B,C형 간염검사, 갑상선검사, 성병검사 등
○운영기간: 평일 09:00~17:00 (공휴일 제외)
○운영장소: 하남시보건소 1층 진료실(대청로 10)
○진 료 비: 무료(연1회)",경기도 하남시,경기도 하남시,마감,,,,,"10시간 금식 후 보건소 방문(신분증, 주민등록등본 지참)",,,,문의:보건정책과 감염병클리닉팀(031-790-6577),https://www.hanam.go.kr/www/contents.do?key=12879,https://www.jobaba.net/sprtPlcy/info/view2020.do?seq=12056,N,19,39,,,,,,11,경기도 하남시,제한없음,제한없음,제한없음,,,제한없음
20240423005400200044,현금지급,입영지원금(성남시),"성남시,입영지원금,지역화폐",입영지원금 지원사업(지역화폐),"주거, 복지문화","주택 및 거주지,건강","-1인당 10만원 모바일 지역화폐(1회)
-지급방법: 성남사랑상품권 앱(chak) 및 성남사랑카드(농협)
-성남시 관내에서만 사용 가능(연매출 10억원 이하 업체)",경기도 성남시,경기도 성남시,마감,,,,,"주소지 관할 행정복지센터 방문 신청 및 온라인 신청(참고사이트 링크 참고)
  *온라인 신청은 본인만 가능합니다.
본인 신청(대리인신청시 입영자 도장 필수 지참)
 ※ 대리신청인 범위
 1. 주민등록상 가족
 2. 부득이한 사유로 본인이 신청할 수 없는 경우 배우자, 직계존비속, 직계존비속의 배우자, 배우자의 직계존비속 등에 한해 대리인과의 관계가 나타나는 서류를 지참하여 대리 신청 가능
 ※ (예시1) 세대원이 아닌 경우 가족관계 증명서 첨부",,https://apply.jobaba.net/bsns/bsnsDetailView.do?bsnsSeq=2894,"신분증, 입영통지서
 ※  핸드폰 미사용, 타인명의 또는 2G폰 사용시 성남사랑카드(농협) 발급하여 카드번호 기재",-문의:성남시청 재난안전관실 민방위팀(☎031-729-3574),https://www.jobaba.net/sprtPlcy/info/view2020.do?seq=12011,,N,18,39,,,,,,16,경기도 성남시,제한없음,제한없음,제한없음,,,제한없음
20240423005400200031,기타,청년월세 한시 특별지원사업 2차사업 [2024년],"2차사업,특별지원사업,수령",청년월세 한시 특별지원사업 추가 2차사업 시행 (월세지원 1차 수령 종료자 12회분 최종분 수령 후 다음달 신청가능),주거,주택 및 거주지,□ 지원 : 실제 납부하는 임대료 범위 내에서 월 최대 20만원씩 12개월 지원,국토교통부,구미시청 인구청년과,특정기간,,,,2024-02-26~2006-12-31,"□ 신청방법
 방문 신청 : 주소지 관할 행정복지센터
 온라인 신청 : 복지로 홈페이지(www.bokjiro.go.kr) 혹은 어플리케이션",-,https://httsp://www.bokjiro.go.kr,"□ 구비서류 : 월세지원 신청서, 소득·재산 신고서, 서약서, 임대차계약서 및 최근 3개월 이내 월세 이체 증빙서류(이체확인증 또는 송금확인증), 지원금 받을 본인 명의의 통장사본(방문 신청시 필요), 상세가족관계증명서(청년, 부, 모 각각 기준 1통씩, 주민등록번호 뒷자리 공개), 부모님 주택이 자가가 아닌 경우 부모님 주택 임대차계악서 (부.모가 별도거주 하시는 경우 부.모 각각의 임대차계약서 제출), 부채 증빙서류 (임차보증금 마련 용도만 인정 다만, 부모는 주택구입.임차보증금 마련 용도 인정) - 소유권이전 등기 접수일로부터 3개월 이내 대출한 자금, 신청인 명의의 주택청약통장 사본 (종류무관) 등",-,http://gbyouth.co.kr/policy/list.tc?mn=2379&pageNo=5069&no=536,,N,19,34,,,,-,"□ 제외대상 : 부모와 함께 거주하는 경우, 주택소유자, 직계존속·형제·자매 등 2촌 이내 주택 임차, 공공임대주택거주, 신청대상 청년 명의로 임대차 계약을 체결하지 않은 경우 등",42,경상북도 구미시,제한없음,제한없음,제한없음,20240226,20250225,제한없음
20240422005400200045,기타,청년취업 면접복장 대여(안산시),"면접복장,대여,청년취업",안산 청년들의 원활한 구직을 위한 면접정장 대여,일자리,"취업,창업","○청년취업 면접복장 대여
○대여횟수 : 1인당 연간 최대 3회까지 가능",경기도 안산시,경기도 안산시,마감,,,,,"○이용방법 : 면접 3일 전에 신청하여야 면접복장 대여 가능
○신청서작성==>일자리센터 승인==>정장대여==>반납",,https://www.ansan.go.kr/www/common/bbs/selectPageListBbs.do?bbs_code=B0627,,○문의:안산시 일자리센터(Tel. 031-481-2930 ~ 2931 / 2882),https://www.jobaba.net/sprtPlcy/info/view2020.do?tSrchSeCd=01&tSrchTxt=%EC%95%88%EC%82%B0&seq=12348&sn=,https://www.ansan.go.kr/www/common/bbs/selectPageListBbs.do?bbs_code=B0627,N,18,39,,,,,,6,경기도 안산시,제한없음,미취업자,제한없음,,,제한없음
20240422005400200044,기타,면접 정장 무료대여 '청년 드림슈트'(성남시),"성남시,재킷,대여기간",성남시 청년구직자를 위한 면접정장 무료대여 서비스,일자리,"취업,창업","○면접정장지원
 -남자 : 재킷, 바지, 셔츠, 구두, 벨트, 넥타이
 -여자 : 재킷, 스커트, 블라우스, 구두
○대여기간 : 대여일로부터 3박 4일
○대여횟수 : 1인당 연간 5회까지 (예산소진 시 5회 제공이 어려울 수 있습니다)
○대여기간연장 : 대여기간 연장 및 연체 시 1일당 추가부담금 대여자 부담
○취업면접시에만 대여 가능 [면접날짜가 확정된 경우로 지원서, 합격통지서 등 필요서류 확인(캡쳐가능)]",경기도 성남시,경기도 성남시,마감,,,,,"○ 성남시일자리센터 방문신청(최초)
   -2회부터는 온라인 신청가능",,,,○문의:031) 729-4418,https://job.seongnam.go.kr/contents/content.php?cIdx=76,,N,19,39,,,,,"○교육, 모의면접과 같은 취업과 무관한 경우에는 대여 불가",8,경기도 성남시,제한없음,제한없음,제한없음,,,제한없음
20240422005400200041,기타,청년 창업 활성화 지원사업,"창업,역량강화,활성화",□ 주기별 창업 역량강화 지원,일자리,"취업,창업",□ 창업 역량강화 지원,충청남도 당진시,충남산학융합원,마감,,,,□ 2024.01.01.~2024.12.31.,□ 시군에 직접 신청,□ 심사 후 최종 선발,,"-신청서
-개인정보제공 동의서",,https://youth.chungnam.go.kr/web/main/customSupp/M030-03/view?bizId=A20240325LC000000000002004,,N,18,39,,,,,,5,충청남도 당진시,제한없음,제한없음,제한없음,,,제한없음
20240422005400200047,교육,대학생 학업+기업 현장실습 지원사업,"선택과목,현장실습,기업에서",대학생이 방학 기간 동안 공공 기관이나 회사에서  전공 관련 직무 실수를 하고 학점을 부여 받는 제도,"일자리, 교육","취업,미래역량강화,창업","ㅇ  지원 대상자
  - 사업 추진 대학교에 재학 중인 학생
  - 학교와 산학협력 관계에 있는 기업에서 학생들이 전공관련 실습을 통해  실무 경험과 함께 학점 부여
     * 사업추진기관: 제주대학, 제주관광대학

ㅇ  지원상세
    <대학생 학업+기업 현장실습 지원사업>이란 ?
     - 대학생들이 적성에 맞는 일자리를 최종 선택하기까지 기업에서 다양한 일 체험을 할 수 있도록 지원

ㅇ  지원받을 수 있는 사항
- 학점인정 교육과정 중 현장실습이 선택과목(전공선택 및 일반 선택과목)으로 지정된  교육 과정에 참여한 경우 현장실습비 지원",제주특별자치도내 대학 / 경제일자리과(일자리팀),제주특별자치도내 대학 / 경제일자리과(일자리팀),특정기간,,,,,,,,,,https://jejuyouthdream.com/policy/213?page=2&size=48,,N,19,39,,,,"지역기준 : 제주도, 제주시, 서귀포시",,29,제주특별자치도,제한없음,제한없음,"대학 재학, 대졸 예정",20240301,20250228,제한없음
20240422005400200097,시설제공,울산 동구 청년스테이지ON 운영(대관),"청년스테이지on,대관,동구",울산 동구 청년 문화예술 거점공간 청년스테이지ON 대관,복지문화,"건강,예술인지원","□ 시설개요
○ 청년스테이지ON 시설 안내
- 위치: 동구 해수욕장10길 34, 5층(일산동)  
- 시설규모: 209.88㎡(사무실, 다목적실, 장비보관실 등)
- 운영시간: 수 ~ 일 13:00~21:00 / 월, 화, 공휴일 휴무

□ 청년스테이지ON 대관 시설 및 버스킹 장비 대여 목록 : 운영 규정 참고",울산시 동구 일자리정책과,울산시 동구청 청년스테이지ON,마감,,,,-,"□ 이용 방법
온라인예약(네이버) → 신청서 작성 → 검토 및 승인 → 예약완료
※ 대관 및 대여 후 활동 보고서 필수 제출  

□ 승인 절차 
- 예약 신청 후 3일 이내 신청서 작성 제출
- 신청서 검토 후 문자 또는 전화 승인 안내(휴무일 제외) 
- 대관 및 대여 취소/변경의 경우 3일 이내 사전 통보 필수
(무단 변경 시 예약 불이익이 있을 수 있음)
- 준비/정리시간 포함하여 신청
- 정기, 연속 대관 불가(담당 부서의 승인이 있을 시 연속 대관 검토 승인, 별도 문의 바람)
- 승인 완료 후에라도 시설 보수 및 공공행사 등으로 예약이 취소 될 수 있음",-,,,-,https://www.donggu.ulsan.kr/cop/bbs/selectBoardArticle.do?bbsId=BBSMSTR_000000000323&nttId=197993,https://blog.naver.com/us_stageon/223439674706,N,18,39,,,,"□ 대관 및 대여 의무
- 대관 및 대여 사용자(이하, 사용자)는 사용 후 활동 보고서를 즉시 제출한다.
- 사용자는 시설 또는 설비를 훼손하였을 때 지체없이 원상복구 또는 손해배상을 하여야 한다. 
- 사용 승인을 받은 사용자는 그 권리를 양도하거나 전대하지 못한다. 
- 사용자는 다음 행위를 할 수 없다.
① 공중에 대하여 불쾌감을 주거나 각종 기기의 방치 행위
② 운영자의 동의 없이 시설물 이동변경 및 장비 반입 행위
③ 공공질서 및 미풍양식을 해치는 행위
④ 기타 운영 규정에 제한된 금지행위","□ 대관 및 대여 제한
- 수익성 사업이나 영리의 목적을 가진 행사(단, 실비보전을 위한 팁박스 설치 제외) 
※ 기부 등 공익 목적으로 입장료 등 수익 발생 시 담당 부서 승인이 있을 경우 허용  
- 정치적 목적, 종교적 행사, 유사판매 행위 등의 행사     
- 시설물을 훼손할 가능성이 있거나, 유지 관리상 부적절하다고 판단되는 행사 
- 기타 대관의 내용이나 목적이 운영 목적에 적합하지 않다고 판단되는 경우	
- 무단 취소 또는 운영 규정 위반 등 제한을 2회 이상 받은 경우   
- 한 단체(개인) 당 연간 최대 대관 사용 일수는 100일로 제한한다.",3,울산광역시,제한없음,제한없음,제한없음,,,제한없음
20240422005400200040,현금지급,청년 취업사진 촬영비 지원사업(의왕시),"취업사진,촬영비,의왕시",의왕시 청년의 원활한 구직을 위해 취업사진촬영비를 지원,일자리,취업,"○취업사진 촬영비 1인당 연 최대 5만원 지원(신청횟수 제한 없음, 실비 지급)",경기도 의왕시,경기도 의왕시,상시,특정기간,,,,○잡아바어플라이 통합접수시스템,"○ 지급기간
  - 매달 말일 지급
  ※ 신청한 순서대로 신청자 개인 통장으로 실비 지급
○ 선정방법 : 선착순 (제출서류 미비한 경우 제외)",https://apply.jobaba.net/bsns/bsnsDetailView.do?bsnsSeq=4019,"- 건강보험자격득실확인서(직장가입자 제외)
- 주민등록초본(최근 1년 이내 주소변동내역 포함)
- 사진관 촬영 영수증(촬영일자, 명칭, 주소 포함)
- 통장사본",○문의: 의왕시청 기업일자리과 031-345-2715,https://apply.jobaba.net/bsns/bsnsDetailView.do?bsnsSeq=4019,https://apply.jobaba.net/bsns/bsnsDetailView.do?bsnsSeq=4019,Y,19,39,,,,,,25,경기도 의왕시,제한없음,미취업자,제한없음,,,제한없음
20240422005400200038,상담,청년 1:1 맞춤형 취업 멘토링(김포시),"멘토링,선택가능,김포시",청년 취준생에 면접 및 취업관련 컨설팅 제공,일자리,"취업,창업","○개인별 맞춤형 멘토링 5회 제공  ※횟수, 방식, 시간 선택가능",경기도 김포시,경기도 김포시,마감,,,,,○ 온라인접수(잡아바어플라이),,https://apply.jobaba.net/bsns/bsnsDetailView.do?bsnsSeq=2966,,○문의처: 김포시청 일자리경제과 031-980-5888,https://apply.jobaba.net/bsns/bsnsDetailView.do?bsnsSeq=2966,https://www.jobaba.net/sprtPlcy/info/view2020.do?seq=12255,N,19,39,,,,,,5,경기도 김포시,제한없음,제한없음,제한없음,,,제한없음
20240422005400200034,채용,홍성형일자리 군민채용제,"채용인원,지속가능한,경쟁력",□ 지속가능한 일자리 제공 및 기업 경쟁력 강화,일자리,"취업,창업","□ 참여기업의 채용인원 1인당 인건비 월70만원 한도
  ※ 12개월 지원",홍성군 경제문화농업국 경제정책과,홍성군,마감,,,,□ 2024.01.01.~2024.12.31.,,,,,,https://youth.chungnam.go.kr/web/main/customSupp/M030-02/view?bizId=A20240325LC000000000002057,,N,18,39,,,,,,6,충청남도 홍성군,제한없음,제한없음,제한없음,,,제한없음
20240422005400200068,프로그램,청년 셰어하우스 운영,"월세로,14명,건물",□ 청년들의 주거 안정 및 지역사회 정착 유도,주거,"주택 및 거주지,전월세 및 주거급여 지원","□ 건물 임차 후 지역 청년들에게 저렴한 월세로 임대
 ㅇ 입주기간 : 1년
 ㅇ 운영규모 : 13호
 ㅇ 입주현황 : 14명",부여시청,행정복지국 전략사업과,마감,,,,□ 2018. 5. ~ 현재,□ 공고시 참조,,,□ 부여군청 홈페이지 공고문 확인 후 관련서류 제출,,https://youth.chungnam.go.kr/web/main/customSupp/M040-05/view?bizId=A20240325LC000000000002022,,N,18,39,,,,,,4,충청남도 부여군,제한없음,제한없음,제한없음,,,제한없음
20240422005400200065,현금지급,청년월세한시특별지원(2차),"1차,20만원씩,12개월",월 20만원씩 최대 12개월(회)간 청년의 월세 지원,주거,주택 및 거주지,"□ 지원한도 : 실제 납부하는 임대료 범위 내에서 월 최대 20만원씩 12개월 지원

□ 지급기간 : 2024.3월 ~ 2026. 12월 (최대 20만원 12개월분)
※ 청년월세(1차)를 지원받고 있는 신청인께서는 1차 지원(12회)을 다 받으신후 신청하시기 바랍니다. 
(12회분 수령한 다음달 신청)",국토교통부,울릉군청 경제투자유치실,특정기간,,,,□ 사업기간 : 2024. 2. 26. ~ 2026. 12.,"□ 신청방법
 방문 신청 : 본청 별관3층 경제투자유치실 투자유치팀
 온라인 신청 : 복지로 홈페이지(www.bokjiro.go.kr) 혹은 어플리케이션",-,http://gbyouth.co.kr/policy/list.tc?mn=2379&pageNo=5069&no=613,"□ 구비서류 : 월세지원 신청서, 소득·재산 신고서, 서약서, 
임대차계약서 및 최근 3개월 이내 월세 이체 증빙서류(이체확인증 또는 송금확인증), 
지원금 받을 본인 명의의 통장사본(방문 신청시 필요), 
상세가족관계증명서(청년, 부, 모 각각 기준 1통씩, 주민등록번호 뒷자리 공개),
부모님 주택이 자가가 아닌 경우 부모님 주택 임대차계악서 (부.모가 별도거주 하시는 경우 부.모 각각의 임대차계약서 제출), 
부채 증빙서류 (임차보증금 마련 용도만 인정 다만, 부모는 주택구입.임차보증금 마련 용도 인정) 
- 소유권이전 등기 접수일로부터 3개월 이내 대출한 자금, 신청인 명의의 주택청약통장 사본 (종류무관) 등",-,http://gbyouth.co.kr/policy/list.tc?mn=2379&pageNo=5069&no=613,,N,19,34,,,,-,"□ 제외대상 : 부모와 함께 거주하는 경우, 주택소유자, 직계존속·형제·자매 등 2촌 이내 주택 임차, 공공임대주택거주, 신청대상 청년 명의로 임대차 계약을 체결하지 않은 경우 등",82,경상북도 울릉군,제한없음,제한없음,제한없음,20240226,20250225,제한없음
20240422005400200028,교육,우수 청년농업인 양성,"자격증,청년농업인의,역량강화를",□ 청년농업인의 전문 역량강화를 위한 자격증 취득 지원,일자리,창업,"□ 드론 자격증 취득을 위한 이론, 실습 교육비 지원
 ※ 1종 자격증 기준, 1인 최대 150만원",금산군,금산군농업기술센터,마감,,,,□ 2024.01.01.~2024.12.31.,□ 공고시 금산군에 직접 신청,□ 사업 공고시 참조,https://www.geumsan.go.kr/nongup/,,,https://www.geumsan.go.kr/nongup/,,N,19,39,,,,,,3,충청남도 금산군,제한없음,제한없음,제한없음,,,제한없음
20240422005400200081,상담,집단상담프로그램(청년층 직업지도),"향상시켜주는,취업의욕을,고취시키고",취업에 어려움을 겪고있는 청년 층 대상으로 취업의욕을 고취시키고 구직기술을 향상시켜주는 프로그램 운영,"일자리, 교육","취업,미래역량강화","지원내용
○ 사업량 : 만15~34세 청년층 대상 프로그램 7회 

○ 사업기간 : 2024. 1 ~ 12월

○ 주요내용 : 취업에 어려움을 겪고있는 청년 층 대상으로 취업의욕을 고취시키고 구직기술을 향상시켜주는 프로그램 운영",제주특별자치도 / 고용센터(취업지원총괄팀),제주특별자치도,마감,,,,,,,,,,https://jejuyouthdream.com/policy/87?page=2&size=48,https://www.work.go.kr/jeju/main.do,N,19,34,,,,,"근로기준 : 4대보험(직장인) 참여불가, 사업자 참여불가",4,제주특별자치도,제한없음,미취업자,제한없음,,,제한없음
20240422005400200015,커뮤니티,청년 창업자 네트워킹 지원,"교류,월요일,오후",□ 청년 창업자들의 교류 기회 마련,일자리,창업,"□ 네트워킹데이 운영을 통한 청년 창업자들 간의 교류 지원
 ※ 매 짝수월 마지막 월요일 오후 7시",경제산업과,계룡시,마감,,,,□ 2024.01.01.~2024.12.31.,"□ 청년지원팀 
 ※ 전화 접수",□ 네트워킹데이 1주일 전 안내,,□ 사업자등록증,,https://gyeryong.go.kr/kr/html/sub05/051001.html,,N,18,39,,,,,,4,충청남도 계룡시,제한없음,제한없음,제한없음,,,제한없음
20240422005400200063,기타,청년월세 한시 특별지원 사업(청도군),"12개월동안,최대,20만원씩",실제 납부하는 임대료 범위 내에서 월 최대 20만원씩 최대 12개월동안 지원,주거,"주택 및 거주지,전월세 및 주거급여 지원",□ 지원내용 : 월 임대료 최대 20만원씩 최대 12개월동안 지원,국토교통부,청도군청(경제산림과),특정기간,,20240226,20250225,2024-02-26~2025-02-25,-,-,http://gbyouth.co.kr/policy/list.tc?mn=2379&pageNo=5069&no=618,"□ 제출서류 : 월세신청서, 소득·재산신고서, 서약서, 임대차계약서, 월세이체증빙서류, 입금통장사본, 청약통장사본, 본인,부,모 기준 각각의 가족관계증명서(상세)",-,http://gbyouth.co.kr/policy/list.tc?mn=2379&pageNo=5069&no=618,,N,19,34,,,,-,-,8,경상북도 청도군,제한없음,제한없음,제한없음,20240226,20250225,제한없음
20240422005400200062,기타,청년월세 한시 특별지원 2차 사업(칠곡군),"최대,임대료를,240만원",청년 주거비 지원,주거,"주택 및 거주지,전월세 및 주거급여 지원",□ 지원한도 : 실제 납부하는 임대료를 최대 240만원(월 최대 20만원)까지 최대 12개월(회) 동안 매월 분할 지원,국토교통부,칠곡군청(일자리경제과 청년취업팀),특정기간,,20220822,20261231,2022-08-22~2026-12-31,"□ 신청방법
- 방문 신청 : 주소지 관할 읍면사무소
- 온라인 신청 : 복지로 홈페이지(www.bokjiro.go.kr)",개별연락,http://gbyouth.co.kr/policy/list.tc?mn=2379&pageNo=5069&no=617,,-,http://gbyouth.co.kr/policy/list.tc?mn=2379&pageNo=5069&no=617,,N,19,34,,,,"□ 지원자격 : 청년가구 소득 기준 중위소득 60% 이하, 원가구 소득 기준 중위소득 100% 이하",,23,경상북도 칠곡군,제한없음,제한없음,제한없음,20240226,20250225,제한없음
20240422005400200061,시설제공,주택 연세 · 월세 대출이자 지원,"자녀출산,무주택,월세",무주택·자녀출산 가정 및 사회초년생에 대한 연·월세 자금 및 대출이자 지원을 통해 주거약자의 주거비 부담을 완화하고 무주택 서민의 주거 안정을 도모,주거,"주택 및 거주지,전월세 및 주거급여 지원","□ 지원내용
 ○ 대표 내용 / 지원 대상자
  - 사회초년생: 만 19세~39세 이하 사회초년생(재직기간 5년이내)
  - 신혼부부, 자녀출산: 신청일 기준 7년 이내의 신혼부부나 자녀출산 가정

 ○ 지원받을 수 있는 사항(연·월세)
  - 주택자금 대출(잔액 기준) 이율 3.5%(최대 21만원) 지원
  - 대출한도 연 600만원(최대 2년간 1,200만원 대출 / 최장 4년 원금균등상환)

 
□ 아래의 경우만 참여 가능
  - 보증금 3천만원 이하로 연세 720만원 또는 월세 60만원 이하의 부동산 임대차 계약을 한 도민

□ 지원상세
ㅇ 연·월세자금 대출이자 지원 정책이란 ?
  - 무주택·자녀출산 가정 및 사회초년생에 대한 연·월세 자금 및 대출이자 지원을 통해 주거약자의 주거비 부담을 완화하고 무주택 서민의 주거 안정을 도모
  - 대상(임차) 주택 : 전용 85m2 이하의 주택(읍, 면지역은 100m2)
  - 생활형 숙박시설, 상업용숙박시설은 제외

□ 더 자세한 내용 알아보기

- 각 사업에 대한 자세한 내용은 제주도청 누리집(도정뉴스>입법·고시·공고)에서 확인하거나, 
- 도청 주택토지과 주거복지팀(☎710-4251~4252), 제주시 주택과(☎728-3072),  서귀포시 건축과(☎760-3013)로 전화문의
- 참고. 제주시청 홈페이지 공고

https://www.jejusi.go.kr/index.ac",제주특별자치도 / 주택토지과(주거복지팀),제주특별자치도,마감,,,,,"ㅇ 신청방법

- 제주도청 주택토지과(710-4252) 방문접수

- 연중접수",,,,,https://jejuyouthdream.com/policy/110?page=2&size=48,https://www.jejusi.go.kr/index.ac,N,19,39,,,,"지역기준: 제주도,서귀포시",,19,제주특별자치도,제한없음,제한없음,제한없음,,,제한없음
20240422005400200011,기타,공주시 청년구직자 면접패키지 지원사업,"상당,면접비용,면접비",□ 청년구직자의 구직과정에 소요되는 경제적 부담 경감을 위한 면접비용 지원,일자리,"취업,창업","□ 면접비 1인당 최대 20만원 상당 지원
  ※50,000*4회",공주시청,공주시 일자리센터,마감,,,,□ 2024. 2. ~ 12.,"□ 시군에 직접 신청
  ※이메일",□ 심사 후 개별 통보,,"□ 자가진단표
□ 신청서
□ 면접확인서(대체서약서+증빙자료)
□ 개인정보 수집,이용 동의서
□ 등본 혹은 초본
□ 채용공고문",,,,N,19,39,,,,,,11,충청남도 공주시,제한없음,미취업자,제한없음,,,제한없음
20240422005400200002,기타,청년 정장 대여 지원사업,"정장,대여,무료","□ 면접일, 결혼식, 장례식 등 특정일에만 입는 정장 무료 대여
 - 청년들의 정장 구매에 대한 경제적 부담을 완화하고 사회적 관계성 증진",일자리,"취업,창업",□ 18~39세 아산시 거주자 및 관내 소재 대학교 재학생(졸업생) 대상으로 연간 7회 정장 무료 대여,아산시,아산시 청년아지트 나와 유,상시,기타,,,2025. 1. 1.~예산 소진 시까지,"□ 청년아지트 나와유 홈페이지 신청
 - 신청 및 서류 제출
 - 대상자 자격 확인 
 - 업체 방문 정장 수령
 - 정장 반납",,https://www.asan.go.kr/naeil/page/?page=030100,□ 청년아지트 나와유 홈페이지 정장대여 사업안내 및 신청하기 메뉴 확인,,https://www.asan.go.kr/naeil/,,N,18,39,제한없음,무관,,,,176,충청남도 아산시,제한없음,제한없음,제한없음,,,제한없음
20240422005400200058,대출,청년 주택 임차보증금 이자 지원,"이자지원,이하,주택","□ 경제적으로 취약한 취업준비생의 주택 임차보증금 이자를 지원
ㅇ사회초년생의 임대보증금 대출을 추천하고 대출이자의 일부를 보전하여 주거 안정에 기여",주거,"주택 및 거주지,전월세 및 주거급여 지원","□ 주택임차보증금에 대한 대출 추천과 이자지원
ㅇ융자한도: 1억 5천만원 이내 (주택임차보증금 2억원 이하인 주택의 80% 범위 내)
ㅇ대출금리:은행별 취급 금리에 따라 선택
  ※농협은행(2년 고정) 5.2% / 하나은행(6개월 변동) 신잔액COFIX(6개월)+2.1%
□ 이자지원: 최대4.5%지원(기본최대3%,추가최대1.5%)
 ㅇ기본 이자지원 : 선정자 선택금리의 50%
 ㅇ 추가 이자지원 : 저소득자(기준 중위소득 120% 이하 0.2%p, 100% 이하 0.3%p, 80% 이하 0.4%, 60% 이하 0.3%p), 신혼부부* 0.3%, 자녀수(1자녀 0.3%, 2자녀 0.5%, 3자녀 이상 0.7%)
 ※혼인관계증명서상 신청인과 배우자의 혼인기간이 7년 이내 또는 3개월 이내에 결혼을 예정하여 세대 구성할 가구",청년정책관,충청남도,마감,,,,□ 2024. 1. 22. ~ 2024. 12. 31.,□ 온라인 신청(홈페이지),"□ 절 차
ㅇ대상자 적격심사(도, 약 2주) → 적격자 알림(도→신청인, 은행) → 대출심사(신청 은행, 약 1~2주) → 대출적격자 알림·제출(신청 은행→신청인, 도) → 대출실행(신청 은행→신청인)",https://www.gov.kr/portal/rcvfvrSvc/dtlEx/644000000240?administOrgCd=ALL,□ 사업공고문 참고,□ 이자지원 중단 및 연장 등 공고문 및 FAQ 확인,http://www.chungnam.go.kr/cnnet/content.do?mnu_cd=CNNMENU02391,https://youth.chungnam.go.kr/uss/mpe/pageDetail.do?cntntsId=C0000000000000000215&menuNo=10080400,N,19,39,,,,"□ 자격요건
ㅇ 신청일 현재, 기준 중위소득 120% 이하에 해당하는 무주택자
ㅇ 충청남도 내 주택 임차보증금 1억 5천만원 이하인 주택 및 주거용 오피스텔 계약 예정자, 계약자(신청일 기준 60일 이내) 
 ※ 건축물대장상 주택만 가능
ㅇ공공부문 소속 종사자(행정기관·공공기관 등)는 지원 불가 

□ 주요내용
ㅇ융자한도 : 7천만원 이내(1억 5천만원 이하 주택 임차보증금의 90%범위 내)
ㅇ 대출금리 : 농협은행(2년 고정) 5.5% / 하나은행(6개월 변동) 신잔액COFIX(6개월)+2.6%
ㅇ 이자지원 : 최대 3.5% 지원(기본 최대 3%, 추가 최대 0.5%) 
ㅇ 대출기간 : 2년 만기 상환 방식 (연장불가)
ㅇ 취급은행 : 농협은행·하나은행 (충남도 내 지점)  ※ 단위 농협 제외","□ 공공부문 종사자(공무원, 공공기관 등) 지원 제외",30,충청남도,제한없음,제한없음,제한없음,,,제한없음
20240422005400200057,프로그램,[금산군]청년쉐어하우스 운영,"안정,저렴한,정착",□ 지역 정착 청년의 초기 주거 안정 지원,주거,주택 및 거주지,"□ 저렴한 월세
 ※ 12~14만원 제공",인구교육가족과,금산군청 행정복지국 인구교육가족과,마감,,,,□ 2024.01.01.~2024.12.31.,□ 공고시 금산군에 직접 신청,□ 사업 공고시 참조,,"□ 쉐어하우스 지원신청서
□ 주민등록 등본 등",,https://www.geumsan.go.kr/kr/23073885187,,N,18,39,,,,,,9,충청남도 금산군,제한없음,제한없음,제한없음,,,제한없음
20240422005400200001,프로그램,아산시 청년내일카드,"6개월간,25만원,매월",□ 중소중견기업 등에서 신규재직하는 청년근로자의 복지지원 및 외부와 단절된 채 집에서만 지내는 청년들의 온전한 사회진출을 지원,일자리,"취업,창업","□ 청년내일(열정)카드: 근속 7개월~12개월 6개월간 매월 25만원 지원
□ 청년내일도전카드: 쉼표청년 지원사업 참여자 중 프로그램 80% 이상 수료자 6개월간 매월 25만원 지원",아산시,아산시 청년아지트 나와유,상시,기타,,,2025. 1. 1.~예산 소진 시까지,,,https://www.asan.go.kr/naeil/page/?page=020100,,,https://www.asan.go.kr/naeil/,,N,18,39,제한없음,기타,"기준 중위소득 150% 이하인 자로 월 평균 보수액이 3,588,020원 이하인 근로자",□ 청년아지트 나와유 공고문 참고,,312,충청남도 아산시,제한없음,"재직자, 기타",제한없음,,,"중소기업, 기타"
20240419005400200015,채용,일자리기금 청년기업 융자지원,"저금리,융자지원,장기화로",경기침체 장기화로 어려움을 겪고 있는 청년기업의 활동을 지원하고자 우리구 일자리기금으로 저금리 융자 지원 정책,일자리,창업,저금리 융자지원,용산구청 일자리정책담당관,주관기관과 동일,마감,,,,2024. 1. ~ 12.,"용산구청 1층 우리은행 일자리기금 원스톱서비스 창구 방문접수
※ 단, 신용보증서로 담보제공 시 시용보증재단 용산지점 사전상담 필수",서류심사,,"- 융자신청서 및 사업 계획서 (소정양식)
- 대표자 주민등록 초본, 사업자등록증 사본, 사업자등록증명서
- 결산재무제표 또는 부가가치세과세표준증명원, 기타 증빙서류","- 융자목적 이외의 용도로 사용한 것이 발견될 경우 환수조치 될 수 있음
- 휴업, 폐업, 사업장이 용산구 이외의 지역으로 이전 시 융자금 상환 원칙",https://www.yongsan.go.kr/job/main/contents.do?menuNo=1700050,,N,18,39,,,,,"- 일반유흥음식점, 무도유흥음식점, 기타 사행시설 관리 및 운영업 등
- 최근 5년이내 용산구에 설치된 다른 자금 융자 실적이 있는 업체",7,서울 용산구,제한없음,제한없음,제한없음,,,제한없음
20240419005400200014,상담,광역일자리카페 취업 지원프로그램(용산구),"사진,예약,https",1:1 맞춤형 취업컨설팅 및 취업지원 서비스 제공,일자리,"취업,창업","가. 맞춤형 취업 컨설팅 운영 개요
     ㅇ 운영기간 : 2024. 3. ~ 12.
     ㅇ 신청대상 : 19세~39세 취업을 준비중인 서울시 거주 청년
     ㅇ 지원내용 및 신청방법
       ① AI 실전 채용 프로그램 : 자기소개서, 적성검사, 면접, 영어까지 취업에 관한 모든 준비를 AI로 준비할 수 있는 프로그램 및 합격자소서, 취업전략 콘텐츠 제공
          ·AI 솔루션 : https://inface.ai/yongsanyouthspace
          ·취업콘텐츠: https://u.educe.co.kr/yongsanyouthspace
       ② 1:1 취업상담 : 취업진로 진단검사, 1:1 취업컨설팅(자소서 첨삭, 진로상담 등) 제공
          ·네이버에‘용산 청년지음’검색 후‘지음 일자리 상담’사전 예약
          ·신청 링크 : https://m.site.naver.com/1iSRi
   나. 취업 사진 지원 운영 개요
     ㅇ 운영기간 : 2024. 3. 18.(월) ~ 4. 30.(화) ※예약 오픈일 : 3월 16일
     ㅇ 모집인원 : 50명(선착순 모집)
     ㅇ 지원대상 : 19세~39세 취업을 준비중인 서울시 거주 청년(*용산구민 우대)
     ㅇ 지원내용 : 취업에 필요한 프로필 사진 촬영 및 사진 촬영시 정장대여
     ㅇ 신청방법 : 네이버 '폴라리스 스튜디오' 검색 후 취업 사진 예약",용산구청 일자리정책담당관,주관기관과 동일,마감,,,,2024. 3월 ~ 12월,,,,,"- 용산구 광역일자리카페 :  02-6261-1932, 1933 
- 카카오톡 @용산일자리카페",https://www.yongsan.go.kr/dong/bbs/B0000126/view.do?nttId=673959&menuNo=601611&dongCd=16,https://m.place.naver.com/place/1449875996/ticket?entry=pll,N,19,39,,,,,,20,서울 용산구,제한없음,미취업자,제한없음,,,제한없음
20240419005400200017,현금지급,청년월세 한시 특별지원사업 2차 모집 안내,"주거급여,월세지원액에서,주거생활",청년의 주거비 부담 감소 및 안정적 주거생활 지원,주거,전월세 및 주거급여 지원,"□ 12개월 간 월 최대 20만원 임차료 지원
○ 실제 월세 범위 내에서 최대 20만원까지 지급(임차보증금, 관리비 등 제외)
○ 주거급여 수급자의 경우 월세지원액에서 주거급여액 중 월차임 (청년 주거급여 분리지급액 포함)을 차감한 금액만 지원",국토교통부,국토교통부,특정기간,,,,-,"□ 온라인 신청 : 복지로 홈페이지(https://www.bokjiro.go.kr) 청년 본인 인증절차를 거쳐 신청
□ 방문신청 : 주소지 관할 주민센터에 청년본인 신청(원칙)
※ 불가피한 경우 대리인 신청가능(월세는 청년 본인계좌로 지급)
- 대리신청은 지급대상자의 법정대리인, 주민등록상 동일 세대원(동거인 제외), 동일 세대원이 아닌 배우자 및 직계존·비속에 한하여 대리신청 가능하며 방문 시 위임장, 대리인의 신분증, 관계 증명서류 제출 필요",-,,"□ 필수서류 
① 월세지원 신청(변경)서
② 소득·재산 신고서
③ 서약서, 
④ 임대차계약서 및 월세이체 증빙서류(신청일 기준 최근 3개월간 내역), 
※임대차계약서 사본(중요!)
→ 확정일자 날인본 또는 공인중개사 날인본, 날인본 미제출시 등기부등본 추가 제출
⑤ 통장사본
⑥ 청년 및 부·모의 가족관계증명서(미혼인 경우), 
⑦ 청년, 배우자, 청년의 부·모 및 배우자 부·모의 가족관계증명서(기혼인 경우),
⑧ 청약통장사본(종류무관, 신청일 전까지 가입한 경우 가능, 신청인 명의 통장 인정)
□ 추가서류(해당 시에만 제출)
 ① 위임장 ② 거주사실 입증서류 ③ 주택구입·임차보증금 용도의 부채 증빙 서류 등 필요서류",-,https://www.iksan.go.kr/board/view.iksan?boardId=BBS_IKSAN_NEWS&menuCd=DOM_000005103006001000&dataSid=1160107,,N,19,34,,,,-,"① 주택 소유자(분양권, 입주권 포함)
② 직계존속·형제·자매 등 2촌이내 주택 임차(배우자의 2촌 이내 혈족 포함)
③ 공공주택특별법에 따른 공공임대주택
(공공주택특별법 상 공공주택사업자가 공급하는 주택, 공무원연금공단 공무원 임대주택 포함) 거주
④ 보증금 5천만원 초과 주택 거주
⑤ 1실(방)에 다수가 거주하는 방식의 전대차인 경우
(다만, 1실에 다수가 거주하는 경우라도 임대인과 별도 임대차계약 체결 시 지원 가능), ⑥ 국토부 또는 지자체에서 시행하는 청년월세지원 수혜 중인 자(수혜 종료 후 신청 가능) 등",44,전북특별자치도 익산시,제한없음,제한없음,제한없음,20240226,20250225,제한없음
20240419005400200026,커뮤니티,찾아가는 청년정책 소통학교(전주·완주권역),"청년정책,소통학교,발굴",현장 목소리를 담는 청년정책 소통학교 운영을 통해 실효성 있는 청년정책 발굴 및 청년간 네트워크 확장,참여권리,"청년참여,정책인프라구축","□ 권역별 지역 청년 네트워킹 장 마련 및 청년정책 발굴
□ 청년정책 이해도 함양 및 정책제안 역량을 위한 지역청년정책발표 추진",전북청년허브센터,전북청년허브센터,마감,,,,2024. 4. 25. (목) 18:00~22:00,□ 온라인신청(전북청년허브센터 홈페이지 : jb2030.or.kr),-,https://jb2030.or.kr,-,-,https://blog.naver.com/humanjnc/223415842620,,N,19,34,,,,-,도내 청년정책에 관심 있는 지역 청년 누구나(30명 내외),5,전북특별자치도,제한없음,제한없음,제한없음,,,제한없음
20240419005400200003,상담,청년 일경험(기업탐방형) 프로그램,"현장에,산업,직업","청년들에게 다양한 직업 세계 및 산업 현장에 대한 체험 기회를 제공하고, 
 우수한 중소·강소 기업에 대한 정보를 제공하는 프로그램",일자리,"취업,창업","□ 지원내용
 ○ 대표 내용 / 지원 대상자
  - 직업 세계와 산업 현장에 대한 체험 기회 제공
  - 도내 미취업청년(만15세 ~ 34세)
  ※ 고교생 (1~2학년/3학년), 대학생 (재학생/졸업 예정자), 청년 장병, 
     취업준비생 (졸업생, 고교생 3학년, 대학생 졸업 예정자) 분류

 ○  지원받을 수 있는 사항
   - 청년들에게 직업 세계와 산업 현장에 대한 체험 기회를 제공

 ○  지원상세
  ㅇ 중소기업 청년직무체험 프로그램 정책이란 ?
    - 청년들에게 다양한 직업 세계 및 산업 현장에 대한 체험 기회를 제공하고, 
     우수한 중소·강소 기업에 대한 정보를 제공하는 프로그램

 ○  프로그램 내용
  - (1유형) 기업탐방, 인사담당자·CEO 특강, 직원과의 대화, 취업전략 수립 등으로 구성 
                 1일 5시간 이상, 5일 이내

  - (2유형) 직무역량 향상 초점 맞추어 직무이해 (CEO전문가 특강 등) 
                직무경험 (프로젝트 수행), 역량강화 (모의면접, 멘토링 등) 구성, 
 1일 5시간 이상, 8~10일 이내


○  더 자세한 내용 알아보기

- https://www.moel.go.kr/index.do",고용센터(취업지원총괄팀),고용센터(취업지원총괄팀),마감,,,,,,,,,,https://jejuyouthdream.com/policy/86?page=2&size=48,,N,19,39,,,,"지역기준: 제주도, 제주시, 서귀포시",,17,제주특별자치도,제한없음,미취업자,제한없음,,,제한없음
20240419005400200023,교육,청년 창업기업 경영안정자금 금리 확대 지원,"창업,064,부담과",청년 사업자의 금융 비용 부담과 신용 위험의 증가에 따라 도내 청년 창업 기업의 준비된 창업 육성 지원,"복지문화, 일자리","건강,창업","ㅁ  대표내용
 ㅇ 청년 사업자의 금융 비용 부담과 신용 위험의 증가에 따라 도내 청년 창업 기업의 준비된 창업 육성 지원
 ㅇ 청년 창업 및 성장이 원활한 선순환 창업 생태계 조성을 위한 토대 마련

ㅁ 지원대상 및 내용
  ㅇ 만 39세 이하, 창업 후 3년 이내의 청년창업기업에 추가 지원을 통해 대출이자를 지원(1~2%)
  ㅇ 도내 창업지원 기관(더큰내일센터 등)에서 창업 교육을 이수한 청년창업가는 융자 추천금액 상향 지원
  ㅇ 적용기준: 시행일 이후 융자 추천 건부터 적용


ㅁ 지원상세
  ㅇ 대출금리
    (청년창업기업)
   - 지원대상 : 대표자가 39세이하이고 사업자등록 후 3년이내 창업기업
   - 금리지원 : (1회차)일반 이차보전율 + 2%/(2회차) 일반 이차보전율 +1%
     ※ 상세내역은 관련 홈페이지 지원상세 공고문 참고


ㅇ (접수처 및 문의처) 

- 제주특별자치도 경제통상진흥원 자금지원팀

- (제주시) 제주시 연삼로 473 경제통상진흥원 지하1층(☎ 064-805-3370~1)

- (서귀포시) 서귀포시 일주동로 8532 축산업협동조합 3층(☎ 064-805-3380~1)

ㅇ (사업부서) 제주특별자치도 소상공인과(☎ 064-710-3905, 3906)",제주특별자치도,제주특별자치도 소상공인과,마감,,,,,,,,,,https://jejuyouthdream.com/policy/93?page=2&size=48,,N,19,39,,,,"지역기준 : 제주도, 제주시, 서귀포시",,44,제주특별자치도,제한없음,제한없음,제한없음,,,제한없음
20240419005400200016,시설제공,주택 연세 · 월세 대출,"무주택,자녀출산,월세",무주택·자녀출산 가정 및 사회초년생에 대한 연·월세 자금 및 대출이자 지원을 통해 주거약자의 주거비 부담을 완화하고 무주택 서민의 주거 안정을 도모,주거,전월세 및 주거급여 지원,"□ 지원내용

  ○ 대표 내용 / 지원 대상자
   - 사회초년생: 만 19세~39세 이하 사회초년생(재직기간 5년이내)
   - 신혼부부, 자녀출산: 신청일 기준 7년 이내의 신혼부부나 자녀출산 가정

  ○ 지원받을 수 있는 사항(연·월세)
   - 주택자금 대출(잔액 기준) 이율 3.5%(최대 21만원) 지원
   - 대출한도 연 600만원(최대 2년간 1,200만원 대출 / 최장 4년 원금균등상환)


  ○  아래의 경우만 참여 가능
   - 보증금 3천만원 이하로 연세 720만원 또는 월세 60만원 이하의 부동산 임대차 계약을 한 도민

  ○ 지원상세
    ㅇ 연·월세자금 대출이자 지원 정책이란 ?
    - 무주택·자녀출산 가정 및 사회초년생에 대한 연·월세 자금 및 대출이자 지원을 통해 주거약자의 주거비 부담을 완화하고 무주택 서민의 주거 안정을 도모
    - 대상(임차) 주택 : 전용 85m2 이하의 주택(읍, 면지역은 100m2)
    - 생활형 숙박시설, 상업용숙박시설은 제외

  ○  연·월세 지원대상자 상세 안내
   - 도내거주, 금융권에서 주거안정 연월세 대출받은 혼인 및 자녀출 산 7년이내 무주택 신혼부부 또는 자녀출산가정.
   - 도내 거주, 금융권에서 주거안정 연월세 대출받은 만 19세~39세 이 하 사회 초년생(재직기간 5년 이내)

 
□ 더 자세한 내용 알아보기

- 각 사업에 대한 자세한 내용은 제주도청 누리집(도정뉴스>입법·고시·공고)에서 확인하거나, 
- 도청 주택토지과 주거복지팀(☎710-4251~4252), 제주시 주택과(☎728-3072), 
   서귀포시 건축과(☎760-3013)로 전화문의
- 참고. 제주시청 홈페이지 공고
   https://www.jejusi.go.kr/index.ac",제주특별자치도 / 주택토지과(주거복지팀),제주특별자치도,마감,,,,,"□ 신청방법
- 제주도청 주택토지과(710-4252) 방문접수
- 연중접수",,,,,https://jejuyouthdream.com/policy/110?page=2&size=48,,N,19,39,,,,"지역기준 : 제주도, 서귀포시",,31,제주특별자치도,제한없음,제한없음,제한없음,,,제한없음
20240419005400200022,현금지급,제주청년희망 사다리 재형저축,"급여,근로자,재형저축",도내 기업에 취업한 청년근로자의 목돈마련 기회제공을 통해 장기근속을 보장하고 청년의 지역정착 유도,복지문화,"취약계층 및 금융지원,건강","□ 지원내용
  ○ 지원 대상자
   - 중소기업(단, 지원기간 동안 사업자등록증 상 사업장 소재지가 제주도 내로 되어 있어야 함)
   - 청년근로자(만18세~39세)
   - 대한민국 국적으로 신청일 현재 제주특별자치도내 주소를 두고 있는 근로자
   - 중소기업의 대표자가 장기재직이 필요하다고 지정하는 근로자로서, 당해 중소기업에 6개월 이상 재직 중인 
    「근로기준법」 제2조에 따른 근로자
   - 월 급여 기준 : 346만원 미만인 근로자(신청일 직전 3개월 평균 급여) * 2023년도 기준
     (2022년 9월 5인 이상 사업체(전국) 월 정액급여 346만원)
       ※ 월 급여 기준 : 2024년도 지원자격 상 급여 기준은 2024년도 공고 참조


  ○  지원 받을 수 있는 사항
   - 매월 50만원(청년근로자 10만원, 기업 15만원, 도 25만원)을 5년간 적립 후 만기 시 적립금을 청년근로자에게 지급
    (5년 적립 시 청년 근로자에게 최대 3,000만원 + 이자 지급)

○지원상세
 <제주청년 희망사다리 재형저축 사업>이란 ?
- 도내 기업에 취업한 청년근로자의 목돈마련 기회제공을 통해 장기근속을 보장하고 청년의 지역정착 유도",제주특별자치도 경제통상진흥원,제주특별자치도경제통상진흥원,마감,,,,,"○ 신청방법
- 재형저축에 참여를 희망하는 기업은 5년 이상 장기재직이 필요한 청년근로자에 대하여 신청서를 작성하여 구비서류와 함께 진흥원에 제출 
- 주관: 제주특별자치도 경제통상진흥원 (제주시 연삼로 473 지하 1층)
- 공고 및 사업문의 : 제주경제통상진흥원 기업지원처 자금지원팀 (tel: 064-800-7615)",,,,,https://jejuyouthdream.com/policy/172?page=2&size=48,,N,19,39,,,,,,28,제주특별자치도,제한없음,재직자,제한없음,,,제한없음
20240418005400200007,기타,청년 어학·자격시험 응시료 지원 사업(관악구),"자격시험,어학,응시료",서울특별시 관악구에서는 청년들의 경제적 부담을 덜고 자기개발 의욕을 고취하여 취업역량을 강화하기 위한 2024년 청년 어학·자격시험 응시료 지원 사업,일자리,"취업,창업","2024년 연내에 외국어, 국가기술자격, 한국사능력검정시험 등 ‘어학 · 자격시험 등 응시료’도 지원",관악구청 청년정책과 청년일자리팀,관악구청 청년정책과 청년일자리팀,마감,,,,,공고예정,,,,,https://www.gwanak.go.kr/site/gwanak/ex/bbs/View.do?cbIdx=295&bcIdx=159251,,N,19,34,,,,,,32,서울 관악구,제한없음,미취업자,제한없음,,,제한없음
20240418005400200032,상담,서귀포시 스타트업베이 운영,"창업,지식재산권,스타트업베이","청년 창업, 일자리 창출과 지역경제 활성화를 위해 서귀포에 창업생태계를 구축",복지문화,취약계층 및 금융지원,"□ 대표 내용 / 지원 대상자
  ○ 만 39세 이하 (예비)창업자
  ○ 기술·네트워크·전문성을 보유한 창업가는 나이제한 없이 지원가능, 신청자격 확인 필수

□  지원받을 수 있는 사항
  ○ 초기창업 시기에 필요한 업무공간 지원
  ○ 창업 시기별 맞춤법 교육 및 전문가 멘토링 연계 등 엑셀러레이팅 프로그램 제공으로 사업고도화 지원
  ○ 시제품제작, 지식재산권 취득, 마케팅 비용 등으로 기업당 500만원 이내 사업화 자금 지원 등",서귀포시 경제일자리과 / 일자리지원팀,서귀포시 경제일자리과,마감,,,,,"□ 신청방법
  ○ 스타트업베이 홈페이지로 접수

□ 제출서류

입주신청서(첨부양식, *필수), 사업계획서(첨부양식, *필수), 개인정보활용동의서(첨부양식, *필수), 대표자 신분증 사본 및 이력서(자유양식, *필수), 사업자등록증 사본(*기창업자 필수), 법인등기부등본(해당자에 한함), 우대가점 신청서(해당자에 한함)
ㅇ 더 자세한 내용은 스타트업베이 홈페이지로 알아보기

https://startupbay.or.kr/",,,,,https://jejuyouthdream.com/policy/177?page=2&size=48,https://startupbay.or.kr/,N,19,39,,,,지역기준 : 서귀포시,,6,제주특별자치도,제한없음,제한없음,제한없음,,,제한없음
20240418005400200014,기타,청년 국가자격증 응시료 지원(양천구),"국가자격증,응시료,모든",취업을 준비하는 지역 청년들이 응시료 부담 없이 자기계발에 집중할 수 있도록 청년 취업연계가 가능한 자격증 취득 응시료 지원사업,일자리,"취업,창업","- 최초 신청연도에 한해 1인당 최대 10만 원 (실비) 지원(생애1회)
- 기존 모든 어학, 한국사능력검정시험에 더해 880여 종의 모든 국가자격증 시험까지 확대",양천구청,양천구청 일자리경제과 청년정책팀,마감,,,,2024.01.-2024.12.,양천구청 홈페이지 온라인 신청(신청서 온라인 작성 및 증빙서류 업로드),"○ 자격 확인 후 지원요건 충족 시 선정
   - 확인내용: 연령, 거주기간, 미취업 상태 및 사업자등록사실 여부 등 지원금 지급 제출서류 확인 후 선정
   - 신청기간 내 상시 심사 검증을 통해, 신청자 순차적으로 선정
○ 선정발표: 매월 25일 개인별 문자 발송",https://www.yangcheon.go.kr/site/yangcheon/ex/testfee/testFeeSelfCheck.do,"○ 제출서류 
① (필수)자격증 등 시험 응시료 지원 신청서(시스템 입력)
 ② (필수)개인정보 수집·이용에 관한 동의(시스템 입력)
 ③ (필수)보조금 부정수급 관련 확약서(시스템 입력) 
 ④ (선택)행정정보공동이용 동의(시스템 입력)
 ⑤ (필수)주민등록 초본(최근5년 변동이력 포함) ※ 주민등록번호 뒷자리 가리고 제출 
    ☞ 주민등록지 및 양천구 거주기간 확인
 ⑥ (필수)고용보험피보험자격이력내역서 ※ 주민등록번호 뒷자리 가리고 제출
   -(선택) 근로계약서 1부(또는 계약기간 및 근로시간, 공공근로를 증명할 수 있는 증명서)
   : 고용보험에 가입되어 있더라도 3개월 이하 또는 주26시간 이하 단기근로자, 공공근로자일 경우 제출
    ☞ 미취업 여부 확인 
 ⑦ (필수)사실증명(사업자등록사실여부) ※ 주민등록번호 뒷자리 가리고 제출
    ☞ 사업자등록 여부 확인 
 ⑧ (필수)응시 사실 확인 증빙(응시확인서 또는 성적표 중 택1) 제출
 ⑨ (필수)응시료 결제 영수증(결제금액 표기) 제출
 ⑩ (필수)통장 사본(신청자 본인 명의) 제출","○ 지급시기: 매월 30일
   - 매월 10일까지 접수분: 매월 30일 지급 예정
   - 매월 11일~31일까지 접수분: 다음 월 30일 지급 예정
   - 예산 미소진시‘24.12.11.~12.31. 신청분 : 다음연도 1월에 지급",https://www.yangcheon.go.kr/site/yangcheon/ex/bbs/View.do?cbIdx=290&bcIdx=283137,,N,19,39,,,,매월 10일까지 구청 누리집을 통해 신청서를 작성한 후 증빙서류를 함께 제출하면 심사 검증을 거쳐 선착순으로 응시료를 지원,"취업청년, 타지자체 청년",17,서울 양천구,제한없음,미취업자,제한없음,,,제한없음
20240418005400200004,상담,"국민취업지원제도(Ⅰ유형,Ⅱ유형)","ⅰ유형,ⅱ유형,재산","취업을 원하는 사람에게 취업지원서비스를 종합적으로 제공하고, 저소득 구직자에게는 생계를 위한 최소한의 소득도 지원하는 한국형 실업부조.",일자리,"취업,창업","□ 지원내용
  ○ 주민등록표 등재된 가구원의 <소득 및 재산>에 따라 2개의 유형으로 나뉩니다!
   1) Ⅰ유형 : 가구원의 중위소득 120% 이하(재산 5억 이하) 18세~34세 청년 
   2) Ⅱ유형 : 18세~34세 청년(소득 및 재산 무관)

□ 유형별 지원받을 수 있는 사항
  ○ Ⅰ유형 : 취업지원 서비스 + 구직촉진수당 (월 50만원 x 6개월)
  ○ Ⅱ유형 : 취업지원 서비스 + 취업활동비용 (직업훈련 참여시 월 최대 28만4천원x 6개월 등)

□ 아래의 경우, 소득 및 재산 요건이 해당되도Ⅰ유형 참여 불가
  ○ 생계급여 수급자
  ○ 실업급여, 청년수당 수급 후 6개월 및 직접일자리 사업종료 후 6개월이 경과되지 않은 자

□ 지원상세
  ○  <취업지원 서비스>란?
고용센터(또는 민간운영기관) 담당자의 지원을 받아 심층상담과 함께 취업활동계획 수립
취업에 필요한 직업훈련, 일경험프로그램, 취업알선 등 지원

 

  ○  <구직촉진수당>이란?

   -Ⅰ유형 참여자의 최소한의 생활안정 위해 최대 300만원 (50만원 x 6개월) 지원
     미성년자, 고령자(만 70세 이상) 등 부양가족이 있는 경우 월 최대 40만원까지 추가지원 가능


  ○   <취업활동비용>이란?

  - Ⅱ유형 참여자의 직업훈련 참여 기간 동안 최대 6개월 범위 내 수당 (월 최대 284천원) 지원",고용노동부,제주특별자치도 고용센터,마감,,,,,"□ 신청방법

- 국민취업지원제도 공식사이트 (https://www.kua.go.kr/uaptm010/selectMain.do) 또는 직접방문

- 사전에 워크넷 (https://www.work.go.kr/)에서 구직신청 필수

- 상담을 위한 고용센터는 거주지역에 따라 제주시(이도일동), 서귀포시(동흥동) 이용 가능",,http://www.kua.go.kr,,,https://jejuyouthdream.com/policy/180?page=2&size=48,,N,19,39,,,,,,137,제주특별자치도,제한없음,미취업자,제한없음,,,제한없음
20240418005400200026,교육,2024년 청년도전지원사업 참여자 모집,"의욕,고취와,사회활동","미취업 청년의 사회활동 참여 의욕 고취와 자신감 향상을 위한 프로그램, 참여수당 및 인센티브 지원","일자리, 교육","취업,교육비지원","□ 지원대상 : 6개월이상 취업 ,교육, 직업훈련 참여 이력이 없는 만 18 ~ 34세 청년 
*안동시 거주자는 39세까지 모집

□ 지원내용 : 미취업 청년의 사회활동 참여 의욕 고취와 자신감 향상을 위한 프로그램, 참여수당 및 인센티브 지원

□ 지원방법 : 워크넷 접속 후 '청년도전지원사업' 신청",(사) 사회적경제허브센터,(사) 사회적경제허브센터,마감,,,,,-,-,http://gbyouth.co.kr/policy/list.tc?mn=2379&pageNo=5069&no=610,-,-,http://gbyouth.co.kr/policy/list.tc?mn=2379&pageNo=5069&no=610,,N,18,39,,,,-,-,10,경상북도 안동시,제한없음,미취업자,제한없음,,,제한없음
20240418005400200013,기타,미취업 청년 어학 및 자격증 응시료 지원(성북구),"응시료,자격증,2024","서울특별시 성북구 청년 기본 조례에 의거, 청년들의 능력개발과 구직활동 촉진을 위해 「2024 미취업 청년 자격증 응시료 지원사업」대상자 지원 사업",일자리,창업,2024.1.1. 이후 응시한 국가공인자격증 및 어학시험 응시료(1인당 10만원 한도 실비지원),중랑구청 일자리정책과,중랑구청 일자리정책과,마감,,,,2024.3~2024.12,,,https://www.sb.go.kr/main/supTake/supTake.do?menuNo=92000000&subMenuNo=92120000&thirdMenuNo=&fourthMenuNo,미취업 청년 응시료 지원 신청페이지 참조,문의:  02-2241-3996,https://www.sb.go.kr/main/cop/bbs/selectBoardArticle.do?bbsId=B0317_main&nttId=9501429&menuNo=95000000&subMenuNo=95030000&thirdMenuNo=95031000&fourthMenuNo=,,N,19,39,,,,,"취업청년, 타지자체 청년",41,서울 성북구,제한없음,미취업자,제한없음,,,제한없음
20240418005400200012,프로그램,"대학생 아르바이트(제주시, 서귀포시)","아르바이트,마련의,시정업무","관내 대학생들에게 방학동안 직·간접적인 시정업무 체험과 사회 경험을 통한 진로 탐색 및 
 학비 마련의 기회를 제공",일자리,"취업,창업","□ 대표 내용 / 지원 대상자
  ○ 관내 대학생들에게 방학 동안 직?간접적인 시정업무 체험
  ○ 사회 경험을 통한 진로 탐색 및 학비 마련의 기회를 제공


□  지원받을 수 있는 사항
  ○ 방학기간 동안 아르바이트 기회 제공
  ○ 아르바이트(배치부서 업무 특성에 따른 행정업무 지원)


□ 이런 분만 신청 가능
  ○ 본인 또는 부모가 제주시 또는 서귀포시에 거주지를 둔 대학 재·휴학생

□ 지원상세
ㅇ 대학생 아르바이트 정책이란 ?
- 관내 대학생들에게 방학동안 직?간접적인 시정업무 체험과 사회 경험을 통한 진로 탐색 및  학비 마련의 기회를 제공
- 매년 1~2월, 7~8월 ※ 방학 기간 만 운영",제주특별자치도,제주특별자치도,마감,,,,,"□ 신청방법

- 시청 홈페이지 아르바이트생 모집 공고 (동계 12월 / 하계 6월)

- 국민기초생활수급자, 법정저소득 한부모가족의 자녀, 장애인 본인 우선선발, 

 그 외 일반대상자는 무작위 추첨 선발",,,,,https://jejuyouthdream.com/policy/185?page=2&size=48,,N,19,39,,,,"지역기준 : 제주도, 제주시, 서귀포시
근로기준 : 사업자 참여불가","※ 평생교육법에 의한 원격대학, 사내대학, 전산원, 평생교육원등은 
 평생교육시설이므로 해당되지 않으며, 
 방송통신대학, 사이버대학, 국가평생교육진흥원, 학점은행 교육기관 학생은 
 신청자격에 해당하지 않음",12,제주특별자치도,제한없음,미취업자,"대학 재학, 대졸 예정",,,제한없음
20240418005400200003,기타,미취업청년 자격증 응시료 지원사업(중랑구),"중랑구,응시료,자격증","중랑구 청년 기본 조례에 의거, 청년들의 능력개발과 구직활동 촉진을 위해 「2024 미취업 청년 자격증 응시료 지원사업」대상자 모집",일자리,"취업,창업",자격증 응시료(1인 10만원이하) 지원,중랑구청 지역경제과 청년지원팀,,마감,,,,2024.02.~2024.12.,신청자 본인이 이메일 제출(jnyouth2274@jn.go.kr),"○ 자격 확인 후 지원요건 모두 충족 시 선정
     - 확인내용: 연령, 중랑구 거주, 미취업 여부 등 제출서류 확인 후 선정
     - 신청기간 내 상시 심사 검증을 통해, 신청자 순차적으로 선정
○ 선정발표: 매월 말일 개인별 문자 발송(※ 12월은 15일)
○ 지급시기: 익월 10일까지(※ 12월은 20일까지)",,"○ 제출서류
① (필수)응시료 지원 신청서 ※ 서명란에 자필 서명
② (필수)개인정보 수집·이용에 관한 동의 ※ 서명란에 자필 서명
③ (필수)주민등록 초본(최근 5년 주소 변동이력 포함) ※ 뒷자리 포함, 중랑구 거주여부 확인
④ (필수)고용보험 피보험 자격이력내역서 ※ 미취업 여부 확인
⑤ (필수)응시 사실 확인 증빙(응시확인서 또는 성적표 중 택1)
⑥ (필수)응시료 결제 영수증(실제 결제금액 표기) ※ 매출 전표 제출 원칙
⑦ (필수)통장 사본(신청자 본인 명의)
⑧ (선택)근로계약서 1부
※ 고용보험 가입 3개월 이하 또는 주 26시간 이하 단기근로자, 공공근로자일 경우 제출
※ 근로계약서가 없을 경우 계약기간 및 근로시간, 공공근로를 증명할 수 있는 증명서 제출

○ 제출방법: 이메일 제출(이메일 제목 ‘응시료 신청_신청자이름’으로 작성)
      - 스캔파일 또는 PDF출력본 제출 원칙 (※ 핸드폰 사진은 식별가능 한것만 인정)
      - 증빙서류는 신청일 기준 3개월 내 발급본만 인정(단, 응시 사실 확인 증빙은 제외)",문의처: 중랑구청 지역경제과 청년지원팀(☎ 02-2094-2274),https://www.jungnang.go.kr/portal/bbs/view/B0000117/152741?menuNo=200475,,N,19,39,,,,,,22,서울 중랑구,제한없음,미취업자,제한없음,,,제한없음
20240418005400200036,현금지급,"청년내일저축계좌사업(차상위 이하, 초과 통합)","360만,3년,본인","저소득청년에 저축을 통한 자산형성을 지원하여 청년이 교육, 주거, 창업 등 미래에 투자하고, 위기에 대비할 수 있도록 지원",복지문화,취약계층 및 금융지원,"□ 지원대상 
  ○ 만 19~34세 (단, 수급자·차상위자는 만 15~39세) 중 소득·재산 요건을 충족하는 자


□ 만기수급액 
  ○ 3년 만기 후 720만 원 ~ 최대 1,440만 원 +이자 수급
  ○ (본인 360만 원+정부지원금 360만 원 ~ 1,080만 원)


□ 지원상세
  ○ 사업내용
     - 통장 가입 기간(3년) 동안 근로활동 지속하고, 교육 이수, 자금 사용계획서 제출 시 근로소득 장려금 지원
     - 매월 10만원 본인 저축 시,
       (차상위이하) 300천원, (차상위초과) 100천원 근로소득장려금 매칭",보건복지부 / 복지정책과,보건복지부,마감,,,,,,,,,,https://jejuyouthdream.com/policy/192?page=2&size=48,,N,19,39,,,,지역기준 : 제주도,,10,제주특별자치도,제한없음,제한없음,제한없음,,,제한없음
20240417005400200010,기타,청년 면접정장 무료대여 서비스(평택시),"무료대여,면접정장,자켓",구직을 앞둔 평택시 청년들에게 면접용 정장 무료대여 서비스를 실시하여 취업부담을 경감 시키고 구직활동을 촉진하여 취업성공을 지원하고자 청년 면접정장 무료대여 서비스 실시,일자리,"취업,창업","○  대여물품(면접정장)
      - 남자 : 자켓, 바지, 셔츠, 구두, 벨트, 타이
      - 여자 : 자켓, 스커트 또는 바지, 블라우스, 구두
○  대여기준(1인 1세트 기준)
      - 대여횟수 : 연간 총 5회 이하
      - 대여기간 : 3박4일/회(1박 연장가능)
      - 반납방법 : 직접 대여업체 방문 반납 또는 택배 이용",경기도 평택시,경기도 평택시,마감,,,,," 신청방법  
  -경기도일자리플랫폼 ‘잡아바’ https://apply.jobaba.net 접속
  -온라인 신청서 작성(신청서류 첨부) 신청 승인상태 확인 후 원하는 지점에 대여
   ※ 평일 09:00 ~ 18:00 한해서 신청내역 확인(점심시간 12:00 ~ 13:00, 주말 등 휴일 제외",,https://apply.jobaba.net," 제출서류 (자세한 사항은 공고문 참고)
  ① 주민등록등본/ 초본
    - 주민등록등본/초본일 경우 사업 신청일로부터 7일 이내 발급 서류에 한함
  ② 면접증빙서류
    - 회사명, 면접일시와 장소, 담당 연락처 기재된 면접일정알림 문자 혹은 이메일캡쳐본등
    ※ 면접증빙 서류 신청자 성함 반드시 기입
   ③ 워크넷 구직등록필증(구직인증번호 16자리 기재사항 확인용)",문의:  평택시청 청년정책과 청년정책팀 ☎ (031) 8024-3078,https://www.pyeongtaek.go.kr/pyeongtaek/bbs/view.do?bIdx=296241&ptIdx=41&mId=0401010000,,N,18,39,,,,,,9,경기도 평택시,제한없음,제한없음,제한없음,,,제한없음
20240417005400200034,상담,경기청년 마음상담소,"온라인,상담,상담소",청년 전문 상담소[리추얼리]의 청년을 위한 온라인 또래상담,복지문화,건강,"- 지원내용 : 또래상담사의 고민.걱정 상담
- 상담글 및 상담내용은 모두 비밀로 진행(온라인 모든 상담 비용 무료)",경기복지재단 경기청년지원사업단,,마감,,,,,,,https://youth.gg.go.kr/gg/home/login.do?auty=SNS&referer=%2Fgg%2Fmindcare%2Fconsultation-application2.do%3Fauty%3D6,,,https://youth.gg.go.kr/gg/mindcare/mindCare.do,,N,18,39,,,,,,8,경기도,농산업계열,제한없음,제한없음,,,제한없음
20240417005400200006,기타,청년면접정장 대여사업 '청년맞춤 취업옷장'(안성시),"안성시,자켓,바지",안성시 청년 구직자에게 면접정장 대여 지원을 통해 취업 준비로 인한 경제적 부담 완화와 청년층의 구직활동을 촉진 하고자 함,일자리,"취업,창업","○지원내용 : 취업준비생 면접용 정장 등 일체 
○대여물품(면접정장)
   - 남자 : 자켓, 바지, 셔츠, 구두, 넥타이, 벨트
   - 여자 : 자켓, 스커트(바지), 블라우스, 구두
○기간/횟수: 3박4일, 1인 연3회 이용 가능",경기도 안성시,경기도 안성시,마감,,,,,"1) 청년구직자 : 일자리지원사업 통합접수시스템 신청 신청서 작성
     - 구비서류: 서비스 신청서, 개인정보활용동의서, 주민등록 초본
     - 재학(휴학)증명서, 면접 증빙자료(면접 통보문자, 이메일 안내 등)
2) 안성시 : 자격요건 확인 후 지원 대상자 승인(쿠폰 발급)
     - 1인당 연 3회까지 신청가능 / 면접 소재지 제한 없음 
3) 업체방문 및 정장대여, 반납
     - 이용자 업체 방문 예약
     - 대여업체 방문대여(신분증, 쿠폰번호) : 첫 대여 시 방문 필수
     - 대여기간(3박4일) 내 반납 : 방문 또는 택배   ※ 택배비 (본인부담) / 대여기간 연체, 의류 손상, 분실 시 대여자 부담 
4) 만족도조사 응답
    - 정장반납 1주일이내 만족도 조사 응답 필수(후기등록)",,,,문의: 안성일자리센터  ☎ 031-678-3656,https://apply.jobaba.net/bsns/bsnsDetailView.do?bsnsSeq=2905,,N,18,39,,,,,,7,경기도 안성시,제한없음,제한없음,제한없음,,,제한없음
20240417005400200018,보증,청년월세 한시 특별지원 사업(영주시),"최대,한시적으로,임대료를",경제적 어려움을 겪고 있는 청년층의 주거비 부담 경감을 위해 청년월세를 한시적으로 지원,주거,전월세 및 주거급여 지원,"실제 납부하는 임대료를 최대 240만원(월 최대 20만원)까지 최대 12개월(회) 동안 매월 분할 지원(*임차보증금, 관리비 등은 제외)",국토교통부,영주시청(일자리경제과),특정기간,,20240226,20261231,2024-02-26 ~ 2026-12-31,-,-,http://gbyouth.co.kr/policy/list.tc?mn=2379&pageNo=5069&no=229,-,-,http://gbyouth.co.kr/policy/list.tc?mn=2379&pageNo=5069&no=229,,N,19,34,,,,-,"주택 소유자, 소득·재산 기준 초과자 등",37,경상북도 영주시,제한없음,제한없음,제한없음,20240226,20250225,제한없음
20240417005400200033,기타,The 경기패스,"경기패스,대중교통비,환급",국토부 시행 대중교통비 환급 지원 사업(K-패스) 기반 경기도 대중교통비 지원 사업,복지문화,취약계층 및 금융지원,"○ The 경기패스 경기도의 추가혜택
- K-패스의 이용횟수 제한 삭제 : (기존) 월 15~60회 → (변경) 월 15회 이상 무제한
- K-패스의 청년(30% 환급) 범위 확대 : (기존) 19~34세 → (변경) 19~39세","국토교통부, 경기도",한국교통안전공단,마감,,,,,"○ 전용 카드(선불형 또는 후불형)를 발급받고, K-패스 홈페이지 회원가입
○ K-패스와 The 경기패스 전용 카드가 별도로 구분되어 있지 않으며, 주민등록상 거주지가 경기도인 도민이 K-패스 카드 발급 후 K-패스 앱ㆍ홈페이지 가입하면 The 경기패스 혜택까지 받으실 수 있습니다.",,,,,https://www.gg.go.kr/bbs/boardView.do?bsIdx=464&bIdx=107844727&menuId=1536,https://alcard.kr/,N,19,39,,,,,,14,경기도,제한없음,제한없음,제한없음,,,제한없음
20240417005400200005,채용,2024년 취업준비생 경쟁력 강화 지원사업(AI취업준비),"ai,전형에,면접연습",인공지능(AI)면접을 활용한 기업의 채용 전형에 대비할 수 있도록 도내 취업 준비 중인 구직자에게 AI 모의면접 및 AI 자기소개서 진단 지원,일자리,"취업,창업","□ 지원내용
  ○ 대표 내용 / 지원 대상자
   - 인공지능(AI)면접을 활용한 기업의 채용 전형에 대비
   - 도내 취업 준비 중인 구직자

  ○ 지원받을 수 있는 사항
   - 유형별 면접연습, AI채용면접, NCS기반 면접연습, 외국어 면접연습 등

  ○ 지원상세
  - 인공지능(AI)면접을 활용한 기업의 채용 전형에 대비할 수 있도록 도내 취업 준비 중인 구직자에게 AI 모의면접 및 AI 자기소개서 진단 지원",제주특별자치도 / 고용센터,제주특별자치도 / 고용센터,마감,,,,,"□ 신청방법
  ○ AI프로그램 접속 (추후 시스템 업체 선정, 프로그램 제공)

1) 제주고용복지플러스센터홈페이지
  (http://www.work.go.kr/jeju/main.do)

2) 회원가입

3) 로그인 및 이용하기

ㅇ 사용자 편의사항 개선
  - 온라인에서 계정을 통해 자유롭게 사용 가능토록 이용 라이선스 구매 후 프로그램 제공",,,,,https://jejuyouthdream.com/policy/194?page=2&size=48,https://work-jeju.selfview.co.kr/index_first.html?redirect=%2F,N,19,39,,,,"지역기준 : 제주도, 제주시, 서귀포시",,18,제주특별자치도,제한없음,제한없음,제한없음,,,제한없음
20240416005400200005,교육,지역주도형 청년일자리,"1년,취창업시,지역정착을","청년에게 적합한 지역 일자리를 발굴, 제공하여 지역사회 정착 기반을 마련하고, 청년 일 경험 기회제공 및 향후 구직활동과의 연계를 지원 (4개 유형별 구체적 지원내용 상이)",일자리,창업,"사업내용 : 청년의 지역정착을 위한 일 경험, 직무교육 등으로 취,창업 지원
- 지역혁신형(개편1유형) : 미래新산업 지역특화 분야 육성, 혁신성장 연계 일자리 지원(2년)+취창업시(1년)
- 지역포용형(개편3유형) : 지역사회공헌 연계 일자리 지원(1년)
- 지역정착지원형(기존1유형) : 청년의 지역정착을 위한 직접일자리 제공(2년)+취창업시(1년)
- 지역포스트코로나대응형(기존4유형) : 비대면 디지털 분야 일경험 및 교육 제공(1년)",서울시청 일자리정책과,해당 자치구,마감,,,,2024.01.~2024.12.,사업 수행 구청/사업부서 개별 안내 확인,사업 수행 구청/사업부서 개별 안내 확인,https://job.seoul.go.kr/Main.do?method=getMain,사업 수행 구청/사업부서 개별 안내 참조,,https://www.mois.go.kr/frt/sub/a06/b07/localyouthjob/screen.do,,N,19,39,,,,,,9,서울특별시,제한없음,미취업자,제한없음,,,제한없음
20240416005400200011,프로그램,서울시 대학생 아르바이트 사업,"서울시,사회생활,아르바이트",서울시 대학생이 방학기간(6주) 동안 서울시정에 참여할 기회를 제공하여 사회생활 경험 체득 및 학비 마련 기회 제공,일자리,창업,공고문 참조,서울시청,주관기관 동일,마감,,,,"연 2회, 여름겨울방학 중 6주","- 서울특별시 앱 
- ‘서울특별시’ 누리집(분야별정보-행정-새소식)을 통해 신청
(https://news.seoul.go.kr/gov/news-all)",,https://news.seoul.go.k,,"○ 다산콜센터(☎120), 인력개발과 교육팀(☎02-2133-5766, 5767, 5764)

※ 자치구는 별도로 대학생 아르바이트를 시행하오니 구청 및 동주민센터에서 아르바이트를 하고자 하는 대학생은 거주지의 해당 구청으로 문의하시기 바랍니다.",https://news.seoul.go.kr/gov/archives/554119,,N,18,39,,,,,"* 2023년 기준
- 평생교육법에 의한 원격대학, 사내대학, 전산원, 평생교육원 등 평생교육시설 및 방송통신대학, 사이버대학, 국가평생교육진흥원, 학점은행 교육기관 학생, 해외대학 학생",11,서울특별시,제한없음,제한없음,"대학 재학, 대졸 예정",,,제한없음
20240416005400200002,상담,[제주특별자치도 서귀포시]2024년 청장년일자리지원 프로그램,"청장년,구인,체계를",청장년 취업지원 체계를 구축함으로써 청장년 구인·구직난 해소 및 청년 고용 활성화 도모,일자리,"취업,창업","□ 지원내용
  ○ 대표 내용 / 지원 대상자
  ○ 청장년 일자리 상담 및 취업 알선 프로그램 운영
      (예. 바리스타 훈련과정 등)
  ○ 서귀포시 청장년층


□ 지원받을 수 있는 사항
  ○ 취업 연계프로그램 진행(교육, 방문상담 등)

□ 지원상세
  ○ 청장년 일자리 지원 프로그램이란 ?
  ○ 청장년 취업지원 체계를 구축함으로써 청장년 구인?구직난 해소 및 청년 고용 활성화 도모
  ○ 청장년 구인?구직 발굴→취업 연계 프로그램 진행(교육, 방문 상담 등)",제주특별자치도 서귀포시 / 서귀포시 경제일자리과(일자리지원팀),제주특별자치도 서귀포시 / 서귀포시 경제일자리과(일자리지원팀),마감,,,,,"ㅇ 신청기간 및 방법

- 문의(서귀포 경제일자리과 064-760-2813)

- 서귀포시 청장년층 중심으로 이용",,,,,https://jejuyouthdream.com/policy/250?page=1&size=48,,N,19,39,,,,지역기준 : 서귀포시,,4,제주특별자치도,제한없음,제한없음,제한없음,,,제한없음
20240416005400200028,채용,[제주특별자치도](정부)2024년 내일채움공제 가입장려금 지원사업,"내일채움공제,근로자,제주특별자치도","중소벤처기업부의 「청년재직자 내일채움공제」사업에 가입한 기업과 근로자의 지원을 위하여 「제주특별자치도 일자리 창출 지원에 관한 조례」제 6조 및 제13조, 「제주특별자치도 지방보조금 관리 조례」제14조 제1항에 의하여 청년재직자 내일채움공제 가입장려금 지원","일자리, 참여권리","취업,정책인프라구축","□ 지원내용
  ○ 대표 내용 / 지원 대상자
     - 대한민국 국적으로 신청일 현재 제주특별자치도 내 주소를 두고 공제 사업에 참여하고 있는 근로자(*공제 만기까지 유지 원칙)


  ○ 참여기업 및 참여근로자 자격
    ※ 사업 참여기업 자격
        -(참여자격) 「청년재직자 내일채움공제 사업」에 참여하는 제주특별자치도내 중소기업
        -(참여제한) 본 사업시행과 관련하여 1회 이상 장려금을 지원받은 기업의 귀책으로 공제가 해지된 경우, 공제해지일로 부터 2년 이내에는 해지된 인원만큼 신규가입에 따른 장려금 지원을 제한함(단, 공제해지 이전 가입한 공제는 계속 지원)

    ※ 사업 참여근로자 자격
        -(참여자격) 대한민국 국적으로 신청일 현재 제주특별자치도내 주소를 두고 공제사업에 참여하고 있는 근로자 * 공제 만기까지 유지 원칙
        -(참여제한) 1회 이상 공제가입 장려금을 지원받은 근로자 (* 생애 1회 지원)



□ 지원받을 수 있는 사항

 ○ 정액적립형 : 매월 근로자 12만원 + 기업 20만원 + 정부 18만원 적립형
 ○ 차등적립형 : 매월 근로자 12만원 + 기업 차등적립 + 정부 18만원 적립형
 ○ 차등적립 : 1년 12만원·2년 15만원·3년 20만원·4년 25만원·5년 28만원",중소벤처기업진흥공잔 제주지역본부,제주특별자치도 / 경제일자리과,마감,,,,,"ㅇ 신청방법(*방문 및 우편접수)

- 중소벤처기업진흥공잔 제주지역본부 (064-754-5159)

- 제주 제주시 연삼로 473, 제주특별자치도 경제통상진흥원 3층

사업 참여를 희망하는 기업은 운영 지침을 충분히 숙지하여 부정 참여가 발생하지 않도록 사업 참여 근로자와 반드시 공유하여 신청서 작성",,https://www.kosmes.or.kr/nsh/map/main.do,,,https://jejuyouthdream.com/policy/254?page=1&size=48,,N,19,34,,,,,"ㅇ 아래의 경우 참여 불가

1회 이상 공제가입 장려금을 지원받은 근로자(*생애 1회 지원)",16,제주특별자치도,제한없음,제한없음,제한없음,,,제한없음
20240416005400200021,상담,Mind-Talk Talk' 청년 정신건강 증진 선별검사(구리시),"선별검사,구리시,상담이","구리시 청년의 정신건강 증진을 위해 무료 선별검사(스트레스, 우울증 검사 등)와 상담 진행",복지문화,건강,"□ 내 용 : 무료 선별검사(스트레스, 우울증 검사 등)와 상담 서비스 제공 
- 선별검사 https://zrr.kr/3i7W
- 상담신청 https://zrr.kr/DL1P
□ 장 소 : 구리시 청년내일센터 4층 교육실
* 매월 마지막 주 금요일 상담이 어려울 경우 방문(정신건강복지센터) 상담이 가능합니다.",,구리시정신건강복지센터,마감,,,,,"1. 전화신청(031-523-3064,8689), 구리시정신건강복지센터
2. QR코드 스캔 후 신청(내용란에 청년내일센터 작성 필요)",,,,,https://guristartup.or.kr/bbs/board.php?bo_table=cnotice&wr_id=1003,,N,19,34,,,,,,6,경기도 구리시,제한없음,제한없음,제한없음,,,제한없음
20240416005400200007,현금지급,수원시 청년 도전 지원사업,"50만원,참여수당,도전",구직단념청년의 노동시장 참여 및 취업 촉진 지원을 위한 맞춤형 프로그램,일자리,창업,"- 도전프로그램 : 참여수당 1인 50만원 지급
- 도전+ 프로그램 : 5주 단위로 참여수당 1인 50만원 지급(중기 최대 170만원, 장기 최대 300만원)
※취업인센티브(50만원) 별도",고용노동부,수원시청년지원센터 청년기획팀,마감,,,,,,,https://www.work.go.kr/youngChallenge/index.do,,,https://www.swyouth.kr/?p=147_view&idx=240,,N,18,39,,,,,,3,경기도 수원시,제한없음,미취업자,제한없음,,,제한없음
20240415005400200010,현금지급,거제시 청년도전지원사업 참여자 모집,"50만원,참여수당,1인","구직단념청년, 자립준비청년 등을 대상으로 맞춤형 프로그램을 제공하여 청년의 구직의욕고취, 노동시장 참여 및 취업 촉진 지원",일자리,"재직자,창업","□ 지원내용
- 도전프로그램 : 참여수당 1인 50만원 지급
- 도전+ 프로그램 : 5주 단위로 참여수당 1인 50만원 지급(중기 최대 170만원, 장기 최대 300만원)
※취업인센티브(50만원) 별도",고용노동부,경남경영자총협회 청년도전지원사업팀,마감,,,,"□ 운영기간
○ 거제
- 도전(5주) : 9/9~10/13
- 도전+ 중기(1주)1기 : 1/29~5/12
- 도전+ 장기(25주) 1기 : 5/20~11/10","□ 신청방법
 - 문의 : 경남경영자총협회 청년도전지원사업팀 T.055-266-1934
 - 신청 : 워크넷(work.go.kr)-고용복지정책-청년도전지원사업(운영기관 선택  '경남경영자총협회')
  ※ 워크넷 회원가입 필수, PC로만 신청 가능
  ※ 창원 외 지역의 경우에도 운영기관 창원(경남경영자총협회)로 신청",-,https://www.work.go.kr/youngChallenge/index.do,-,-,https://www.gef.or.kr/core_board2007/board/coreboard.php?i_board=notice&wr_id=324,,N,18,39,,,,-,"□ 참여제한(공통)
 ① 고용보험법에 따른 구직급여(실업급여)를 수급중이거나 지급이 끝난 날로부터 6개월이 지나지 아니한 자
 ② 국민취업지원제도에 참여하여 수혜 중인 자(예외 조건이 있으므로 기관에 참여 가능 여부 확인)
 ③ 재학생 : 학점은행제, 사이버대학교, 대학원, 방송통신고등(대)학교 등 포함(졸업예정자, 졸업생 참여 가능)",6,경상남도 거제시,제한없음,미취업자,"고졸 미만, 고졸 예정, 대졸 예정, 대학 졸업, 석·박사",,,제한없음
20240415005400200009,현금지급,진주시 청년도전지원사업 참여자 모집,"50만원,참여수당,1인","구직단념청년, 자립준비청년 등을 대상으로 맞춤형 프로그램을 제공하여 청년의 구직의욕고취, 노동시장 참여 및 취업 촉진 지원",일자리,"취업,창업","□ 지원내용
- 도전프로그램 : 참여수당 1인 50만원 지급
- 도전+ 프로그램 : 5주 단위로 참여수당 1인 50만원 지급(중기 최대 170만원, 장기 최대 300만원)
※취업인센티브(50만원) 별도",고용노동부,경남경영자총협회 청년도전지원사업팀,마감,,,,"□ 운영기간
○ 진주 
- 도전(5주) : 10/7~11/10
- 도전+ 중기(1주) 1기 : 7/22~11/3
- 도전+ 장기(25주) 1기 : 2/5~7/28","□ 신청방법
 - 문의 : 경남경영자총협회 청년도전지원사업팀 T.055-266-1934
 - 신청 : 워크넷(work.go.kr)-고용복지정책-청년도전지원사업(운영기관 선택  '경남경영자총협회')
  ※ 워크넷 회원가입 필수, PC로만 신청 가능
  ※ 창원 외 지역의 경우에도 운영기관 창원(경남경영자총협회)로 신청",-,https://www.work.go.kr/youngChallenge/index.do,-,-,https://www.gef.or.kr/core_board2007/board/coreboard.php?i_board=notice&wr_id=324,,N,18,39,,,,-,"□ 참여제한(공통)
 ① 고용보험법에 따른 구직급여(실업급여)를 수급중이거나 지급이 끝난 날로부터 6개월이 지나지 아니한 자
 ② 국민취업지원제도에 참여하여 수혜 중인 자(예외 조건이 있으므로 기관에 참여 가능 여부 확인)
 ③ 재학생 : 학점은행제, 사이버대학교, 대학원, 방송통신고등(대)학교 등 포함(졸업예정자, 졸업생 참여 가능)",9,경상남도 진주시,제한없음,미취업자,"고졸 미만, 고졸 예정, 대졸 예정, 대학 졸업, 석·박사",,,제한없음
20240415005400200008,현금지급,김해시 청년도전지원사업 참여자 모집,"50만원,참여수당,1인","구직단념청년, 자립준비청년 등을 대상으로 맞춤형 프로그램을 제공하여 청년의 구직의욕고취, 노동시장 참여 및 취업 촉진 지원",일자리,"취업,창업","□ 지원내용
- 도전프로그램 : 참여수당 1인 50만원 지급
- 도전+ 프로그램 : 5주 단위로 참여수당 1인 50만원 지급(중기 최대 170만원, 장기 최대 300만원)
※취업인센티브(50만원) 별도",고용노동부,경남경영자총협회 청년도전지원사업팀,마감,,,,"□ 운영기간
○ 김해 
- 도전(5주) : 10/21~11/24
- 도전+ 중기(1주) 1기 : 7/22~11/3
- 도전+ 장기(25주) 1기 : 3/18~9/8","□ 신청방법
 - 문의 : 경남경영자총협회 청년도전지원사업팀 T.055-266-1934
 - 신청 : 워크넷(work.go.kr)-고용복지정책-청년도전지원사업(운영기관 선택  '경남경영자총협회')
  ※ 워크넷 회원가입 필수, PC로만 신청 가능
  ※ 창원 외 지역의 경우에도 운영기관 창원(경남경영자총협회)로 신청",-,https://www.work.go.kr/youngChallenge/index.do,-,-,https://www.gef.or.kr/core_board2007/board/coreboard.php?i_board=notice&wr_id=324,,N,18,39,,,,-,"□ 참여제한(공통)
 ① 고용보험법에 따른 구직급여(실업급여)를 수급중이거나 지급이 끝난 날로부터 6개월이 지나지 아니한 자
 ② 국민취업지원제도에 참여하여 수혜 중인 자(예외 조건이 있으므로 기관에 참여 가능 여부 확인)
 ③ 재학생 : 학점은행제, 사이버대학교, 대학원, 방송통신고등(대)학교 등 포함(졸업예정자, 졸업생 참여 가능)",5,경상남도 김해시,제한없음,미취업자,"고졸 미만, 고졸 예정, 대졸 예정, 석·박사",,,제한없음
20240415005400200015,현금지급,창원시 청년도전지원사업 참여자 모집,"50만원,참여수당,1인","구직단념청년, 자립준비청년 등을 대상으로 맞춤형 프로그램을 제공하여 청년의 구직의욕고취, 노동시장 참여 및 취업 촉진 지원",일자리,"취업,창업","□ 지원내용
- 도전프로그램 : 참여수당 1인 50만원 지급
- 도전+ 프로그램 : 5주 단위로 참여수당 1인 50만원 지급(중기 최대 170만원, 장기 최대 300만원)
※취업인센티브(50만원) 별도",고용노동부,경남경영자총협회 청년도전지원사업팀,마감,,,,"□ 운영기간
○ 창원
- 도전(5주) : 09/02~10/06 
- 도전+ 중기(1주) 1기 : 1/29~5/12
- 도전+ 중기(1주) 2기 : 5/6~8/18
- 도전+ 중기(1주) 3기 : 8/12~11/24
- 도전+ 장기(25주) 1기 : 1/22~7/14
- 도전+ 장기(25주) 2기 : 3/4~9/1
- 도전+ 장기(25주) 3기 : 4/15~10/6

○ 마산 
- 도전+ 중기(1주) 1기 : 5/20~8/31
- 도전+ 중기(1주) 2기 : 8/5~11/24","□ 신청방법
 - 문의 : 경남경영자총협회 청년도전지원사업팀 T.055-266-1934
 - 신청 : 워크넷(work.go.kr)-고용복지정책-청년도전지원사업(운영기관 선택  '경남경영자총협회')
  ※ 워크넷 회원가입 필수, PC로만 신청 가능
  ※ 창원 외 지역의 경우에도 운영기관 창원(경남경영자총협회)로 신청",-,https://www.work.go.kr/youngChallenge/index.do,-,-,https://www.gef.or.kr/core_board2007/board/coreboard.php?i_board=notice&wr_id=324,,N,18,39,,,,-,"□ 참여제한(공통)
 ① 고용보험법에 따른 구직급여(실업급여)를 수급중이거나 지급이 끝난 날로부터 6개월이 지나지 아니한 자
 ② 국민취업지원제도에 참여하여 수혜 중인 자(예외 조건이 있으므로 기관에 참여 가능 여부 확인)
 ③ 재학생 : 학점은행제, 사이버대학교, 대학원, 방송통신고등(대)학교 등 포함(졸업예정자, 졸업생 참여 가능)",7,경상남도 창원시,제한없음,미취업자,"고졸 미만, 고졸 예정, 대졸 예정, 대학 졸업, 석·박사",,,제한없음
20240415005400200013,현금지급,양산시 청년도전지원사업 참여자 모집,"양산시,외부연계활동,자율활동","양산시 청년의 구직의욕 고취, 노동시장 참여 및 취업 촉진 지원을 목적으로 맞춤형 프로그램 제공",일자리,"취업,창업","□ 사업내용 : 구직의욕 고취 맞춤형 프로그램 제공 및 이수시 참여 수당 지급
- 도전프로그램 (단기 5주) : 1인 50만원 / 밀착상담, 사례관리, 자신감 회복, 진로탐색, 취업역량 강화
- 도전플러스프로그램 (중기 15주) : 1인 최대 170만원 / 도전프로그램과 외부연계활동 및 자율활동 추가 운영
- 도전플러스프로그램 (장기 25주) : 1인 최대 300만원 / 도전프로그램과 외부연계활동 및 자율활동 추가 운영
※ 취업인센티브(50만원) 별도 지급

□ 교육장소 : 양산시 청년센터 '청담' (양산시 동면 남양산1길 14, 1층)",고용노동부,양산시 청년도전지원사업팀,마감,,,,2024년 4월 ~ 2024년 12월,고용노동부 워크넷 온라인 신청 (www.work.go.kr/youngChallenge/index.do),-,https://www.work.go.kr/youngChallenge/index.do,,,https://www.yangsan.go.kr/portal/board/post/view.do?bcIdx=293&mid=0101010000&&idx=444609,,N,18,39,,,,-,-,15,경상남도 양산시,제한없음,미취업자,"고졸 미만, 고교 졸업, 대학 졸업, 석·박사",,,제한없음
20240415005400200005,현금지급,[친환경농업정책과] 2024년 청년창업농 영농정착 지원사업,"청년창업농,영농,컨설팅","청년 창업자금, 기술·경영 교육과 컨설팅, 농지은행 매입비축 농지임대 지원",일자리,창업,"□ 지원내용
   ○ 사업내용
     40세 미만, 영농경력 3년 이하(예비농 포함) 청년농업인 중 영농의지 및 열정을 가진 자를 선발하여 최대 3년동안 80만원에서 100만원까지 영농정착지원금 지급을 통해 영농 초기 농가 소득 불안정 해소로 및 영농 정착 활성화 도모

□ 지원받을 수 있는 사항
  ○ 영농정착지원금 지원: 독립경영 1년차 월110만원, 2년차 월100만원, 3년차 월90만원
  ○ 청년창업농 농림사업 연계 및 지원 우대
  ○ 농지 지원(농지은행), 창업 및 경영개선 자금 지원(융자 최대5억원)
  ○ 영농기술 및 경영역량 제고 교육, 컨설팅 등

□ 지급방법
  ○청년농업희망카드 발급(신용 또는 체크)
     * 영농자금 및 일반 가계자금으로 사용범위 제한",제주시 친환경농업정책과,"친환경농업정책과 / 제주시 농장과, 서귀포시 감귤농정과",마감,,,,,"□ 신청방법

-농림사업정보시스템(Agrix)를 통한 온라인 접수

-농림사업정보시스템(www.agrix.go.kr)에 접속 → 메인화면의 ‘청년창업농 신청’ 선택 → 신청서 작성 및 첨부서류 업로드(사업 신청 시도, 시군구 반드시 선택)",,https://www.agrix.go.kr,,,https://jejuyouthdream.com/policy/256?page=3,,N,19,39,,,,"□ 지원 대상자
  ○ 연령 : 2024년 기준 만 18세 이상 ~ 만 40세 미만
  ○ 영농경력 : 독립경영 3년 이하(독립경영 예정자 포함)
  ○ 병역 : 병역필 또는 병역면제자
  ○ 거주지 : 사업 신청을 하는 시·군·구에 실제 거주(주민등록 포함)/독립경영 예정자는 영농기반 마련 예정 시·군·구에 신청
  ○ 소득기준 : 건강보험료 납부 기준으로 판단
      * 위의 자격 조건 모두 충족되어야 함",,7,제주특별자치도,제한없음,제한없음,제한없음,,,제한없음
20240415005400200024,상담,청년정신건강상담(의정부시),"의정부시,청년정신건강상담,조기",의정부시 청년센터와 함께하는 정신건강 무료상담,복지문화,건강,"- 상담내용 : 청년정신건강상담, 청년들의 정신건강문제를 조기 발견 & 상담사의 조기 개입
- 장소 : 의정부시 청년센터 4층 상담실
- 일시 : 평일 18시 이전(일정 협의 후 상담 진행)",,의정부시 청년센터,마감,,,,,"- 진행순서
1. 정신건강상담 신청
2. 청년센터 정신건강상담 담당자가 정신건강복지센터에 상담 의뢰
3. 상담사님이 신청자에게 연락 후 상담 일정 조율
4. 청년센터에서 정신건강상담 진행",,https://211.188.65.173/pages/program/detail/480,,,https://www.jobaba.net/sprtPlcy/info/view2020.do?seq=12026,,N,19,34,,,,,,9,경기도 의정부시,제한없음,제한없음,제한없음,,,제한없음
20240415005400200001,기타,청년 슈트잡아 플러스(의정부시),"의정부시,증명사진,촬영","의정부시 청년 구직자를 위한 면접정장 무료대여, 이력서 증명사진 무료촬영",일자리,"취업,창업","○ 정장(셔츠, 블라우스 포함) 및 소품(구두, 넥타이, 벨트 등)
- 1인당 연 2회까지(대여일부터 3박4일)
- 제외 : 모의면접, 학교면접, 개인용도 지원불가

○ 무료 이력서사진 촬영 서비스
- 이력서 증명사진 무료 촬영(1인 연 1회/인화본 8장, 파일제공)",의정부일자리센터,,마감,,,,,- 온라인 접수 후 센터방문,,https://cafe.naver.com/ujbjob,,,https://cafe.naver.com/ujbjob,,N,18,39,,,,,,9,경기도 의정부시,제한없음,제한없음,제한없음,,,제한없음
20240415005400200002,기타,면접 준비 청년 헤어스타일링 무료지원(남양주시),"헤어스타일링,준비,무료지원",남양주시 면접 준비 청년 헤어스타일링 무료지원사업,일자리,창업,"- 지원내용 : 면접 준비 청년 헤어스타일링 무료지원
- 지원혜택 : 1인 연 최대 2회이며, 업체별 가능한 시술 종류와 월 대상인원은 변동 가능",남양주시 청년정책과,,마감,,,,,"1호점 : 센느 (경춘로 490 힐스테이트 지금디포레, 2238호) 네이버예약
2호점 : 바인 (해밀예당1로200번길 13-4, 103호) 유선접수 / 0507-1359-3706
3호점 : 기분좋은날 (도농로 중촌1길6, 1층) 유선접수 / 010-5206-9538",,,,,https://www.nyj.go.kr/mayor/selectBbsNttView.do?key=1598&bbsNo=68&nttNo=476159,,N,19,39,,,,,,12,경기도 남양주시,제한없음,제한없음,제한없음,,,제한없음
20240412005400200008,상담,서울시 골목창업학교,"실습교육,서울시,이론교육",청년 예비창업자에게 실용적 이론교육과 실무중심의 체계적인 실습기회를 제공하여 서울시 청년들이 지역상권에 활기를 불어 일으킬 수 있도록 지원하기 위한 사업,일자리,"취업,창업","- 교육지원 : 이론 및 실습교육, 멘토링 등 지원
- 교육기간 : 3개월 내외
- 금융지원 : 최대 7천만원 이내 창업보증 및 서울시자금(장기저리) 지원
- 이론교육, 실습교육, 보완교육, 현장체험",서울시청 소상공인담당관,서울신용보증재단,마감,,,,,"서울시 자영업지원센터 홈페이지 접수
홈페이지(www.seoulsbdc.or.kr) → 사업안내 → 골목창업학교",,https://www.seoulsbdc.or.kr/cs/contents.do?contentCd=trdarAcademy,공고문 참조,"※세부일정은 변경될 수 있으며 변경 시 재공지 및 개별통지 예정
※문의) 서울신용보증재단 골목창업팀  (02-2174-4212, 4213)",https://www.seoulsbdc.or.kr/cs/contents.do?contentCd=trdarAcademy,https://blog.naver.com/toktokseoul/223039775035,N,19,39,,,,,"- 신청일 기준 사업자등록 되어있는 업체의 대표자
- 재보증제한업종으로 창업하려고 하는 자
- 국세 또는 지방세를 체납 중인 자
- 개인신용정보상 채무불이행자 또는 신용도판단정보 등 이상이 있는 자 주1)
- 신용보증기관(신용보증기금, 기술보증기금, 전국 지역신용보증재단) 신용보증사고 및 대위변제 관계자에 해당되는 자",20,서울특별시,제한없음,(예비)창업자,제한없음,,,제한없음
20240412005400200007,상담,서울 청년창업꿈터 운영,"변동될,4인실,2인실","서울시에서 청년 창업가에게 업무 및 주거공간, 사업 역량강화 교육/멘토링 및 코칭, 입주기업 네트워크 등을 제공하는 정책",일자리,창업,"입주혜택
가. 입주기간 : 1년 (1년후 연장평가를 통해 추가 1년 입주 연장 가능)
     ※ 서울시 정책에 따라 입주기간은 변동될 수 있음.
나. 입주실별 월 이용료 : *일괄 선납 (연장기업의 경우 2배수 납부)
  * 2인실 기준(44,055원), 4인실 기준(88,110원)
※ 월이용료는 공시지가 등에 의하여 변동될 수 있음 
 다. 입주 시 주요 혜택
    - 독립형 사무/숙박공간 2인실(16.5㎡) 또는 4인실(33㎡) (책상 및 의자 포함)
    - 회의실, 공용 주방, 세탁실 등 이용 가능
    - 냉난방, 인터넷, 시설 출입 및 호실 도어락 보안 시스템 등 제공
    - 입주기업 15개 사 내외 창업사업화 지원 (기업당 평균 4백만원, 심사 후 차등 지원)
    - 창업 분야별, 수준별 역량 강화 교육 및 멘토링, 투자유치 프로그램 
    - 지역사회, 유관기관(기업) 네트워킹 등 각종 교류 프로그램",서울시청 창업정책과,주관기관과 동일,마감,,,,2024.01.~2024.12.,"온라인 접수(https://www.startup-plus.kr, 홈페이지 공지)",,https://youth.startup-plus.kr/,공고문 확인,"○ 문의처 
  청년창업꿈터 운영사무실(☎ 02-362-8800, startupds01@gmail.com)",https://www.startup-plus.kr/,,N,19,39,,,,"- 입주기업 구성원과 관계자의 경우 연중무휴로 자유롭게 이용가능
- 외부에서 청년창업꿈터 내 공용시설을 사용하고자 하는 경우 운영사무실에 연락하여 신청하시면 검토 후 이용가능","- 금융기관 등으로부터 채무불이행으로 규제 중인 자
- 국세 혹은 지방세를 체납중인 자
- 중앙정부, 서울시 및 타 지자체/공공기관의 창업공간 지원을 받고 있는 기업
- 기타 법령 등에서 창업지원의 제한 사유가 있다고 인정하는 자",17,서울특별시,제한없음,제한없음,제한없음,,,제한없음
20240412005400200005,채용,[서귀포시]2024년 청년희망이음일자리(청년인턴) 사업(*서귀포시 청년층),"공공부문,서귀포시,일자리",미취업 청년들에 대한 공공부문 일자리 제공으로 직무 경험 및 사회진출 자립기반 마련,일자리,"취업,창업","□ 지원 대상자
  ㅇ 미취업 청년에게 공공부문 일자리 제공
  ㅇ 만 19 ~ 39세 이하(서귀포시 청년층)

□ 지원받을 수 있는 사항
  ㅇ 공공부문 일자리 제공",서귀포시 / 서귀포시 경제일자리과(일자리지원팀),서귀포시 / 서귀포시 경제일자리과(일자리지원팀),마감,,,,,"□ 서귀포시청 각 부서와 읍·면사무소 및 동 주민센터 홈페이지에 게재된 공고문을 참고하여 해당 부서에 참여를 신청
□ 상반기: 1월 중, 하반기: 6월 중 모집",,,,,https://jejuyouthdream.com/policy/253?page=2,https://seogwipo.go.kr,N,19,39,,,,,,7,제주특별자치도,제한없음,제한없음,제한없음,,,제한없음
20240412005400200031,상담,서울시 청년부상제대군인지원사업(상담센터),"서울시,상담센터,법률상담","군복무중 질병이나 부상으로 제대하는 청년에 대해 특화된 상담,법률,심리 및 재활지원사업",일자리,취업,"지원 : 심리재활상담, 법률상담, 취창업지원 등 
위치 : 서울시 중구 세종대로 110,서울특별시청 지하 1층 시민청 제2청년활력소",서울시청 복지정책과,서울시복지재단,마감,,,,2024.1.1.~2024.12.31.,지원신청서 제출 후 면담 및 추가서류 작성,,,,"문의 : 02-6354-2030
이메일 문의 : wvsckorea@gmail.com",https://blog.naver.com/swf1004/223403513829,https://www.instagram.com/wvsc2030/,N,19,39,,,,없음,없음,9,서울특별시,제한없음,제한없음,제한없음,,,제한없음
20240412005400200003,상담,익산시 청년도전지원사업,"이수,참여수당,도전","함께 꿈을 이루는 청년도전지원 사업! 맞춤형 프로그램을 통해 나를 알아가고,  취업 활동 참여해요",일자리,"재직자,창업","□ 주 프로그램
-밀착상담, 사례관리, 자신감 회복, 진로탐색, 취업 역량 강화, 외부연계활동, 자율활동 등

□ 프로그램별 지원 내용
-도전 프로그램(5주 40시간 이상)-이수 시 참여수당 50만원
-도전+Ⅰ 프로그램(15주 120시간 이상)-이수 시 참여수당 150만원(50만원*3회), 이수인센티브 및 취업인센티브 지원
-도전+Ⅱ 프로그램(25주 200시간 이상)-이수 시 참여수당 250만원(50만원*5회), 이수 및 취업관련 활동, 취업인센티브 지원",전북특별자치도 익산시,사)캠틱종합기술원,마감,,,,2024. 1. 18. ~ 2024. 12. 31.,□ 구글 및 워크넷 신청,□ 개별연락,https://iksan.go.kr,-,문의 063)918-6081~4,https://www.instagram.com/youth_forest?igsh=MW1uOGZzYTlkYTRzcw==,http://pf.kakao.com/_mxfeNG,N,18,39,,,,-,-,12,전북특별자치도 익산시,제한없음,미취업자,제한없음,,,제한없음
20240411005400200051,교육,4-H회 육성지원사업,"h회,지역사회를,h연합회","지역사회를 선도하는 청년지도자로서 갖춰야 할 리더십 및 인적 네트워크 구축, 농업전문교육, 야영교육, 경진대회, 국제교류, 지역사회 봉사활동 및 4-H활동지도, 토론회(전국 단위) 등에 참여 할 수 있는 칠곡군4-H연합회 회원을 모집합니다.",참여권리,"청년참여,정책인프라구축","□ 내용: 청년농업인 대상으로 하는 교육, 선진지견학 및 과제활동 지원, 청년농업인4-H회 운영 활성화 등",칠곡군농업기술센터,칠곡군농업기술센터,마감,,,,미정,"□ 신청방법: 방문신청
  * 칠곡군농업기술센터(칠곡군 약목면 동덕로 146)",-,http://gbyouth.co.kr/policy/list.tc?mn=2379&pageNo=5069&no=606,-,-,http://gbyouth.co.kr/policy/list.tc?mn=2379&pageNo=5069&no=606,,N,19,39,,,,-,-,7,경상북도 칠곡군,제한없음,영농종사자,제한없음,,,농업인
20240411005400200045,교육,4월 어수정 청년공간 프로그램(동두천시),"4월,교육,중복신청",어수정 청년공간 교육 프로그램,복지문화,건강,"[4월 6일 토요일]
- 나도 프로 직장인, 커리어 설계 (MBTI , 직업선호도 검사)
- 취업 잘되는 자소서 깨알 코칭 (자소서 코칭)
- 사회 초년생 급여로 목돈만들기
- 2030세대 주식 재태크 비법
※ 각 프로그램별 2시간씩 교육, 오전 10시 1회차 교육 시작, 중복신청 가능

[4월 13일 토요일]
- 트랜디한 시대, 슈퍼 개인이 되자! (창업준비, 기업가 정신)
- 마음 건강 마인드셋 (스트레스 관리)
- 소소한 행복, 미니정원 만들기 (봄맞이 힐링만들기)
※ 각 프로그램별 2시간 교육, 오전 11시 1회차 교육 시작, 중복신청 가능",경기도 동두천시 어수정 청년공간,,마감,,,,,,,,,,https://www.ddc.go.kr/ddc/selectBbsNttView.do?key=105&bbsNo=25&nttNo=142523,,N,19,39,,,,,,5,경기도 동두천시,제한없음,제한없음,제한없음,,,제한없음
20240411005400200043,상담,4월 마음소풍-대면 심리상담(고양시),"대면,심리상담,전문상담사와",전문상담사와 함께 하는 1:1 대면 심리상담(심화),복지문화,건강,"- 내용 : 전문상담사와 함께 하는 1:1 대면 심리상담(심화)
- 위치 : 고양시 관내(상담사와 장소협의)
- 일정 : 신청 후 상담사와 일정 협의(상담시간은 회당 60분)",고양시 청취다방,,마감,,,,,"구글폼/증빙서류(처음1회만) 작성 및 제출 후 신청하기 클릭
- 구글폼 http://tinyurl.com/2ym67hpw
- 증빙서류 제출이메일 gy3679@korea.kr",,https://booking.naver.com/booking/5/bizes/658161/items/5745399?preview=1,,,https://goyangjobcafe.kr/archives/37133,,N,18,39,,,,,,5,경기도 고양시,제한없음,제한없음,제한없음,,,제한없음
20240411005400200013,기타,면접사진 촬영(고양시),"촬영,증명사진,면접용","고양시 청년들을 위한 이력서, 면접용 증명사진 촬영 지원",일자리,"취업,창업","- 내용 : 취업 준비에 필요한 이력서,면접용 증명사진 촬영 지원
- 촬영 : 더본스튜디오 (주엽역 8번 출구)
- 일정 : 2024년 3월 ~ 예산소진시 마감/매주 금요일
- 시간 : 일자별 신청 순서대로 임의 배치(금 10:00~19:00)",고양시 청취다방,,마감,,,,,,,https://apply.jobaba.net/bsns/bsnsDetailView.do?bsnsSeq=3059,,,https://goyangjobcafe.kr/archives/37079,,N,18,39,,,,,,10,경기도 고양시,제한없음,제한없음,제한없음,,,제한없음
20240411005400200044,상담,4월 청스타-대면 심리상담(고양시),"고양시정신건강복지센터,대면심리상담,전문상담사와",고양시정신건강복지센터 전문상담사와 함께하는 1:1 대면심리상담,복지문화,건강,"- 제공내용 : 고양시정신건강복지센터 전문상담사와 함께하는 1:1 대면심리상담
- 상담공간 : 상담사와 협의
- 상담일정 : 신청 후 상담사와 협의(60분)",고양시 청취다방,,마감,,,,,,,https://goyangjobcafe.kr/archives/37136,,,https://goyangjobcafe.kr/archives/category/programs/joba,,N,19,39,,,,,,4,경기도 고양시,제한없음,제한없음,제한없음,,,제한없음
20240411005400200012,상담,4월 찾아가는 자기소개팅(고양시),"4월,2024년,면접컨설팅",취업 전문 상담사와 함께하는 1:1 대면 컨설팅,일자리,"취업,창업","- 지원내용 : 진로, 자소서 및 면접컨설팅 등 맞춤 상담
- 기간 : 2024년 4월 1일~2024년 4월 30일",고양시 청취다방,,마감,,,,,,,https://goyangjobcafe.kr/archives/37150,,,https://goyangjobcafe.kr/archives/category/programs/joba,,N,18,39,,,,,,5,경기도 고양시,제한없음,제한없음,제한없음,,,제한없음
20240411005400200011,상담,청년해냄센터 운영,"창업,동남권,청년해냄센터","강동구 및 서울시 동남권 지역 청년창업 성장 디딤돌 역할 수행, 창업관심자, 예비창업자, 기창업자에게 창업공간 및 창업교육, 성장지원 서비스 제공",일자리,창업,"창업 멘토링, 창업 교육, 창업 네트워킹, 창업 지원사업, 입주기업 지원, 공간 제공",강동구청 기획경제국 일자리정책과,,마감,,,,상시,방문 및 센터 홈페이지 온라인 신청,,http://www.gdhaenaem.com/?c=165,,,https://blog.naver.com/gdhaenaem,,N,19,39,,,,,,12,서울 강동구,제한없음,제한없음,제한없음,,,제한없음
20240411005400200041,프로그램,강동청년축제,"청년문화,즐길,포럼",강동구만의 특성있는 청년문화 조성 및 활성화,복지문화,문화활동,포럼/강연/문화예술 등 다양하게 즐길 수 있는 행사 및 프로그램 제공,강동구청 기획경제국 일자리정책과 청년정책팀,강동구청,마감,,,,미정,"- 접수사이트에서 참가신청
- 사전접수 혹은 현장참여",-,,,,http://www.gangdong.go.kr,,N,19,39,,,,-,,6,서울 강동구,제한없음,제한없음,제한없음,,,제한없음
20240411005400200037,현금지급,2024 꿈이음 청춘카페 지원사업,"취창업,선정,지역특화",지역카페를 활용한 청년활동공간 제공으로 취창업 지원 및 커뮤니티 활동 장려,복지문화,문화활동,"□ 청년설발 및 지원 
: 취창업 준비 등 19세~39세 주소지가 경북인 청년 선발, 카페음료모바일(7만포인트)지급, 취창업 프로그램 지원

□ 꿈이음카페모집
 : 유동인구가 많고 접근성이 좋은 대학가 및 교통거점 등 선정 취창업 관련 프로그램 발굴 및 운영

□ 지역기업 모집 : 청년일자리 창출 우수기업, 지역특화 청년창업기업 등 선정","경상북도(포항시, 경주시, 구미시, 영천시, 경산시, 영월군, 영덕군)","경상북도(포항시, 경주시, 구미시, 영천시, 경산시, 영월군, 영덕군)",마감,,,,미정,-,-,http://gbyouth.co.kr/policy/list.tc?mn=2379&pageNo=5069&no=603,-,-,http://gbyouth.co.kr/policy/list.tc?mn=2379&pageNo=5069&no=603,,N,19,39,,,,-,-,5,경상북도,제한없음,미취업자,제한없음,,,제한없음
20240411005400200010,채용,2024년 청년 공공일자리사업(제주시),"공공일자리사업,행정분야,직무경험을",청년 공공일자리사업 참여로 청년 취업 취약계층 생활 안정 및 행정분야 직무경험을 통한 취업 역량 강화 도모,일자리,"취업,창업","□ 주요 내용
  ㅇ 청년층 대상 공공일자리창출 : 50명
  ㅇ 청년 공공일자리사업 참여로 청년 취업 취약계층 생활 안정 및 행정분야 직무경험을 통한 취업 역량 강화 도모

□ 지원상세
ㅇ 참여방법
    -제주도청 : 제주특별자치도 공공근로 단기일자리(참고)

□ 지역기준 : 제주시",제주시 / 일자리에너지과,제주시 / 일자리에너지과,마감,,,,,,,,,,https://jejuyouthdream.com/policy/208,,N,19,39,,,,,"근로기준 : 4대보험(직장인) 참여불가, 사업자 참여불가",7,제주특별자치도,제한없음,미취업자,제한없음,,,제한없음
20240409005400200008,기타,면접정장 대여지원 사업(고양시),"고양시,면접정장,앞둔",취업면접을 앞둔 고양시 청년을 위한 면접정장 대여지원 사업,일자리,"취업,창업","- 대여횟수 : 1인당 연 5회(3박 4일/1회)
- 대여품목 : 남녀 정장 SET(자켓, 치마, 바지, 셔츠, 블라우스, 넥타이, 구두 등)
- 대여업체 : 드림윙즈(서울시 마포구 월드컵북로 2길 11, 3층) ☎ 02-547-4782",경기도 고양시청 청년정책팀,고양시 청취다방,마감,,,,,,,,,,https://apply.jobaba.net/bsns/bsnsDetailView.do?bsnsSeq=3161,,N,18,39,,,,,,9,경기도 고양시,제한없음,제한없음,제한없음,,,제한없음
20240409005400200007,대출,청년소상공인 희망키움 특례보증·이자지원(구리시),"특례보증,이자지원,희망키움",관내 청년 소상공인의 자금난 해소와 경영안정 도모,일자리,창업,"사업명 : 청년소상공인 희망키움 특례보증·이자지원 
지원내용 : 특례보증, 이자지원 
융자규모 : 2,335백만원 

기타 자세한 모집요강 및 세부 내용은 첨부된 공고문을 참고하시기 바랍니다.",경기신용보증재단 구리지점,,마감,,,,,,,,,,"https://www.guri.go.kr/www/selectGosiNttView.do?pageUnit=10&pageIndex=1&searchCnd=all&key=387&searchGosiSe=01,04,06&gosiNttNo=41561&searchDeptNm=",,N,19,39,,,,,,6,경기도 구리시,제한없음,자영업자,제한없음,,,제한없음
20240408005400200007,상담,남양주시 청년창업 컨설팅 지원사업,"남양주시,창업,멘토링",창업에 관심이 있거나 창업으로 어려움을 겪고 있는 남양주시 청년을 대상으로 하는 창업코칭 및 멘토링,일자리,"취업,창업","○ 사업내용 : 영역별·수준별 실무 중심의 1:1 맞춤형 창업 코칭 및 멘토링
- 영역 : 사업화, 마케팅, 세무회계, 정부창업지원사업, 창업법률 등
- 수준 : 창업여부, 창업 준비도, 창업 숙련도 등",경기도 남양주시,남양주시 청년정책과(청년지원팀),마감,,,,,"○ 접수방법 : 시 홈페이지 공고를 통한 신청서 이메일 접수(lydiaryu@korea.kr)
○ 운영방법 : 신청 → 적격여부 검토 → 전문가 매칭 → 1:1 컨설팅 진행 → 결과보고
※ 매칭된 전문가와 컨설팅 내용, 일정, 장소 등 사전 조율 후 컨설팅 진행",,,,,https://www.nyj.go.kr/www/selectEminwonWebView.do?sc1=SJ&sa1Join=01;02;04;05&sc2=%EC%B2%AD%EB%85%84&key=2492&pk=72272,,N,19,39,,,,,,6,경기도 남양주시,제한없음,제한없음,제한없음,,,제한없음
20240408005400200006,프로그램,청년 취업 지원 프로그램 운영사업,"취업,운영사업,취득",□ 취업 역량 강화 및 자격증 취득 지원,일자리,창업,□ 취업 역량강화 지원,충청남도 당진시,충남산학융합원,마감,,,,□ 2024.01.01.~2024.12.31.,□ 시군에 직접 신청,□ 심사 후 최종 선발,,"□ 신청서
□ 개인정보제공 동의서",,https://ciuc.or.kr/triple/common/rescue.html?cate_no=24,,N,18,39,,,,,,5,충청남도 당진시,제한없음,제한없음,제한없음,,,제한없음
20240408005400200004,기타,청년 cheer-up(취업) 지원사업,"000원,장기근속을,구직활동과",□ 청년의 구직활동과 장기근속을 장려하고 청년의 지역정착을 도모,일자리,창업,"□ 면접수당 50,000원
□ 취업성공수당500,000원
□ 근속수당 1개월 100,000원
 ※ 최대12개월까지",충청남도 서천군,충청남도 서천군,마감,,,,□  2024. 01. ~ 12.,□ 시군에 직접신청,,,,,https://youth.chungnam.go.kr/web/main/customSupp/M030-02/view?cp=2&bizId=A20240325LC000000000002028,https://www.seocheon.go.kr/cop/bbs/BBSMSTR_000000000056/selectBoardArticle.do?nttId=B00000260166tx8sS0gu5lz3&kind=&mno=sitemap_02&pageIndex=1&searchCnd=0&searchWrd=%EC%B2%AD%EB%85%84,N,19,39,,,,,,4,충청남도 서천군,제한없음,미취업자,제한없음,,,제한없음
20240408005400200011,기타,청년월세 한시 특별지원사업,"범위내에서,특별지원사업,한시",□ 청년들의 주거비 경감,주거,전월세 및 주거급여 지원,□ 실제 월세 범위내에서 월 최대 20만원 지원,국토교통부,논산시 인구청년교육과,특정기간,,,,□ 2024. 3. ~ 2026. 12.,"□ 주소지 읍면동사무소
□ 정부24",□ 담당부서 검토 후 지원대상자 확정,,"□  재학(입학)증명서
□  주민등록등본
□  통장사본",,https://www.nonsan.go.kr/kor/html/sub05/051005.html,,N,19,34,,,,,,58,충청남도 논산시,제한없음,제한없음,제한없음,20240201,20250228,제한없음
20240405005400200007,시설제공,우리동네 다락(多樂)방 (화성시),"화성시,지점,음료",화성시 청년들이 가까운 동네에서 편하게 다락방처럼 이용할 수 있는 공간을 지원,복지문화,취약계층 및 금융지원,"□ 우리동네 다락(多樂)방으로 등록된 장소 이용(2024.4.5.기준, 22개 지점)
□ 5,000원 이내 음료 또는 디저트 무료 제공
 - 초과분은 현장에서 자부담금 결제",화성시청년지원센터,화성시청년지원센터,마감,,,,,,,,,문의: 031-5189-7164,https://hey.hscity.go.kr/base/board/list?boardManagementNo=15&menuLevel=2&menuNo=77,,N,19,39,,,,"- 주말 및 공휴일 제외 '최소 3일 전' 예약 필수
- 예약 확정은 매주 월/목 15시~16시 진행
- 예약 확정 안내를 받은 후 이용 가능
- 예약 변경 또는 취소, 당일 노쇼 시 연 이용횟수에서 차감",,6,경기도 화성시,제한없음,제한없음,제한없음,,,제한없음
20240405005400200002,현금지급,하남시 청년도전 지원사업 참여자 모집,"이수시,참여수당,개별맞춤컨설팅",구직단념청년을 발굴하고 구직의욕 고취 및 자신감 강화를 위한 맞춤형 프로그램을 제공하고자 '2024년 청년도전지원사업' 참여자를 모집,일자리,창업,"■ 운영과정 
 ○ 도전프로그램 :  5주간, 총 40시간
（밀착상담, 사례관리, 자신감회복, 진로탐색, 취업역량강화, 개별맞춤컨설팅)  
 ⇒ 32시간 이상 이수시 참여수당 50만원 지급

 ○ 도전+프로그램
 ·Ⅰ유형 (15주간, 총 120시간)
  ⇒ 96시간 이상 이수시 참여수당 및 인센티브 포함 최대 170만원 지급
  ·Ⅱ유형 (25주간, 총 200시간) 
  ⇒ 160시간 이상 이수시 참여수당 및 인센티브 포함 최대 300만원 지급
（밀착상담, 사례관리, 자신감회복, 진로탐색, 취업역량강화, 개별맞춤컨설팅,외부연계활동, 자율활동)","고용노동부, 하남시",하남시 청년해냄센터,마감,,,,,"■ 접수방법 : 인터넷 신청(워크넷) 및 문의처 방문 접수  (방문상담 필수)
■ 방문주소 : 하남시 미사강변대로 84,5층 청년해냄센터",,https://www.work.go.kr/youngChallenge/index.do,,문의: 하남시 청년해냄센터 (031-5182-1522~3),https://www.hanam.go.kr/www/selectBbsNttView.do?key=170&bbsNo=30&nttNo=480180,,N,18,34,,,,,,2,경기도 하남시,제한없음,미취업자,제한없음,,,제한없음
20240405005400200001,현금지급,경기청년 갭이어 프로그램,"지원금,최대,1인","청년들이 하고 싶은 일을 탐색하고, 실패에 대한 두려움을 깰 수 있는 도전을 지원하는 프로그램",일자리,창업,"○ 지원내용 : 진로탐색 프로젝트 지원금, 역량교육, 분야별 멘토링 등
   * 프로젝트형 지원금 : 1인 최대 500만원 지원 ※ 팀별 최대 3,000만원
   * 사회공헌형 지원금 : 1인 최대 100만원 지원 (여행+자원봉사)",경기도,경기도,특정기간,특정기간,20250401,20251231,,,"○ 선발 세부사항
  - 1차 서류심사를 통해 2배수의 면접 대상자를 선발하고, 2차 면접심사 결과에 따라 고득점자순으로 1.2배수 대상자 선발
  ※ 평가점수는 팀원 전체점수 합산 평균으로 산정
○ 선발자 발표
  - 잡아바 어플라이(https://apply.jobaba.net)에 마이페이지 게시
  ※ 경기도미래세대재단 누리집(http://www.gfgf.or.kr) - 청년본부 - 경기청년포털 공지사항 게시, 선발자에게 문자 등 개별 안내 예정",https://apply.jobaba.net/bsns/bsnsDetailView.do?bsnsSeq=4218,"○ 제출서류 : ① 신청서 ② 가점 증빙서류(참고3)
※ 주민등록 및 개인정보 수집 및 활용 사항은 온라인으로 동의ㆍ제출

-제출서류 및 신청사항등에 대한 자세한 내용은 반드시 참고사이트 및 공고문을 통해서 확인","문의처 : 031-247-4211(경기도미래세대재단 청년지원팀)
경기청년 갭이어 프로그램 인스타그램 : https://www.instagram.com/gapyear_ggyouth/",https://apply.jobaba.net/bsns/bsnsDetailView.do?bsnsSeq=4218,https://youth.gg.go.kr/gg/intro/notice.do?mode=view&articleNo=7725&article.offset=0&articleLimit=10,N,19,39,제한없음,무관,,"【경기청년 갭이어 사업의 목적】
  청년들의 진로 및 미래 설계를 위한 국내 프로젝트 도전 지원  ※ 단순한 호기심 충족, 취미ㆍ여가 활동, 사업자금 충당을 위한 지원 불가",,109,경기도,제한없음,제한없음,제한없음,20250401,20250425,제한없음
20240404005400200004,상담,경북 청년CEO 마일스톤 지원사업,"레벨업,시제품제작,추가","사업화자금(시제품제작, 홍보·마케팅, 제품디자인, 장비임차료, 컨설팅 등) 1인당 연 1,500만원 지원, 맞춤형 레벨업 추가 지원 1이당 1,000만원",일자리,"취업,창업","□ (1년차) 사업화자금(시제품제작, 홍보·마케팅, 제품디자인, 장비임차료, 컨설팅 등) 1인당 연 1,500만원 지원, 맞춤형 레벨업 추가 지원(1인당 1,000만원)
□ (2년차) 청년을 추가(신규) 채용 시 해당 청년의 인건비 1년(연 2,400만원) 지원 - 1년차 사업종료 후 6개월 내 청년 신규 채용시 지원 
□ 전문가 연계를 통해 밀착형 기업진단 컨설팅 프로그램 운영
□ 창업기업의 디자인, 국내/외 전시회, 직무역량강화 등
□ 우수청년인재 채용 연계(ex. 희망이음사업, 대학생 인턴십 등)를 통한 지역 창업기업 우선 추천",(재)경북테크노파크,(재)경북테크노파크 경북청년창업지원센터,마감,,20230101,20231231,2023-01-01~2023-12-31,-,-,http://gbyouth.co.kr/policy/list.tc?mn=2379&pageNo=5069&no=429,-,-,http://gbyouth.co.kr/policy/list.tc?mn=2379&pageNo=5069&no=429,,N,19,39,,,,-,-,2,경상북도,제한없음,(예비)창업자,제한없음,,,제한없음
20240404005400200009,현금지급,청년월세 한시 특별지원 사업(문경시),"문경시,이하,중위소득",청년월세 한시 특별 지원사업(문경시),주거,전월세 및 주거급여 지원,"□ 대상자 : 「청년기본법」상 청년(만 19~34세 이하)으로 부모님과 별도 거주하고, 임차보증금 5천만원 및 월세 60만원 이하 주택에 거주하는 무주택자
□ 지원한도 : 실제 납부하는 임대료를 최대 240만원(월 최대 20만원)까지 최대 12개월(회) 동안 매월 분할 지원
□ 지원자격 : 청년가구 소득 기준 중위소득 60% 이하, 원가구 소득 기준 중위소득 100% 이하
□ 신청기간 : '24.2. ~ '25.2. / 지급기간 : '24.2. ~ '26.2.",국토교통부,문경시청(일자리경제과),특정기간,,20240226,20250225,2024-02-26~2025-02-25,-,-,http://gbyouth.co.kr/policy/list.tc?mn=2379&pageNo=5069&no=236,-,-,http://gbyouth.co.kr/policy/list.tc?mn=2379&pageNo=5069&no=236,,N,19,34,,,,-,-,36,경상북도 문경시,제한없음,제한없음,제한없음,20240301,20250225,제한없음
20240404005400200011,기타,청년드림옷장 면접정장 무료대여 (파주시),"파주시,면접정장,무료대여",구직을 앞둔 파주시 청년들에게 면접용 정장 무료대여 서비스를 실시하여 경제적 부담을 줄이고 구직활동을 촉진하여 취업성공을 지원하고자「파주시 청년드림옷장」 면접정장 무료대여 서비스 실시,복지문화,취약계층 및 금융지원,"○면접정장 대여
  - 대여업체 : ㈜에녹메이(파주시 가람로116번길 107, 1002~ 1003호)
   -대여물품(면접정장)
     * 남자 : 자켓, 바지, 셔츠, 구두, 넥타이, 벨트
     * 여자 : 자켓, 스커트(바지), 블라우스, 구두
  ○ 기간/횟수 : 4박5일 / 1인 연4회 한정",경기도 파주시,경기도 파주시,마감,,,,,,,https://apply.jobaba.net/bsns/bsnsDetailView.do?bsnsSeq=2938,"○ 제출서류  
    - 파주시 거주 청년 : 신청서(온라인작성), 개인정보동의서(온라인작성), 주민등록초본(신청일로부터 30일이내 발급서류에 한함) 및 면접증빙서류(면접통보 메일, 문자 등 캡처) 업로드
    - 관내 소재 고등학교 졸업예정자 및 대학교 재(휴)학생
       : 신청서(온라인작성), 개인정보동의서(온라인작성), 재(휴)학증명서(신청일로부터 30일이내 발급서류에 한함) 및 면접증빙서류(면접통보 메일, 문자 등 캡처) 업로드","○ 문의
  -지원대상여부:  파주시 청년청소년과 청년지원팀 ☎ 031-940-8664
  -예약 및 대여문의 : 에녹메이 파주운정점 ☎ 070-4647-3057
※(운영시간) 월~금 AM 10:00 ~ PM 18:00 ※ 토요일, 일요일, 공휴일 휴무",https://apply.jobaba.net/bsns/bsnsDetailView.do?bsnsSeq=2938,,N,18,34,,,,,,15,경기도 파주시,제한없음,미취업자,제한없음,,,제한없음
20240402005400200006,상담,1:1 자기소개서 컨설팅(구리시),"자기소개서,컨설팅,구리시",청년 구직자분들을 위한 구리시 일자리센터 '2024년 1:1 자기소개서 컨설팅',일자리,"취업,창업","○ 운영방법 : 온라인(이메일)을 통한 1:1컨설팅(1인 2회 진행)
○ 교육내용 : 전문 컨설턴트를 통한 직무 및 기업 맞춤형 자기소개서 작성, 첨삭, 피드백, 1:1 심층적 컨설팅

※ 자세한 사항은 모집 안내문을 참고하시기 바랍니다.",경기도 구리시,구리시 일자리센터,마감,,,,,"○ 방문접수 : 구리시 일자리센터
○ 이메일접수 : gurijob@korea.kr.(접수 후 ☎031-550-8529 확인전화 필수)",,,"○ 참가신청서, 주민등록초본, 신분증 사본",,https://www.guri.go.kr/www/selectBbsNttView.do?key=380&bbsNo=36&nttNo=41039,,N,19,39,,,,,,18,경기도 구리시,제한없음,제한없음,제한없음,,,제한없음
20240402005400200010,현금지급,청년도전지원사업(안산시),"도전프로그램,장기,안산시","구직단념청년 등을 대상으로 맞춤형 프로그램을 제공하여 청년의 구직의욕 고취, 노동시장 참여 및 취업 촉진 지원",일자리,"취업,창업","□ 지원내용 : 도전프로그램(단·중·장기) 프로그램 중 선택
□ 도전프로그램 단·중·장기 이수 시 각 50·150·250만원 및 인센티브 지급

 ※구체적인 프로그램 내용 및 이수요건 등은 참고사이트 및 첨부파일 통하여 확인 필수","고용노동부, 안산시",사단법인 가치있는누림,마감,,,,,"□ 온라인 접수 및 (사)가치있는누림 전화 접수
  - 워크넷 홈페이지 접속 후‘청년도전지원사업’검색
  - QR 코드 접속 후 신청 (첨부파일 확인)

 ※ 온라인 신청이 어려운 경우, ‘(사)가치있는 누림’방문 접수 가능",,https://www.work.go.kr/youngChallenge/index.do,,"문의:
(사)가치있는누림(031-402-4145)
안산시 청년정책관(031-369-1655)",https://www.jobaba.net/sprtPlcy/info/view2020.do?seq=12387,https://www.ansan.go.kr/www/common/cntnts/selectContents.do?cntnts_id=C0001209,N,18,39,,,,,"□  고용보험법에 따른 구직급여를 받고있거나, 구직급여의 지급이 끝난 날로부터 6개월이 지나지 아니한 자
□  국민취업지원제도 참여하여 수혜중인 자
□  고등학교, 대학교(학점은행제, 사이버대학교, 대학원 포함) 재학중인 자",14,경기도 안산시,제한없음,미취업자,제한없음,,,제한없음
20240401005400200003,프로그램,2024년 당진시 청년도전지원사업,"참여수당,도전,인센티브",□ 미취업 청년들에게 구직의욕 고취 및 자신감강화를 위한 맞춤형 프로그램을 제공하는 사업,일자리,"취업,창업","□ 도전 프로그램(5주)-참여수당 50만원
□ 도전+ 중기 프로그램(15주)-참여수당 150만원, 인센티브 최대 70만원
□ 도전+ 장기 프로그램(25주)-참여수당 250만원, 인센티브 최대 100만원",당진시청 청년정택팀,(사)충남산학융합원,마감,,,,,□ 기본대상→워크넷 신청 / 지역특화→구글폼 신청,□ 담당자 확인 후 개별 연락,https://www.work.go.kr/youngChallenge/index.do,,,https://www.dangjin.go.kr/cop/bbs/BBSMSTR_000000000395/selectBoardArticle.do?nttId=1110192,https://ciuc.or.kr/board/business/read.html?no=213&board_no=5&cate_no=51,N,18,34,,,,,"□ 6개월 이내 취업·직업훈련 이력 있는 자
□ 학생 신분인 자(휴학생, 대학원생, 졸업유예생, 학점은행제 등 포함)
□ 국민취업지원제도에 참여하여 수혜중인 자
□ 구직급여를 받고 있거나 구직급여의 지급이 끝난 날부터 6개월이 지나지 아니한 자",23,충청남도 당진시,제한없음,미취업자,제한없음,,,제한없음
20240328005400200002,기타,용인청년 희망옷장(면접정장 무료대여서비스),"무료대여서비스,용인청년,재킷",용인청년 면접정장 무료대여서비스,일자리,창업,"○ 지원내용 : 면접시 필요한 정장 무료대여
(남자) 재킷, 바지, 셔츠, 구두, 벨트, 넥타이
(여자) 재킷, 바지, 스커트, 블라우스, 구두
○ 대여기간 : 4박 5일
○ 대여규정 : 1인당 연간 최대 5회 까지

▶ 대여업체 등 자세한 사항은 신청 사이트 확인",경기도 용인시,,마감,,,,,"① 신청 : 용인시 홈페이지에서 용인시 청년면접 정장 무료대여 신청
② 쿠폰발송 : 신청자격(주소지, 연령 등) 확인 후 쿠폰번호 문자 발송
③ 사전예약 : 사전에 전화 또는 인터넷(네이버)을 통해 방문일자 및 시간 예약
④ 대여 : 예약일에 대여업체 방문(신분증 지참) 및 신체치수 측정 후 정장 수령
⑤ 반납 : 4박5일 대여기간 내 반납(방문)",,https://www.yongin.go.kr/user/web/interviewsuite/BD_selectInterviewSuiteList.do?category=youth,,,https://www.jobaba.net/sprtPlcy/info/view2020.do?seq=12332,,N,18,39,,,,,"○ 제외대상 : 모의면접자, 대학·대학원면접자, 아카데미 또는 양성(교육)과정 면접자",17,경기도 용인시,제한없음,제한없음,제한없음,,,제한없음
20240328005400200005,프로그램,용인시 청년 소프트웨어 구매 지원사업,"소프트웨어,오피스,용인시",용인시 청년 오피스 프로그램 소프트웨어 구입비용 지원,"복지문화, 일자리","취약계층 및 금융지원,창업","○ 지원내용 : 오피스 프로그램 소프트웨어 구입비용 중 5만원 한도
(1인 연1회, 구독제품의 경우 1인 연1회 최대3회까지 지원)
○ 지원제품 : 한컴오피스(한컴독스 포함), MS Office (Family, Personal, Home & Student), 어도비(18종)
○ 구입 : 본인이 선호하는 제품 구매(온-오프라인 모두 가능)

▶ 자세한 사항은 참고 사이트 확인",경기도 용인시,,마감,,,,,"○ 신청방법 : 용인시 홈페이지 로그인 후 지원신청(첨부서류 등록)
○ 대상선정 : 자격 적합여부 및 증빙서류 확인 후 지원여부 문자통보(신청일 익월 5일 경)
○ 비용입금 : 개인별 계좌송금(신청일 익월 10일 경)",,,"① 지원신청서(홈페이지에서 신청서 작성)
② 주민등록초본(최근 1개월 이내 발급, 발급일자 및 최종주소 확인이 가능할 것)
③ 구입영수증(제품명, 구입일자, 구입금액이 확인 가능해야 함)
④ 제조사 홈페이지 내 제품등록 후 화면 캡처본",,https://www.yongin.go.kr/user/web/swSupport/BD_selectSwSupportList.do,,N,18,39,,,,,,21,경기도 용인시,제한없음,제한없음,제한없음,,,제한없음
20240327005400200004,교육,「2024년 청년층 NCS·인적성 강의 지원사업」 참여자 모집,"강의,ncs,2024년",전북특별자치도와 전북특별자치도경제통상진흥원에서는 구직자의 취업 능력을 강화하고 취업의지를 향상하기 위해「2024년 NCS ·인적성 강의 지원사업」을 운영하오니 많은 관심과 참여를 바랍니다.,교육,교육비지원,첨부된 공고문 확인,(재)전북특별자치도경제통상진흥원,(재)전북특별자치도경제통상진흥원,마감,,,,-,첨부된 공고문 확인,첨부된 공고문 확인,,첨부된 공고문 확인,-,,,N,18,39,,,,-,-,67,전북특별자치도,제한없음,미취업자,제한없음,,,제한없음
20240325005400200022,상담,자아회복탄력성 개인심리상담(오산시),"오산시,인지행동,6회",오산시 청년들의 건강한 심리건강 회복을 위한 '오산청년 마음 돌보기' 프로그램,복지문화,"취약계층 및 금융지원,건강","최초 신청후 상담사와 개별 일정을 조율하여 추가 상담진행(1회 50분씩 최대 6회)
- 자아회복탄력성 향상을 위한 개인 심리상담
- 역경지수 회복과 대인관계 소통 향상
- 내면아이치유 / 마음챙김(인지행동) 등",경기도 오산시,오산청년일자리지원센터 이루잡,마감,,,,,,,,,,https://blog.naver.com/irujob/223383138333,https://www.jobaba.net/sprtPlcy/info/view2020.do?seq=12702,N,19,39,,,,,,6,경기도 오산시,제한없음,제한없음,제한없음,,,제한없음
20240325005400200008,기타,청년월세 한시 특별지원,"이하,중위소득,한시",□ 경제위기로 인한 청년 주거비 부담 경감을 위해 저소득 청년에 대한 한시 월세 지원 추진,주거,전월세 및 주거급여 지원,"□ 19~34세 이하 부모님과 별도 거주 무주택 청년에게 월 최대 20만원 월세 지원
  ※ (청년독립가구) 기준 중위소득 60% 이하, (원가구) 기준 중위소득 100% 이하
  ※ 최대 24개월(회) 지원",아산시,아산시,특정기간,기타,,,최대 24개월(회) 지원,,,https://www.bokjiro.go.kr/ssis-tbu/twataa/wlfareInfo/moveTWAT52011M.do?wlfareInfoId=WLF00004661,,,,,N,19,34,제한없음,기타,"(청년독립가구) 기준 중위소득 60% 이하, (원가구) 기준 중위소득 100% 이하",,,155,충청남도 아산시,제한없음,제한없음,제한없음,20240226,20250225,제한없음
20240325005400200004,교육,천안형 채용연계프로그램,"채용연계,우수기업,정규직",□ 직장기본교육 제공 후 관내 우수 기업 취업 연계,일자리,"취업,창업","□ 천안 우수기업 정규직 채용연계 및 청년 취업응원금
  ※천안사랑카드50만원 지원",천안시 청년담당관,천안청년센터 이음,마감,,,,□ 2024. 02 ~ 2024. 11,□ 천안청년센터이음 접속,□ 공고시 참조,https://www.ch2030youth.kr/,"□ 천안거주 증빙서류
□ 건강보험자격득실확인서
□ 입사지원서",,,,N,18,39,,,,,,13,충청남도 천안시,제한없음,제한없음,제한없음,,,제한없음
20240325005400200001,기타,충남 지역혁신형 창업가 성장지원,"지역혁신형,육성하여,창업생태계",□ 지역가치와 기술혁신형 아이디어 기반의 청년창업가를 지역혁신가로 육성하여 자립 및 생존율 제고 및 청년 지역 정착 및 창업생태계 조성,일자리,"재직자,창업","□ 약2억원
※ 변동 가능",충남,충남창조경제혁신센터,특정기간,,,,□ 2023.1.1.~2025.12.31.,,,https://ccei.creativekorea.or.kr/chungnam/,,,https://ccei.creativekorea.or.kr/chungnam/,,N,19,39,,,,"※대체모집 여부 문의:
 ㅇ 충남창조경제혁신센터",,97,충청남도,제한없음,(예비)창업자,제한없음,20230101,20251231,제한없음
20240321005400200008,상담,은둔고립청년 무료 심리 상담(경기),"은둔청년,개인,집단상담",은둔고립청년들과 그 부모들을 위한 무료 심리 상담 지원,복지문화,취약계층 및 금융지원,"○ 지원내용
- 고립니트청년 개인/집단상담 : 오프라인 (개인 8회기)
- 은둔청년 개인/집단상담 : 온라인 (2회기)
- 은둔청년 부모상담 (3회기)
- 은둔청년 방문상담 (1회기3시간)

○ 장소 
(사)파이나다운청년들 / 분당구 서현동 위치
- 은둔청년들 대상 비대면 및 방문 상담 가능

○ 비용 : 무료",사회복지공동모금회,(사)파이나다운청년들,마감,,,,,,,https://www.pie-edu.com/blank-49,,,https://www.jobaba.net/sprtPlcy/info/view2020.do?seq=12633,,N,19,34,,,,,,16,경기도,제한없음,제한없음,제한없음,,,제한없음
20240321005400200003,프로그램,청년도전지원사업(남양주시),"이수,인센티브,사업운영기간",남양주 미취업 청년의 취업의욕 고취 및 자신감 강화를 위한 맞춤형 취업지원 프로그램,일자리,"취업,재직자","□ 도전프로그램
ㅇ 사업운영기간: 5주 이상
ㅇ 참여수당: 1인당 50만원
ㅇ 이수 인센티브, 취업 인센티브: 없음

□ 도전+프로그램(중기)
ㅇ 사업운영기간: 15주 이상
ㅇ 참여수당: 1인당 150만원(50만원x3회)
ㅇ 이수 인센티브: 이수 시 20만원
ㅇ취업 인센티브: 이수 후 6개월 이내 취업하고 3개월 근속 시 50만원

□ 도전+프로그램(장기)
ㅇ 사업운영기간: 25주 이상
ㅇ 참여수당: 1인당 250만원(50만원×5회)
ㅇ 이수 인센티브: 이수 시 20만원, 취업관련 활동 시 30만원(국취Ⅰ유형은 국취참여수당으로 대체)
ㅇ취업 인센티브: 이수 후 6개월 이내 취업하고 3개월 근속 시 50만원

▶ 기타 자세한 세부 내용은 참고 사이트를 확인해주세요.",고용노동부,(사)한국고용복지센터,마감,,,,,,방문 접수 2~3일 후 개별 통보,,"신분증사본, 등본, 통장사본",,https://blog.naver.com/youngdream_,https://www.work.go.kr/youngChallenge/index.do,N,18,34,,,,,,4,경기도 남양주시,제한없음,미취업자,제한없음,,,제한없음
20240320005400200003,현금지급,청년 임차보증금 이자지원,"이자지원,대출,지원금리",서울시에서는 청년들의 더 나은 주거환경과 소득 대비 높은 주거비 부담을 완화하기 위해 청년 임차보증금 이자지원을 제공합니다.,주거,전월세 및 주거급여 지원,"○ 대출한도
  - 최대 2억원(임차보증금의 90% 이내, 대출한도 최대 2억원은 2023.5.2 대출 신청 건부터 적용됨)

○ 지원금리
  - 대출금액의 연 2% 이자지원
   *본인부담금리: 대출금리 - 서울시 지원금리 (*본인 의무 부담금리 연 1.0%)

○ 대출기간
  - 임차계약기간에 따라 회당 6개월~2년 (최장 8년까지 연장 가능)
  - 만 39세까지 대출 및 이자지원(만 40세가 되는 날부터 이자지원이 중단됨)
  - 예외: 대출만기 시점에 전세사기(깡통전세)로 인하여 대출금 상환이 어려울 경우 증빙서류 제출 시 대출연장 및 이자지원 연장처리(최장4년)

○ 대출형식
  - 한국주택금융공사 보증서를 담보로 하나은행 재원으로 대출",서울시 주택정책과,주관기관과 동일,마감,,,,,,,https://housing.seoul.go.kr/site/main/content/sh01_040901,청년 임차보증금 이자지원사업 공고문 참고,"- 본 사업을 통한 대출은 생애 1회로 제한합니다. 추가 대출 및 전액 상환 후 재신청은 불가합니다.
- 추천서를 받으셨다 하더라도 은행내규에 적합하지 않을 경우 대출취급이 제한될 수도 있습니다.
- 서울시 다산콜센터 (☎02-120)
- 서울시 주택정책과 (☎02-2133-7026, 7029)",https://soco.seoul.go.kr/youth/main/contents.do?menuNo=400024,,N,19,39,,,,,,40,서울특별시,제한없음,"재직자, 자영업자, 미취업자, 프리랜서, 일용근로자, (예비)창업자, 단기근로자, 영농종사자",제한없음,,,제한없음
20240319005400200003,보증,서울시 청년안심주택(공공지원민간임대) 임대보증금 지원,"무이자,500만원,신혼부부","대중교통이 편리한 역세권 및 간선도로변에 청년, 신혼부부의 주거안정 및 주거난 해소를 위해 시세대비 저렴한 공공임대와 민간임대 주택을 제공",주거,전월세 및 주거급여 지원,"- 임차보증금의 30% 무이자 지원(청년 : 최대 4,500만원, 신혼부부 : 최대 6,000만원)
 * 임차보증금이 1억원 이하인 경우 50% 무이자 지원(청년 및 신혼부부 : 최대 4,500만원)",서울시청 전략주택공급과,주관기관과 동일,마감,,,,,"○ 임대차 계약 후 청년안심주택 종합지원센터 방문신청(방문신청 시 지원약정서 작성 및 구비서류 제출)
  - 신청기간 : 신규 입주(예정)일 3주 전까지 방문 신청(평일 10:00~15:00 점심시간 없이 운영)
  - 신청장소 : 서울특별시 용산구 백범로99길 40, 용산베르디움프렌즈 102동(상가동) 2층, 청년안심주택 종합지원센터
  * 최초 계약 시는 입주개시(예저)일 3주전까지 방문 신청(최소 3주 기간 소요)
  - 문의전화 : 1600-3456",,,서울시 청년안심주택(공공지원민간임대) 임대보증금 지원 신청 안내문 참고,"- 청년안심주택 임대보증금 예산 소진시 지원 불가
- 청년안심주태(공공임대) 입주자 신청 불가
- 청년안심주택 임대보증금 지원과 서울시 청년 신혼부부 임차보증금 이자지원사업 중복 신청 불가
- 접수 후 입대차 계약 내용 변경 불가

  - 문의전화 : 1600-3456",https://soco.seoul.go.kr/youth/main/contents.do?menuNo=400022,,N,19,39,,,,,,22,서울특별시,제한없음,제한없음,제한없음,,,제한없음
20240318005400200007,현금지급,청년월세 한시 특별지원,"월세,저소득층의,한시적으로",□ 청년 저소득층의 주거비용 부담 완화를 위해 임대료(월세)를 한시적으로 지원,주거,전월세 및 주거급여 지원,"□ 청년기본법상 청년(19세~34세)으로 부모님과 별도 거주 
ㅇ 임차보증금 5천만원 및 월세 70만원 이하 주택에 거주하는 무주택자
ㅇ 월 20만원씩 최대 12개월(회) 청년 본인계좌로 현금 지급",청년정책관,국토교통부,마감,,,,□ 2024. ~ 2026.,□ 거주 시군의 읍면동 행정복지센터 방문,□ 접수일로부터 45일 이내 대상여부 통보,,"-월세지원 신청서 
-소득재산신고서 
-임대차계약 및 월세 이체 증빙 서류 
-서약서
-통장사본 
-가족관계증명서
-청약통장사본",,https://www.bokjiro.go.kr,https://www.bokjiro.go.kr/ssis-tbu/twataa/wlfareInfo/moveTWAT52011M.do?wlfareInfoId=WLF00004661,N,19,34,,,,"□ 지자체에서 자체 추진하는 월세지원 사업 등 타 현금성 월세지원을 받는 경우 신청이 불가
 ※주거급여 수급자는 주거급여 차감분만 지원",,4,충청남도,제한없음,제한없음,제한없음,,,제한없음
20240315005400200001,현금지급,2024 춘천시 청년도전지원사업,"도전,과정,지급",미취업청년을 대상으로 구직의욕 고취 및 자신감 강화를 위한 맞춤형 프로그램을 제공하여 안정적인 노동시장 참여 및 취업 촉진을 지원하는 사업,일자리,"재직자,창업","□ 참여 유형
○ 도전: 5주/40시간 과정, 최대 50만원 지급
○ 도전+ 중기: 15주/120시간 과정, 최대 170만원 지급
○ 도전+ 장기: 25주/200시간 과정, 최대 300만원 지급

□ 프로그램
○ 밀착상담: 1대1 맞춤형 상담
○ 사례관리: 요리, 제빵, 시간관리, 여행회화 등
○ 자신감회복: 가죽공예, 테라리움, 네온조명, 드로잉, MBTI 등
○ 진로탐색: 방송인, 도배사, 반려동물 전문가 등
○ 취업역량강화: 이력서, 면접 실습, 면접 스피치, 비즈니스 매너 등
○ 외부연계(도전+): 바리스타, GTQ, 토익, 펫푸드",,희망리본 춘천센터,마감,,,,2024년 3월 11월~2024년 12월 31일,신청-접수-오리엔테이션 참여-사업 참여,-,https://www.work.go.kr/youngChallenge/index.do,-,-,https://litt.ly/hopereborn_cc,https://www.instagram.com/hopereborn_cc/,N,18,39,,,,-,"6개월 이내 의무복무 예정자, 국민취업지원제도 참여자, 재학생 등 대면수업 참여 불가능한 자",9,강원특별자치도,제한없음,"미취업자, 프리랜서, 일용근로자, 단기근로자",제한없음,,,제한없음
20240314005400200004,기타,안양청년 면접스타일링,"메이크업,헤어,스타일링","면접을 앞둔 안양시 청년들을 위한 스타일링(헤어,메이크업) 지원 사업",일자리,"재직자,창업","○ 지원내용
헤어 및 메이크업 (헤어,메이크업 합산 1인당 연 5회까지 가능)
ex) 헤어, 메이크업 동시 예약 시 2회로 간주",경기도 안양시,,마감,,,,,"○ 이용 방법 안내
- 신청자: 신청사이트 게시판에 신청 글 작성
※ 게시판 이용시간: 월~금 09시~18시(온라인 접수만 가능)
※ 신청자: 이용업체 명단 확인 후 업체에 개별 전화예약
※ 담당자: 신청자에게 개별 연락 후 예약 확인
※ 신청자: 이용 당일 신분증 지참(신청자 본인확인용) 방문 (타인이용 불가) 후 별도 결제 없이 무료 서비스 이용",,https://www.anyang.go.kr/reserve/selectBbsNttList.do?bbsNo=331&key=2803&onlineResveNo=38,,"ㅇ 사용자 주의사항
안양시 거주 청년(만 19~39세) 구직자만 신청가능(방문시 신분증 지참 필수)
방문일자 준수하여 주시고 시간은 개별 예약 바랍니다.
1인1회 지원액은 3만원입니다.(면접용 헤어, 메이크업에 한함)
헤어 및 메이크업 합산하여 1인당 연 5회까지 가능합니다.
ex) 헤어, 메이크업 동시 신청 시 2회로 간주
지원대상이 아닌 사람이 서비스 이용시 지원금이 환수됩니다.
면접스타일링(헤어 및 메이크업) 이외의 서비스를 이용할 시, 이용자에게 지원금이 환수됩니다.",https://www.anyang.go.kr/job/contents.do?key=2775,,N,19,39,,,,,,12,경기도 안양시,제한없음,미취업자,제한없음,,,제한없음
20240312005400200005,현금지급,2024 청년멘토링 지원사업 면접비 지원사업(대구),"면접비,2024,준비하고",취업을 준비하고 있는 청년들에게 필요한 지원을 제공하여 청년들의 취업 준비에 도움을 드리기 위한 2024 면접비 지원프로젝트,일자리,"취업,재직자","지원 금액 : 5만 원 / 1회
: 교통비, 증명사진, 정장, 미용 등에 대해 소요되는 면접비 지원
: 신청일 기준 14일 이내 지급 예정",대구광역시 청년센터 전략기획팀,대구광역시 청년센터,마감,,,,,"□ 구글 폼 면접비 지원사업 신청서 작성 
  설문조사 완료 및 증빙서류 제출

※ 면접 기간 14일 이내에 신청서 제출","(면접 후) 신청서류 제출
면접일로부터 14일 이내 제출
↓
서류 심사
제출일로부터 14일 소요 예정
서류 보완 및 요청
↓
면접비 지원
서류 및 적합 여부 확인 후 건별 지급",https://forms.gle/NGSAv8Ly1toZ5jSz9,"① 참여신청서(구글폼)
② 통장사본 
③ 신분증 사본
④ 면접 증빙서류(택1) : 면접확인서, 면접 참석 확인 문자/메일 등
※ 문자: 발신번호, 발신일, 문자내용(면접 일정 등 표시)
※ 메일: 발신주소, 수신주소, 발신일, 메일 내용(면접 일정 등 표시)
※ 수신 내역 등과 같이 면접 일정 확인이 어려운 경우 추가 증빙을    요구하거나 부적격 처리될 수 있습니다",,http://www.dgyouth.kr/board/notice.asp?num=2092&pmode=VIEW&board=notice&page=1&sKey=&sWord=&pCate=0,,N,19,39,,,,현재 미취업 상태인 만 19 ~ 39세 청년,"□ 대기업 및 면접비 지원 기업 면접자
: 워크넷 기준 기업 구분이 대기업, 은행, 공기업, 공공기관, 행정기관인 경우

□ 사업 취지에 부적합한 업종에 면접을 응시한 경우 
: 향락업, 단기 파견, 단순 아르바이트 등 
: 사업자등록을 하지 않거나 4대보험에 가입하지 않은 기업에 면접을 본 경우 
: 대표가 배우자 또는 직계존비속으로 있는 기업에 면접을 본 경우",22,대구광역시,제한없음,미취업자,제한없음,,,중소기업
20240307005400200007,현금지급,진주시 청년마음건강지원사업,"서비스,000원,본인부담금",전문 심리 상담 서비스 지원,복지문화,"취약계층 및 금융지원,건강","□ 지원내용 : 3개월 간 총 10회(주 1회) 전문 심리 상담 서비스 지원

□ 서비스 기간 : 신청월 익월부터 3개월(총 10회)
※ 예시) 3월 신청시 4월 ~ 6월까지 서비스 지원  

□ 서비스 가격(회당)
- A형 : 서비스 가격 60,000원 / 정부지원금 54,000원 / 본인부담금 6,000원
- B형 : 서비스 가격 70,000원 / 정부지원금 63,000원 / 본인부담금 7,000원
※ 자립준비청년 및 보호연장아동은 서비스 유형에 관계없이 본인부담금 면제, 그 외는 10% 본인부담금",진주시,주관기관과 동일,마감,,,,2024.04. ~ 2024.12.,"ㅁ 방문 및 온라인 신청
- 방문 신청   : 주민등록상 주소지 읍·면사무소, 동행정복지센터 
- 인터넷 신청 : 복지로(https://www.bokjiro.go.kr)","ㅁ 신청결과통보 : 매월 25일 한 (개별 우편발송)
※ 모집인원을 초과할 경우 우선순위에 따라 대상자 선정
※ 선정인원은 신청인원 및 예산운용에 따라 변경 될 수 있음
※ 모집인원 초과 시 대기명단 등록 후 서비스 중지대상자 발생, 추경 등 사유 
      발생시 우선순위에 따라 추가선정 및 서비스 지원",https://www.bokjiro.go.kr,"- 대상자의 신분증(가족 또는 관계인이 신청하는 경우, 대상자의 신분증이 필요)
- 기타 증명서 (보호종료확인서, 정신건강복지센터장 추천서 등 해당자의 경우)
- 신청서 (읍면사무소, 동행정복지센터 비치)",,https://young.jinju.go.kr/young/board/notice/read/158,,N,19,34,,,,"□ 우선순위
(1순위) 자립준비청년 및 보호연장아동
(2순위) 정신건강복지센터에서 연계 의뢰한 청년
(3순위) 일반청년
※동일 순위에서는 1)연령 2)가구원수로 판단

□ 2개월 이상 사용내역이 없는 경우/ 본인부담금 미납부시/ 타시군구전출시/서비스 중지",-,12,경상남도 진주시,농산업계열,제한없음,제한없음,,,제한없음
20240307005400200002,기타,청년월세 한시 특별지원 사업(예천군),"최대,임대료를,240만원",실제 납부하는 임대료를 최대 240만원(월 최대 20만원)까지 최대 12개월(회) 동안 매월 분할 지원,주거,"기숙사,전월세 및 주거급여 지원",○청년기본법 상 청년(19~34세 이하)으로 부모님과 별도 거주하는 무주택자에 대하여 실제 납부하는 임대료를 최대 240만원(월 최대 20만원)까지 최대 12개월(회) 동안 매월 분할 지원,국토교통부,국토교통부,특정기간,,20240226,20261231,2024-02-26~2026-12-31,-,-,http://gbyouth.co.kr/policy/list.tc?mn=2379&pageNo=5069&no=538,-,-,http://gbyouth.co.kr/policy/list.tc?mn=2379&pageNo=5069&no=538,,N,19,34,,,,-,-,21,경상북도 예천군,제한없음,제한없음,제한없음,20240226,20250225,제한없음
20240307005400200003,현금지급,청년월세 한시특별지원사업(2차) 시행,"청년월세,1차,20만원",청년월세 지원,주거,전월세 및 주거급여 지원,"□ 청년월세지원 20만원(12개월) 
□ 지원한도 : 실제 납부하는 임대료 범위 내에서 월 최대 20만원씩 12개월 지원
□ 지급기간 : 2024.3월 ~ 2026. 12월 (최대 20만원 12개월분)
※ 청년월세(1차)를 지원받고 있는 신청인께서는 1차 지원(12회)을 다 받으신후 신청하시기 바랍니다. (12회분 수령한 다음 달 신청)",국토교통부,국토교통부,특정기간,,20240226,20250225,2024-02-26~2025-02-25,"□ 신청방법
  - 방문 신청 : 주소지 관할 읍면사무소
  - 온라인 신청 : 복지로 홈페이지(www.bokjiro.go.kr)",-,http://gbyouth.co.kr/policy/list.tc?mn=2379&pageNo=5069&no=566,"□ 구비서류 : 월세지원 신청서, 소득·재산 신고서, 서약서, 임대차계약서 및 최근 3개월 이내 월세 이체 증빙서류(이체확인증 또는 송금확인증), 지원금 받을 본인 명의의 통장사본(방문 신청시 필요), 상세가족관계증명서(청년, 부, 모 각각 기준 1통씩, 주민등록번호 뒷자리 공개), 부모님 주택이 자가가 아닌 경우 부모님 주택 임대차계악서 (부.모가 별도거주 하시는 경우 부.모 각각의 임대차계약서 제출), 부채 증빙서류 (임차보증금 마련 용도만 인정 다만, 부모는 주택구입.임차보증금 마련 용도 인정) - 소유권이전 등기 접수일로부터 3개월 이내 대출한 자금, 신청인 명의의 주택청약통장 사본 (종류무관) 등",-,http://gbyouth.co.kr/policy/list.tc?mn=2379&pageNo=5069&no=566,,N,19,34,,,,-,"□ 제외대상 : 부모와 함께 거주하는 경우, 주택소유자, 직계존속·형제·자매 등 2촌 이내 주택 임차, 공공임대주택거주, 보증금 5천만원 초과 주택 거주,신청대상 청년 명의로 임대차 계약을 체결하지 않은 경우 등",105,경상북도 울진군,제한없음,제한없음,제한없음,20240304,20250225,제한없음
20240305005400200001,현금지급,청년 면접합격 응원세트(오산시),"응원세트,면접합격,헤어메이크업",오산시 구직청년 면접합격 응원세트,일자리,재직자,"① 면접정장 무료 대여 : 1인당 연간 5회, 협약 업체 이용
② 이력서 사진촬영 ③ 헤어메이크업 ④ 교재비 지원
- 지원내용 : 공고일 이후 구직활동을 위한 사진촬영, 헤어메이크업, 교재비에 지출한 비용 지원
- 지원금액 : 1인당/연간1회/항목별 3만원이내/합계9만원 이내 지역화폐로 환급

※ 대여품목, 대여기간, 대여업체 등 보다 자세한 내용은 신청 홈페이지 상세 내용을 참고해주세요.",경기도 오산시,,마감,,,,,신청방법 : 온라인 신청(경기도 일자리재단),,https://apply.jobaba.net,"- 주민등록초본(신청자 본인, 사업 신청일로부터 30일 이내 발급서류에 한함)
- 워크넷 구직등록확인증(구직등록번호 16자리)
- 증빙서류
① 면접증빙 - 회사명, 면접일시와 장소, 담당 연락처 기재된 면접일정 알림 문자 혹은 이메일 캡쳐본 등
② 이력서사진촬영 ③ 헤어메이크업 ④ 교재비 증빙: 관내 업체 이용 영수증
※ 헤어 메이크업 비용은 이력서 사진촬영일 또는 면접일자와 동일해야 합니다.",,https://apply.jobaba.net/bsns/bsnsDetailView.do?bsnsSeq=3002,,N,19,39,,,,"워크넷 구직등록하여 16자리 구직등록번호 입력 및 구직등록확인증을 첨부하셔야 본 서비스를 이용할 수 있으며, 
실업급여 수급자는 중복사업으로 참여하실 수 없습니다.",,20,경기도 오산시,제한없음,제한없음,제한없음,,,제한없음
20240305005400100001,보증,청년사회서비스사업단(신체건강증진서비스),"사회서비스를,3개월간,월24만원",지역별 청년사회서비스사업단을 구성하여 지역 청년이 주체가 되어 지역 사회서비스를 제공함으로써 청년의 사회활동 참여 기회 보장과 지역주민 삶의 질 향상,복지문화,"취약계층 및 금융지원,건강","□ 3개월간 월24만원 맞춤형 운동 등의 서비스를 본인부담금 10% 부담 조건으로 제공
※ 1회에 한해 재이용 가능",보건복지부,,마감,,,,□ 24.3월 ~ 12월(10개월),-,-,,-,"□ 2024년 청년사회서비스사업단(신체건강)
○  충남 남서울대학교 산학협력단 : 041-580-2449
○  부산동서대학교 산학협력단 : 051-320-2956
○  대구헬스케어 휘트니스센터 : 053-351-5942
○  대구월성종합사회복지관 : 053-634-4113 
○  대전대학교 산학협력단 : 042-280-2912
○  경기한양대학교 ERICA 산학협력단 : 031-400-4969
○  충남단국대학교 산학협력단 : 041-550-1420
○  전북한국문화예술교육연구원 : 063-212-9261
○  전남세한대학교 산학협력단 : 061-469-1467
○  전남목포대학교 산학협력단 : 061-277-2022
○  경북대학교 운동재활연구소 : (개인 휴대전화이므로 사업관련사이트1에서 연락정보 참고)
○  제주국민체력센터코칭 : 064-712-1972",https://www.mohw.go.kr/menu.es?mid=a10709020400,https://www.korea.kr/briefing/pressReleaseView.do?newsId=156616714&pWise=sub&pWiseSub=C2,N,19,34,,,,"□ 기본서비스
○ 운동 및 건강 프로그램 
- 유산소, 근력향상, 체력증진 등 개인 맞춤형 운동
- 운동에 따른 제공인력의 직접 지도하에 정기적 운동 실시
- 식단 관리 및 영양 지도 등 건강교육

□ 부가서비스
○ 자세·체형(거북목, 라운드숄더, 척추·골반 이상 등) 운동",-,277,전국,제한없음,제한없음,제한없음,,,제한없음
20240304005400100001,현금지급,청년월세 특별지원 사업(2차),"12개월에,걸쳐,최대","19세~34세 청년 대상 월 최대 20만원까지, 12개월 간 월세 지원",주거,"기숙사,전월세 및 주거급여 지원",실제 납부하는 임대료 범위 내에서 월 최대 20만원씩 최장 12개월에 걸쳐 분할 지급,국토교통부 주택토지실 주거복지지원과,,특정기간,,,,-,"모의계산 서비스를 통해 지원 대상 해당 여부 확인 후, 신청 서류를 구비하여 복지로(누리집 또는 어플리케이션) 혹은 거주지의 기초자치단체로 신청",-,,"월세지원 신청서, 소득·재산 신고서, 임대차계약서 및 최근 3개월간 월세이체 증빙서류, 통장 사본, 가족관계증명서 등",-,https://www.molit.go.kr/USR/NEWS/m_71/dtl.jsp?lcmspage=1&id=95089642,,N,19,34,,,,-,"주택 소유자(분양권, 입주권 포함), 2촌 이내 주택 임차자, 보증금 5천만원 초과 주택 거주자, 「공공주택특별법」에 따른 공공임대주택 거주자, 1실에 다수가 거주하는 형태의 전차인, 지자체 시행 기존 월세지원 수혜자",1081,전국,제한없음,제한없음,제한없음,20240226,20250225,제한없음
20240304005400200002,현금지급,청년월세 한시 특별지원 사업(2차),"20만원까지,최대,12개월에",경제적 어려움을 겪는 청년층의 주거비 부담을 덜어드리기 위해 12개월 분의 월세를 월 최대 20만원까지 지원,주거,"기숙사,전월세 및 주거급여 지원",실제 납부하는 임대료를 월 최대 20만원까지 최대 12개월에 걸쳐 지급,전북특별자치도 청년정책과,전북특별자치도,특정기간,,,,-,"복지로 홈페이지 또는 어플리케이션에서 온라인 신청, 거주지의 기초자치단체(시·군·구 또는 읍·면·동)로 방문 신청",-,,"월세지원 신청서, 소득·재산 신고서, 임대차계약서 및 최근 3개월 이내 월세 이체 증빙서류, 입금통장 사본, 청약통장 사본, 가족관계증명서 등",-,https://www.jeonbuk.go.kr/board/view.jeonbuk?boardId=BBS_0000005&menuCd=DOM_000000102001001000&orderBy=REGISTER_DATE:DESC&paging=ok&startPage=1&searchType=USER_NICK&keyword=%EC%B2%AD%EB%85%84%EC%A0%95%EC%B1%85%EA%B3%BC&dataSid=542677,,N,19,34,,,,-,"□ 주택소유자(분양권, 입주권 포함)
□ 2촌 이내 주택임차자(배우자의 2촌이내 혈족 포함)
□ 공공주택특별법 상 공공임대주택 및 공무원임대주택 거주자
□ 보증금 5천만원 초과주택 거주자
□ 1실에 다수가 거주하는 전차인(단, 1실에 다수가 거주하는 경우라도 임대인과의 별도 임대차계약 체결 시 지원 가능)
□ 국토부 또는 지자체 시행 기존 월세지원 수혜 중인 자(수혜종료 후 재신청 가능) 등",21,전북특별자치도,제한없음,제한없음,제한없음,20240226,20250225,제한없음
20240227005400200003,채용,면접정장 무료대여 사업(양주시),"면접정장,양주시,자켓",채용 면접 예정인 양주시 청년을 위한 면접정장 무료 대여,일자리,"재직자,창업","면접정장 무료대여
- 남자 : 자켓, 바지, 셔츠, 구두, 벨트, 넥타이
- 여자 : 자켓, 스커트, 바지, 블라우스, 구두",경기도 양주시,양주시청년센터,마감,,,,,온라인접수(청년센터 홈페이지 신청),,https://www.yangju.go.kr/youth/selectWebClothList.do?key=3247,,기타 자세한 모집요강 및 세부 내용은 상세페이지에서 내용을 참고하시기 바랍니다.,https://www.yangju.go.kr/youth/contents.do?key=3185,,N,19,39,,,,,,6,경기도 양주시,제한없음,제한없음,제한없음,,,제한없음
20240227005400200004,교육,청춘사진관 이력서사진 무료 촬영(양주시),"양주시,구직서류,접수",양주시 청년 구직자를 위한 이력서 사진 무료촬영,일자리,"취업,재직자","□ 지원내용 : 사진촬영 및 인화, 포토샵 보정 및 정장합성 지원, 촬영부터 인화까지 원스톱 서비스
□ 대상 : 19~39세인 양주시 거주자로 구직 중인 청년
□ 준비사항
- 구직서류 접수 : 교육신청 후 ""이력서 등 구직서류 이메일 접수""(워크넷 구직등록, 취업포털 가입 증빙 가능)
- 촬영당일 : 신분증, 이력서용 사진을 위한 용모단정한 차림(정장이 없을 경우 정장 합성 지원)
□ 장소 : 양주시 관내 사진관 (고읍 소재 / 추후 개별 안내)",경기도 양주시,양주시청년센터,마감,,,,,"□ 진행절차 : 홈페이지 신청 → 구직서류 이메일 접수 → 승인 → 장소 및 연락처 문자안내 → 촬영 희망일시 개별예약 → 사진관 방문 → 신분증 확인 → 촬영 및 편집 후 사진 수령
□ 접수메일 : yj147@korea.kr",,,,"※ 유의사항
- 이력서를 이메일 접수해야 신청승인이 완료됩니다!!
- 구직서류 확인 후 승인처리 되며 승인 안내 문자가 발송됩니다. 이후 사진촬영은 안내된 사진관과 개별적으로 원하는 촬영일시를 예약하여 진행합니다.
- 당일 촬영, 당일 수령을 위해 기다리는 시간이 소요될 수 있으니 참고하시기 바랍니다.
- 본인 및 주소지 확인을 위해 신분증을 지참하시기 바랍니다.(주소지 변경 안되어있을 경우 등본 추가 지참)
- 사전 예약제로 신청자 개별적으로 진행되며, 사진관 위치 및 연락처는 문자통보 예정입니다.",https://www.yangju.go.kr/yeyak/eduLctreWebView.do?key=2148&eduLctreNo=10878,,N,19,39,,,,,,13,경기도 양주시,제한없음,미취업자,제한없음,,,제한없음
20240226005400200003,현금지급,2024년 김제전통시장 청년몰 청년상인 추가모집 공고,"입점하여,임대료가,다음과",김제시는 김제전통시장 청년몰에 입점하여 열정적인 자세로 창의적인 아이템을 선보일 청년상인을 다음과 같이 모집합니다.,일자리,"취업,재직자","□ 연 임대료가 60만원 내외로 저렴한 비용으로 창업의 기회를 잡을 수 있음.
□ 김제시 소상공인 지원정책(생애 첫 창업지원금, 이차보전, 특례보증지원 등) 수혜 가능",김제시 경제진흥과,김제시 경제진흥과,마감,,,,-,"□ 접수방법 : 온라인접수 또는 방문접수
○ E-mail : bubble64547@korea.kr (메일제목 : 김제전통시장 청년몰 지원자 홍길동)
○ 방문접수 : 김제시청 경제진흥과 경제지원팀
○ 제출서류 : 신청서(붙임1) 및 사업계획서, 개인정보 제공동의서(붙임2), 관련분야 경력증명서, 자격증 사본 각1부
※ 경력증명서(회사명 기재, 수상경력증명서 사본 첨부), 자격증은 창업업종관련 자격증 등(해당자에 한함)","□ 선정절차
○ 서류심사 : 지원자 경력, 창업아이템 및 사업계획서 검토 등을 통해 면접심사 대상 선발(적격여부 판단)
○ 면접심사 : 전통시장 및 사업에 대한 이해, 창업에 필요한 전략적 사고와 수행능력 등 평가
○ 최종선정 : 면접심사 점수 최고점자 최종선정
※ 단독응모의 경우 서류 면접심사 평균 점수가 80점 이상일 경우 최종선정",,"□ 신청서(붙임1) 및 사업계획서, 개인정보 제공동의서(붙임2), 관련분야 경력증명서, 자격증 사본 각1부
※ 경력증명서(회사명 기재, 수상경력증명서 사본 첨부), 자격증은 창업업종관련 자격증 등(해당자에 한함)
※ 첨부된 공고문 참고",-,,,N,19,39,,,,-,"□ 미성년자
□ 청년상인 창업 및 청년몰 지원을 받은 후 중도 포기, 폐업한 자
□ 기타 사회적 물의, 도덕성 훼손 등 사업수행에 부적절하다고 판단되는 자",5,전북특별자치도 김제시,제한없음,(예비)창업자,제한없음,,,제한없음
20240222005400200009,현금지급,취업교육 청년지원사업 (하남시),"취업교육,200만원,수강",하남시의 미취업 청년들을 대상으로 청년의 경제적 부담 경감 및 취업능력개발 지원을 위한 취업교육 수강료 지원,"일자리, 교육","취업,미래역량강화","○ 취업교육 수강료  200만원 이내 실비 (1인, 생애 1회 )
  ※ 참여신청은 1회만 가능하며, 200만원 이내 수강 횟수는 제한없음 (지원금액 200만원 초과금액에 대한 비용은 본인 부담)  
○ 지급제외 : 취업교육 중도포기 수강 과정",경기도 하남시,경기도 하남시,마감,,,,,○ 잡아바 어플라이 (https://apply.jobaba.net) 회원가입 후 온라인 신청,"○ 선정방법 : 제출서류 검토 후 선정 (최대 1주일 소요)   
   ※ 서류 미비한 경우 보완요청 
     - (선정기준) 연령, 주소, 미취업, 내일배움카드 발급 여부 지원 요건 모두 충족
        선정된 자는 수강료 지급시까지 내일배움카드 미발급 및 하남시 거주 요건을 충족하여야 함
  ○ 선정결과 발표 : 신청자 개별 알림톡 발송 (선정/미선정)",https://apply.jobaba.net,"○ 첨부파일 및  신청페이지를 통한 참여신청 시 필수 제출서류  확인
 ※ 모든 서류는 주민등록번호 뒷자리 비공개 발급 및 제출",,https://www.jobaba.net/sprtPlcy/info/view2020.do?seq=11946,,N,19,39,,,,,"○ 지원제외 :  고용노동부‘국민내일배움카드 발급자’, ‘국민취업지원제도 참여자’ (구직촉진수당, 직업훈련 참여비용 등), ‘청년도전 지원사업 참여자’ 및‘유사 취업지원사업’ 대상자 지원 불가",10,경기도 하남시,제한없음,제한없음,제한없음,,,제한없음
20240222005400200012,교육,경남 마음건강 치료비지원사업,"정신건강의학과,연간,한도",경남청년마음건강센터 치료비 지원,복지문화,"취약계층 및 금융지원,건강","□ 지원내용
- 정신건강의학과 외래치료비 : 1인 연간 500,000원 한도
- 정신건강의학과 입원비 : 1인 연간 1,000,000원 한도
- 정신건강의학과 검사비 : 1인 연간 500,000원 한도
※1인 연간 기준 각 금액 한도 내 지원됩니다.",경남청년마음건강센터 청년마음단디,주관기관과 동일,마감,,,,2024년 1월부터 상시모집(예산 소진시까지),"□ 지원대상자/보호자 신청절차 : 등록 → 구비서류 제출 및 심사 → 진료 및 대상자 선납 → 진료비 계산서, 영수증 제출 → 지원대상자 치료비 지급
□ 의료기관 신청절차 : 등록 → 구비서류 제출 및 심사 → 의료기관 협의 후, (의료기관용) 신청서 작성 → 대상자 진료 → 의료기관 치료비 지급",-,http://www.minddandi.or.kr/main/main.php,-,-,https://www.changwon.go.kr/youth/05085/05105.web?amode=view&idx=50,http://www.minddandi.or.kr/sub02/sub02_04.php,N,19,34,,,,,"□ 지원제외 항목
- 정신질환과 관련 없는 진료, 검사, 약제비 등의 치료비
- 간이영수증으로 발급받은 치료비
- 납부 면제받은 치료비 또는 다른 기관에서 지원받은 치료비
- 청년마음단디센터 등록 이전 치료비",5,경상남도,제한없음,제한없음,제한없음,,,제한없음
20240221005400200010,기타,청년 면접정장 무료 대여 서비스 “면접 흥하시흥”(시흥시),"면접정장,시흥시,졸업생",시흥시 청년들의 구직활동을 지원하고자 면접정장 무료대여 서비스,일자리,"취업,재직자","○ 신청자격 : 신청일 현재 주민등록 상 시흥시에 거주 중인 19~34세 청년 구직자
[관내 고등학교 졸업생, 관내 대학교 재(휴)학생 및 졸업생 포함)] 
※ (2024년 기준) 19~34세 : 1989~2005년생
○ 대여물품(면접정장)
- 남자 : 재킷, 바지, 셔츠, 구두, 넥타이, 벨트 등
- 여자 : 재킷, 스커트(바지), 블라우스, 구두 등
○ 기간/횟수: 4박5일, 1인 연 3회 한정",경기도 시흥시,,마감,,,,,"○ 서비스 이용 신청
- 일자리지원사업 통합접수시스템 접속 후(https://apply.jobaba.net) 본인인증 및 신청서 작성, 개인정보 동의 후 제출서류 업로드
○ 신청 승인(시흥시 청년청소년과 청년스테이션)
- 자격요건 확인 후 승인 통보 
○ 업체방문 및 정장 대여·반납
- 이용자 업체 방문 예약
- 대여업체 방문대여(신분증 지참) : 첫 대여 시 방문 필수(치수 측정 등)
- 대여기간(4박5일) 내 반납 : 방문 또는 택배 
※ 반납 택배비만 무료(대여 시 택배비는 자부담
○ 만족도 조사 응답
- 정장반납 1주일 이내 만족도 조사 응답 필수  *미응답 시 추후 이용 제한 가능",,https://apply.jobaba.net,"○ 제출서류  
- 시흥시 거주 청년 : 신청서(온라인 작성), 개인정보동의서(온라인 작성), 주민등록초본(신청일로부터 30일 이내 발급서류에 한함), 면접증빙서류(회사명, 면접일시와 장소, 담당자 연락처가 기재된 면접일정 알림 문자, 이메일 캡처본, 수험표 사본 등) 업로드
- 관내 소재 고등학교, 대학교 졸업생 및 재(휴)학생 : 신청서(온라인작성), 개인정보동의서(온라인작성), 졸업증명서 및 재(휴)학증명서(신청일로부터 30일이내 발급서류에 한함) 및 면접증빙서류(회사명, 면접일시와 장소, 담당자 연락처 기재된 면접일정 알림 문자 혹은 이메일 캡처본, 수험표 사본 등) 업로드","○ 대여업체 : ㈜마이스윗인터뷰
- (사당점) 서울시 관악구 승방6길 34, 성창빌딩 1층(2호선 사당역, 4호선 사당역)
※ 영업시간 평일 10~20시, 주말 10~18시 ☎ 02-522-3010
- (신촌점) 서울시 서대문구 신촌로 87-8, 다니엘빌딩 3층,4층(2호선 신촌역)
※ 영업시간 평일 10:30~21:30시, 주말 10~18시 ☎ 010-2676-3010
- (영등포구청점) 서울시 영등포구 국회대로 547, 당산빌딩 2층(2,5호선 영등포구청역)
※ 영업시간 평일 10~20시, 토요일 10~18시 ☎ 010-4294-3020
- (천호점) 서울시 강동구 천호대로 151길 36, DSA빌딩 8층
※ 영업시간 평일 10~20시, 주말 10~18시 ☎ 010-4474-3020",https://apply.jobaba.net/bsns/bsnsDetailView.do?bsnsSeq=2945,,N,19,34,,,,,,10,경기도 시흥시,제한없음,제한없음,제한없음,,,제한없음
20240221005400200009,교육,면접정장 무료대여 사업 '청나래'(수원시),"수원시,취업면접,무료대여",수원시 청년을 위한 취업면접 정장 무료 대여 사업,일자리,"재직자,창업","○ 지원대상 : 취업면접 예정인 19 ~ 34세 수원시 청년
○ 연령 : 1989. 1. 1. ~ 2005. 12. 31. 출생자
○ 주소 : 신청일 기준 수원시 주민등록자
○ 기타 : 취업면접 예정자
※ 모의면접, 대학(원) 진학 면접, 교육참석 등 제외 / 면접 정보 확인 후 예약이 취소될 수 있습니다
○ 지원내용 : 면접정장 무료대여
○ 대여품목 : 정장(재킷, 바지 · 스커트), 셔츠 · 블라우스, 넥타이
※ 구두, 벨트 등 액세서리는 개별 지점에 문의(유료대여)
○ 대여기간 : 4일(1인 연 3회까지)
※ 반납일이 휴무일인 경우 익일 반납(주말 및 공휴일과 상관 없으며, 업체 영업일에 따라 상이, 연체료 발생하므로 반드시 유의바랍니다.)",경기도 수원시,수원시청년지원센터,마감,,,,,,,,"○ 예약 시
· 주민등록 초본 또는 등본(1개월 이내 발급, 주민번호 뒷자리 미표기)
· 면접 참석 예정 증명 서류 (면접 참석 안내 메일 · 문자, 합격자 발표 공고문 등)
※ 이용자 성명, 회사명, 회사 연락처, 면접일시, 면접장소 모두 기재 / [예시보기]
※ 위 사항 중 하나라도 빠져있을 경우, 반납 시 면접 담당자의 서명이 들어간 면접확인서를 제출하여야 하며, 증빙 불가능할 경우 대여료는 본인이 부담하여야 합니다.
○ 방문 시 : 신분증","○ 기한 내 반납할 수 없는 경우, 반드시 대여점에 사전연락 해주시기 바랍니다.
※ 미연락 후 연체 시 연체료 발생
※ 연락 후 연체 시 대여횟수 1회 추가로 차감
※ 예약 후 미대여하는 경우 예약이 임의로 취소될 수 있으며 대여횟수 차감은 그대로 이뤄지게 되니 유의하시기 바랍니다.
※ 대여의상 분실 또는 손상 시 ‘소비자분쟁해결기준’의 세탁업 해결기준에 따라 손해배상을 요구할 수 있습니다.",https://www.swyouth.kr/?p=42,https://www.jobaba.net/sprtPlcy/info/view2020.do?seq=12347,N,19,34,,,,,,32,경기도 수원시,제한없음,제한없음,제한없음,,,제한없음
20240221005400200022,상담,광주청년드림은행,"있도록,소모임,경제교육",돈과 빚 때문에 힘든 청년들이 각자 상황에 맞는 해결책을 찾을 수 있도록 1:1로 상담하고 신용 회복을 위한 비용 지원,복지문화,취약계층 및 금융지원,"□ 지원내용
○ 재무관리 상담 : 부채해소를 통해 삶을 재설계할 수 있도록 솔루션 제공
○ 신용회복 및 연체해방 지원(비금전적지원(신용회복기관 연계, 동행서비스, 모니터링 등),금전적지원(1인당 100만원 분할지원))
○ 소모임 및 경제교육 프로그램 운영 등",광주광역시 청년정책관,광주청년지갑트레이닝센터 사회적협동조합,마감,,,,2024.01.01.~2024.12.31.,광주청년드림은행 홈페이지 또는 전화접수 ＞ 1차 상담(재무상태파악) ＞ 지원심사 ＞ 2차상담(솔루션) ＞ 지원 ＞ 모니터링,1차 상담 후 내부 지원심사를 통한 선정 및 2차 상담 안내,https://gjdreambank.modoo.at,"제출 서류 관련 자세한 내용은 https://gjdreambank.modoo.at/?link=etxj5kgx&messageNo=34&mode=view 참고
▶금전적 지원 확정시
‣ 신분증
‣ 통장사본
‣ 주민등록초본(제출일 기준 한 달 이내 발급에 한함)
‣ 고용관련서류
- 일반근로자, 근로하지 않는 청년 : 피보험자격이력내역서
- 공무원, 특수형태근로자 : 4대보험가입확인서/재직증명서 중 택 1
‣ 소득관련서류
- 근로자 : 근로계약서/급여명세서/근로소득원천징수영수증 중 택 1
- 자영업자 : 소득금액증명원/부가가치세과세표준증명원 중 택 1
- 근로하지 않는 청년 : 소득금액증명/소득확인증명/소득사실증명 중 택1","□ 문의처
- 광주청년드림은행(062-521-2567) 
- 운영시간 : 평일 9:00 ~ 18:00",https://gjdreambank.modoo.at/?link=etxj5kgx&messageNo=34&mode=view,,N,19,39,,,,-,-,54,광주광역시,제한없음,제한없음,제한없음,,,제한없음
20240221005400200025,현금지급,청년창업 우수기업 맞춤형 지원,"판로,기술,홍보","기술, 홍보, 판로 등 지원을 통해 초기 창업기업의 성공적 안착과 지역경제 활성화 도모",일자리,창업,"- 기술 홍보 판로 시설개선 등 사업화 지원금 지원 
- 전문가 평가에 따라 기업당 16백만원 사업화지원 
- 선정 기업 기술, 홍보, 판로, 시설개선 등 지원",충청북도 인구청년정책담당관 청년지원팀,충청북도기업진흥원,특정기간,특정기간,20250101,20251231,,충청북도 기업진흥원 홈페이지 공고 확인,충청북도 기업진흥원 홈페이지 공고 확인,http://www.cba.ne.kr,충청북도 기업진흥원 홈페이지 공고 확인,-,http://www.cba.ne.kr,,N,19,39,제한없음,무관,,자세한 사항 공고문 확인,자세한 사항 공고문 확인,15,충청북도,제한없음,(예비)창업자,제한없음,20250217,20250317,제한없음
20240221005400200024,현금지급,지역주도형 청년일자리 사업,"정착지원금,인건비,20만원","청년과 주력산업, 기술인증기업, 미래뉴딜, 혁신성장 등 다양한 분야 기업과 취업 연계",일자리,취업,"참여 청년에게 인건비 및 정착지원금 지원 등 
- 인건비(월 200만원) : 기업부담금 10% 포함 ※ 최대 2년+고용유지시 추가 1년(청년 1,000만원 이내) 
- 정착지원금(월 20만원), 역량강화(연 20만원), 교육 지원 등",충청북도 인구청년정책담당관 청년지원팀,-,특정기간,기타,,,"신규채용x, 대체채용 발생시에만 모집 예정","수행기관* 홈페이지 공고를 통해 참여자 모집 * 충북기업진흥원, 충북테크노파크, 충북바이오산학융합원, 충북경영자총협회, 충북경제포럼
(대체 채용 인원 발생시에만 공고 예정! 현재 신규 모집 인원 예정 없음!)",수행기관* 홈페이지 공고 확인,,수행기관* 홈페이지 공고 확인,-,https://www.chungbuk.go.kr/young/contents.do?key=4956,,N,19,39,제한없음,무관,,해당없음,해당없음,116,충청북도,제한없음,미취업자,제한없음,20250101,20251231,중소기업
20240221005400200002,현금지급,청년합격 지원세트(동두천시),"동두천시,면접준비,면접정장",동두천시 청년구직비용 패키지 지원사업 (약칭 : 동두천청년합격지원세트),일자리,"취업,재직자","○ 신청기간 : 2024. 1. ∼ 12. 20.(예산 소진 시까지)
○ 지원대상 : 동두천시 만19세∼만39세 면접준비 또는 시험준비 청년
○ 지원내용 
- 면접준비 청년 : 면접정장 구입, 면접정장 대여, 이력서 사진촬영, 헤어 메이크업 
- 시험준비 청년 : 시험응시료, 교재비(수험서 등), 수강료(취창업 또는 수험 관련 강의)
※ 지원단가, 지원횟수, 이용업체, 증빙서류 등 상세내용은 공고문을 확인해주세요.
○ 지원 방법
- 이용자 선 지출 후 30일 이내 지역화폐로 환급
- 시험응시료의 경우 계좌 지급(경기청년 역량강화 기회지원 사업과 동일)",경기도 동두천시,,마감,,,,,"○ 신청방법
- 신청방법 : 온라인 신청(일자리지원사업 통합접수시스템)
- 신청범위 : 2024. 1. 1. 부터 비용 지출 분",,https://apply.jobaba.net,,,https://apply.jobaba.net/bsns/bsnsDetailView.do?bsnsSeq=2898,,N,19,39,,,,,,11,경기도 동두천시,제한없음,제한없음,제한없음,,,제한없음
20240221005400200003,채용,청년 면접사진 촬영지원 사업(구리시),"촬영지원,면접사진,구리시",구리시 청년의 취업 지원을 위한 '청년 면접사진 촬영지원 사업',일자리,"취업,재직자","○ 지원대상 : 신청일 현재 주민등록상 주소지가 구리시인 19세~39세인 청년 구직자
※ 2024년 구리시 일자리센터에서 진행한 취업지원 프로그램 수료한 청년 구직자 우대
○ 지원내용 : 청년 구직활동 지원을 위한 면접사진 촬영지원 서비스 제공 (인당 연간 1회)",경기도 구리시 일자리센터,,마감,,,,,"신청방법
가. 방문접수 : 구리시 일자리센터(구리고용복지+센터 내, 건원대로 44 태영빌딩 2층)
나. 이메일접수 : gurijob@korea.kr.(발송 후 일자리센터로 접수확인 연락 필수)", 대상자 선정 : 직업상담사의 서류심사,,"신청서류 : 신청서, 워크넷 구직등록확인증
※ 워크넷 구직등록확인증은 구리시 일자리센터에서도 출력 가능",,https://www.guri.go.kr/www/selectBbsNttView.do?key=380&bbsNo=36&nttNo=103577&searchCtgry=&searchCnd=all&searchKrwd=&integrDeptCode=&pageIndex=1,,N,19,39,,,,,,7,경기도 구리시,제한없음,제한없음,제한없음,,,제한없음
20240221005400200001,기타,청년구직자 면접정장 대여(구리시),"면접정장,대여,자켓",청년 구직활동 지원을 위한 면접정장 대여 서비스,일자리,"취업,재직자","○ 지원대상 : 신청일 현재 주민등록상 주소지가 구리시인 청년(만18세~39세)
※ 고교 졸업예정자 포함(마이스터고, 특성화고 재학 중인 고3 학생일 경우 고등학교 재학증명서 제출 시 면접정장 대여 서비스 신청 가능)
○ 지원내용(대여물품)
(남자) 자켓, 바지, 셔츠, 구두, 벨트, 넥타이
(여자) 자켓, 바지 또는 치마, 블라우스, 구두, 벨트
- 대여기간 : 3박 4일
- 지원규모 : 1인당 연간 3회
○ 대여업체
- (사)열린옷장 ☎02-6929-1020
- 서울 광진구 아차산로 213(화양동) 웅진빌딩 502/2호선 건대입구 1번출구",경기도 구리시,,마감,,,,,,,https://apply.jobaba.net,"○ 신청서류 : 주민등록초본 1부, 면접 당사자가 본인임을 확인할 수 있는 이름, 수험번호 등이 명시된 면접증빙 서류1부(면접안내문자 캡쳐본, 이메일 안내문 등), 워크넷 구직등록확인증 1부(워크넷에 구직등록 후 출력 가능)",,https://apply.jobaba.net/bsns/bsnsDetailView.do?bsnsSeq=2867,,N,18,39,,,,,,11,경기도 구리시,제한없음,제한없음,제한없음,,,제한없음
20240220005400200009,기타,광주시 청년 1인가구 이사지원 사업(독립응원 패키지),"광주시,중개,실비지원",광주시 1인 청년 주거비 부담 완화 및 주거안정을 통한 거주환경 조성 지원 사업,주거,"기숙사,전월세 및 주거급여 지원","○ 지원대상: 2024. 1. 1. 이후 광주시 전입 및 광주시 내에서 이사한 19세~39세 청년 1인 가구   
※ 광주시 전출 제외
○ 지원내용: 1인 최대 500,000원 한도 실비지원 (생애 1회)
○ 지원항목: 이사비(차량 대여비, 운반비, 포장비), 집수리(전구, 문고리), 입주청소 등 이사에 실제 사용한 금액 최대 500,000원 실비지원
※ 부동산 중개 보수(중개 수수료) 불포함",광주시 청년지원센터,,마감,,,,," 온라인 신청(청년지원센터 홈페이지 > 공지 사항 > 신청서 다운로드 > 이메일 제출)
 접 수 처: 광주시 청년지원센터 ( gj-youth@naver.com )",,,,,https://www.gj-youth.or.kr/bbs/board.php?bo_table=table49&wr_id=105,,N,19,39,,,,,,53,경기도 광주시,제한없음,제한없음,제한없음,,,제한없음
20240220005400200001,현금지급,광주 광산 청년도전지원사업,"프로그램,이수,참여수당","청년의 노동시장 참여 및 취업을 지원하기 위한 맞춤형 프로그램 운영, 프로그램 유형별 참여수당 및 인센티브 지원",일자리,"취업,재직자","□ 프로그램 : 밀착상담, 사례관리, 진로탐색, 자신감회복, 취업역량강화, 외부연계활동, 자율활동
○ 도전 프로그램(단기)
- 기간 : 5주, 40시간
- 참여수당 : 50만원
- 식비, 교통비 : 2만원(상품권)

○ 도전+ 프로그램(중기)
- 기간 : 15주, 120시간
- 참여수당 : 150만원(50만원 x 3개월)
- 이수 인센티브 : 20만원
- 식비, 교통비 : 6만원(상품권)

○ 도전+ 프로그램(장기)
- 기간 : 25주, 200시간
- 참여수당 : 250만원(50만원 x 5개월)
- 이수 인센티브 : 20만원
- 취업 활동 시 : 30만원
- 식비, 교통비 : 10만원(상품권)

※ 프로그램 이수 후 사후관리와 고용서비스 연계를 통한 종합취업지원서비스 제공
※ 도전+ 프로그램(중기, 장기)의 경우 이수 후 6개월 이내 취업하여 3개월 근무시 50만원 추가 지급

□ 교육장소 : 광산구 청년도전지원센터(광산구 하남대로 135, 4층)",광산구청년도전지원센터,광산구청년도전지원센터,마감,,,,,"□ 신청방법
- 온라인(워크넷) : https://www.work.go.kr/youngChallenge/index.do
※ 사업운영기관을 ""광산구 청년도전지원센터""로 신청
- 오프라인(방문상담) : 신분증과 통장사본을 필히 지참하여 센터 방문접수",,https://www.work.go.kr/youngChallenge/index.do,오프라인 방문상담 신청시 신분증과 통장사본 필히 지참,□ 문의처 : 062-716-2840,https://blog.naver.com/gwangsan242/223353079909,,N,18,39,,,,"□ 신청대상
- 신청일 기준 6개월 이내에 취업 및 정부지원 직업훈련 참여이력이 없는 만18~39세 청년
- 자립준비청년(보호종료아동), 청소년쉼터 등 입·퇴소 청년, 북한이탈청년
- 주 30시간 미만의 생계형 아르바이트 청년",,7,광주 광산구,제한없음,미취업자,제한없음,,,제한없음
20240220005400200007,현금지급,[원주시] 청년월세 한시 특별지원(2차) 사업,"현금지급,최대,임대료",월 최대 20만원 임대료 지원 / 최대 12개월(현금지급),주거,"기숙사,전월세 및 주거급여 지원",월 최대 20만원 임대료 지원 / 최대 12개월(현금지급),원주시 복지정책과,원주시 복지정책과,특정기간,,,,-,주소지 읍면동행정복지센터 또는 복지로(http://www.bokjiro.go.kr)사이트,-,http://www.bokjiro.go.kr,"□ 신청서, 소득·재산 신고서, 서약서
□ 임대차계약서(공인중개사 날인 또는 확정일자 날인 없을 시 등기부등본 추가 제출)
□ 최근 3개월 월세 이체내역(보낸사람, 받는사람, 금액, 날짜 명시 必)
※2촌 이내 혈족이 이체한 경우 이체한 사람의 통장사본 추가 제출
□ 가족관계증명서(청년, 부, 모 기준 각 1통씩)(※기혼자의 경우 배우자, 배우자의 부, 배우자의 모 기준 가족관계증명서 각 1통씩 추가 제출)
□ 주택청약통장 사본, 급여받을 통장 사본 각 1통씩",-,https://www.wonju.go.kr/wjyouth/contents.do?key=5992&,,N,19,34,,,,-,-,70,강원특별자치도 원주시,제한없음,제한없음,제한없음,20240226,20250225,제한없음
20240219005400200015,보증,청년월세 한시 특별지원 2차,"직면하는,경감하여,한하여",청년이 직면하는 높은 주거비 부담을 경감하여 주거안정 도모,주거,"기숙사,전월세 및 주거급여 지원","□ 지원내용 : 생애 1회에 한하여 月 20만원씩 최대 12개월(회) 간 지원
※ 실제 납부하는 월세의 최대 20만원까지 지원(임차보증금, 관리비 등 제외)",국토교통부,부산광역시 주소지 관할 주민센터,특정기간,,,,,"□ 온라인 신청 : 복지로 홈페이지
□ 방문 신청 : 주소지 관할 주민센터",-,https://www.bokjiro.go.kr/ssis-tbu/index.do,-,구·군 문의처는 사업관련 사이트 하단 참고,https://young.busan.go.kr/index.nm?menuCd=37,,N,19,34,,,,□ 청년 본인 계좌로 현금 지급,-,40,부산광역시,제한없음,제한없음,제한없음,20240226,20250225,제한없음
20240219005400200019,상담,청년 신용회복지원,"채무조정비용,재테크,체계적인","과도한 부채문제로 연체위기에 있는 청년, 혹은 체계적인 재테크 교육, 재무 전문상담이 필요한  청년을 위해 채무조정비용 지원, 상담 및 교육을 지원하여 청년의 경제적 재기를 돕는 사업","일자리, 교육","취업,미래역량강화,교육비지원","□ 1:1 전문 재무상담 : 청년의 재테크 지식과 체계적인 자산형성을 위해 종합재무상담부터 재무조정제도 안내 등 부채문제까지 맞춤형으로 전문상담사가 상담
□ 채무조정비용 및 긴급생계비 지원 : 많은 부채로 정상적인 상환이 어려워 재무조정제도나 생계비 지원이 필요한 청년을 대상으로 채무조정비용과 긴급생계비 지원을 통해 경제적 재기 도움
□ 맞춤형 교육 : 금융기초, 신용관리, 진로탐색, 대인관계 관리법 등 청년세대의 관심분야에 대한 맞춤형 교육 제공",부산시청,부산신용보증재단,마감,,,,-,-,-,https://xn--660b26n03cj7dpsuwgp.kr/main/,-,"□ 문의 : 부산신용보증재단 ☎. 051-860-6718
□ 홈페이지 : 부산청년희망.kr 바로가기
□ 카카오톡 : 부산청년희망 신용상담센터플러스친구
□ 방문 : 부산신용보증재단(부산광역시 부산진구 진연로 15, 4층)",https://xn--660b26n03cj7dpsuwgp.kr/sub/?mcode=0901010000,https://xn--660b26n03cj7dpsuwgp.kr/sub/?mcode=0905020000,N,18,39,,,,"□ 상담비요 : 전액 무료
□ 제출서류 : 신청당일 주민등록등(초)본 1부",-,16,부산광역시,제한없음,제한없음,제한없음,,,제한없음
20240219005400200014,현금지급,2024년 머물자리론 사업,"이내,일시상환방식,주거환경을",청년들의 주거비 부담을 완화하고 안정적 주거환경을 지원하기 위한 사업,주거,"기숙사,전월세 및 주거급여 지원","□ 대출취급은행 : 부산은행
□ 대출최대한도 : 1억원 이내(임차보증금의 90% 범위 내)
□ 대출이자 : 부산시 지원금리 2.0%, 본인부담금리 1.5%
□ 대출기간 : 1년 이상 2년이내로서 당해 임대차계약 만료일까지 (2년 이내 1회 연장 가능, 최장 4년 이내)
□ 상환방식 : 만기 일시상환방식",부산시청,,특정기간,,,,,부산청년정책플랫폼 접속 > 머물자리론 신청하기 > 약관동의 > 신청자 정보 입력 > 구비서류 첨부 제출,"- 2.28.(예정)
- 3.31.(예정)
- 4.28.(예정)
- 5.31.(예정)
- 6.30.(예정)
- 7.31.(예정)
- 8.31.(예정)
- 9.27.(예정)
- 10.31.(예정)
- 11.30.(예정)",https://young.busan.go.kr/index.nm,선정발표 : 문자 알림 및 부산청년플랫폼에서 확인 가능,-,https://young.busan.go.kr/index.nm?menuCd=0,,N,19,39,,,,,"□ 기초생활수급자(생계, 주거) 주택소유자 (배우자 포함)
□ 부산시 타 주거지원 사업 참여자 (배우자 포함)
□ 머물자리론 사업 참여자, 종료자 (배우자 포함)
□ 부/모, 배우자의 부/모와 임대차 계약한 자
□ 기타 사업 취지에 부합하지 않는다고 판단되는 경우",31,부산광역시,제한없음,제한없음,제한없음,,,제한없음
20240219005400200013,현금지급,(남동구) 인천시 청년월세 지원사업,"지급,남동구,인천시",경제적 어려움을 겪는 청년들의 주거비용 부담 경감,주거,"주택 및 거주지,전월세 및 주거급여 지원","ㅁ 지원금액 : 1인 월 20만원씩, 최대 12개월(회) 월세 지원 - 실제 납부하는 월세의 최대 20만원까지 지원(임차보증금, 관리비 등은 제외)
ㅁ 지 급 일 : 매월 25일 현금으로 지급 - 토요일이거나 공휴일인 경우에는 그 전날 지급 - 지원대상으로 선정될 시, 신청일 기준 당월에 지출한 월세부터 지급
ㅁ 주거급여 수급자인 경우 전월(20일)에 지급한 주거급여를 차감하고 지급",인천광역시 청년정책담당관,인천광역시 남동구 일자리정책과,특정기간,,,,2024. 2. ~ 2025. 2.,"(19세 ~ 34세) 복지로를 통한 온라인신청 및 관할 행정복지센터 방문 신청
(35세 ~ 39세) 인천청년포털을 통한 온라인신청 또는 관할 행정복지센터 방문 신청",,https://youth.incheon.go.kr/youthpolicy/youthPolicyInfoDetail.do?poly_seq=222,"□월세지원 신청(변경)서(필수)
□소득·재산 신고서(필수)
□서약서(필수)
□임대차계약서(확정일자 날인) 사본(필수)
□월세이체 증빙 서류(최근 3개월) (받는분, 보내는분, 날짜, 금액 명시)(필수)
□(월세지급을 위한) 통장사본(필수)
□청약통장 사본(신청인 명의, 종류무관)(필수)
□신청자 기준 가족관계증명서 (상세, 주민등록번호 공개)(필수)
□부모님 기준 가족관계증명서 [부 / 모 기준 각 1부씩] (상세, 주민등록번호 공개)(필수)
□(혼인한 경우 필수 제출) 배우자 기준 가족관계증명서 및 배우자 부모의 가족관계증명서 (상세, 주민등록번호 공개)(선택)
□신분증(방문신청시 필수지참)(선택)",-,https://youth.incheon.go.kr/youthpolicy/youthPolicyInfoDetail.do?poly_seq=222,,N,19,39,,,,"자가진단서비스 사전 실시('24.2.23. 개통)- 복지로(www.bokjiro.go.kr) > 복지서비스 > 모의계산 > 청년월세지원- 월세 신청 전, 복지로 사이트를 통한 ""자가진단서비스"" 먼저 실시 추천- 부정 수급 시 환수 조치","○ 부모와 함께 거주(원가구와 세대분리하지 않은 자)하는 경우
○ 주택 소유자(분양권, 입주권 포함) 
○ 직계존속, 형제, 자매 등 2촌이내 주택을 임차한 경우(배우자의 2촌 이내 혈족 포함)
○ 공공주택특별법에 따른 공공임대주택 거주자
○ 1실(방)에 다수가 거주하는 방식의 전대차인 경우
○ 전국 지자체 월세사업 또는 국토부 1차 월세사업 수혜 중인자 등(수혜종료 후 신청가능)",65,인천 남동구,제한없음,제한없음,제한없음,20240226,20250225,제한없음
20240219005400200012,현금지급,(동구) 인천시 청년월세 지원사업,"지급,인천시,선정될",경제적 어려움을 겪는 청년들의 주거비용 부담 경감,주거,"주택 및 거주지,전월세 및 주거급여 지원","ㅁ 지원금액 : 1인 월 20만원씩, 최대 12개월(회) 월세 지원 - 실제 납부하는 월세의 최대 20만원까지 지원(임차보증금, 관리비 등은 제외)
ㅁ 지 급 일 : 매월 25일 현금으로 지급 - 토요일이거나 공휴일인 경우에는 그 전날 지급 - 지원대상으로 선정될 시, 신청일 기준 당월에 지출한 월세부터 지급
ㅁ 주거급여 수급자인 경우 전월(20일)에 지급한 주거급여를 차감하고 지급",인천광역시 청년정책담당관,인천광역시 동구 미래발전추진단,특정기간,,,,2024. 2. ~ 2025. 2.,"(19세 ~ 34세) 복지로를 통한 온라인신청 및 관할 행정복지센터 방문 신청
(35세 ~ 39세) 인천청년포털을 통한 온라인신청 또는 동구청(미래발전추진단) 방문 신청",,https://youth.incheon.go.kr/youthpolicy/youthPolicyInfoDetail.do?poly_seq=219,"□월세지원 신청(변경)서(필수)
□소득·재산 신고서(필수)
□서약서(필수)
□임대차계약서(확정일자 날인) 사본(필수)
□월세이체 증빙 서류(최근 3개월) (받는분, 보내는분, 날짜, 금액 명시)(필수)
□(월세지급을 위한) 통장사본(필수)
□청약통장 사본(신청인 명의, 종류무관)(필수)
□신청자 기준 가족관계증명서 (상세, 주민등록번호 공개)(필수)
□부모님 기준 가족관계증명서 [부 / 모 기준 각 1부씩] (상세, 주민등록번호 공개)(필수)
□(혼인한 경우 필수 제출) 배우자 기준 가족관계증명서 및 배우자 부모의 가족관계증명서 (상세, 주민등록번호 공개)(선택)
□신분증(방문신청시 필수지참)(선택)",-,https://youth.incheon.go.kr/youthpolicy/youthPolicyInfoDetail.do?poly_seq=219,,N,19,39,,,,"자가진단서비스 사전 실시('24.2.23. 개통)- 복지로(www.bokjiro.go.kr) > 복지서비스 > 모의계산 > 청년월세지원- 월세 신청 전, 복지로 사이트를 통한 ""자가진단서비스"" 먼저 실시 추천- 부정 수급 시 환수 조치","○ 부모와 함께 거주(원가구와 세대분리하지 않은 자)하는 경우
○ 주택 소유자(분양권, 입주권 포함) 
○ 직계존속, 형제, 자매 등 2촌이내 주택을 임차한 경우(배우자의 2촌 이내 혈족 포함)
○ 공공주택특별법에 따른 공공임대주택 거주자
○ 1실(방)에 다수가 거주하는 방식의 전대차인 경우
○ 전국 지자체 월세사업 또는 국토부 1차 월세사업 수혜 중인자 등(수혜종료 후 신청가능)",32,인천 동구,제한없음,제한없음,제한없음,20240226,20250225,제한없음
20240219005400200011,현금지급,(계양구) 인천시 청년월세 지원사업,"지급,계양구,인천시",경제적 어려움을 겪는 청년들의 주거비용 부담 경감,주거,"주택 및 거주지,전월세 및 주거급여 지원","ㅁ 지원금액 : 1인 월 20만원씩, 최대 12개월(회) 월세 지원 - 실제 납부하는 월세의 최대 20만원까지 지원(임차보증금, 관리비 등은 제외)
ㅁ 지 급 일 : 매월 25일 현금으로 지급 - 토요일이거나 공휴일인 경우에는 그 전날 지급 - 지원대상으로 선정될 시, 신청일 기준 당월에 지출한 월세부터 지급
ㅁ 주거급여 수급자인 경우 전월(20일)에 지급한 주거급여를 차감하고 지급",인천광역시 청년정책담당관,인천광역시 계양구 일자리정책과,특정기간,,,,2024. 2. ~ 2025. 2.,"(19세 ~ 34세) 복지로를 통한 온라인신청 및 관할 행정복지센터 방문 신청
(35세 ~ 39세) 인천청년포털을 통한 온라인신청 또는 관할 행정복지센터 방문 신청",,https://youth.incheon.go.kr/youthpolicy/youthPolicyInfoDetail.do?poly_seq=224,"□월세지원 신청(변경)서(필수)
□소득·재산 신고서(필수)
□서약서(필수)
□임대차계약서(확정일자 날인) 사본(필수)
□월세이체 증빙 서류(최근 3개월) (받는분, 보내는분, 날짜, 금액 명시)(필수)
□(월세지급을 위한) 통장사본(필수)
□청약통장 사본(신청인 명의, 종류무관)(필수)
□신청자 기준 가족관계증명서 (상세, 주민등록번호 공개)(필수)
□부모님 기준 가족관계증명서 [부 / 모 기준 각 1부씩] (상세, 주민등록번호 공개)(필수)
□(혼인한 경우 필수 제출) 배우자 기준 가족관계증명서 및 배우자 부모의 가족관계증명서 (상세, 주민등록번호 공개)(선택)
□신분증(방문신청시 필수지참)(선택)",-,https://youth.incheon.go.kr/youthpolicy/youthPolicyInfoDetail.do?poly_seq=224,,N,19,39,,,,"자가진단서비스 사전 실시('24.2.23. 개통)- 복지로(www.bokjiro.go.kr) > 복지서비스 > 모의계산 > 청년월세지원- 월세 신청 전, 복지로 사이트를 통한 ""자가진단서비스"" 먼저 실시 추천- 부정 수급 시 환수 조치","○ 부모와 함께 거주(원가구와 세대분리하지 않은 자)하는 경우
○ 주택 소유자(분양권, 입주권 포함) 
○ 직계존속, 형제, 자매 등 2촌이내 주택을 임차한 경우(배우자의 2촌 이내 혈족 포함)
○ 공공주택특별법에 따른 공공임대주택 거주자
○ 1실(방)에 다수가 거주하는 방식의 전대차인 경우
○ 전국 지자체 월세사업 또는 국토부 1차 월세사업 수혜 중인자 등(수혜종료 후 신청가능)",40,인천 계양구,제한없음,제한없음,제한없음,20240226,20250225,제한없음
20240219005400200010,현금지급,(서구) 인천시 청년월세 지원사업,"지급,서구,인천시",경제적 어려움을 겪는 청년들의 주거비용 부담 경감,주거,"주택 및 거주지,전월세 및 주거급여 지원","ㅁ 지원금액 : 1인 월 20만원씩, 최대 12개월(회) 월세 지원 - 실제 납부하는 월세의 최대 20만원까지 지원(임차보증금, 관리비 등은 제외)
ㅁ 지 급 일 : 매월 25일 현금으로 지급 - 토요일이거나 공휴일인 경우에는 그 전날 지급 - 지원대상으로 선정될 시, 신청일 기준 당월에 지출한 월세부터 지급
ㅁ 주거급여 수급자인 경우 전월(20일)에 지급한 주거급여를 차감하고 지급",인천광역시 청년정책담당관,인천광역시 서구 일자리정책과,특정기간,,,,2024. 2. ~ 2025. 2.,"(19세 ~ 34세) 복지로를 통한 온라인신청 및 관할 행정복지센터 방문 신청
(35세 ~ 39세) 인천청년포털을 통한 온라인신청 또는 관할 행정복지센터 방문 신청",,https://youth.incheon.go.kr/youthpolicy/youthPolicyInfoDetail.do?poly_seq=225,"□월세지원 신청(변경)서(필수)
□소득·재산 신고서(필수)
□서약서(필수)
□임대차계약서(확정일자 날인) 사본(필수)
□월세이체 증빙 서류(최근 3개월) (받는분, 보내는분, 날짜, 금액 명시)(필수)
□(월세지급을 위한) 통장사본(필수)
□청약통장 사본(신청인 명의, 종류무관)(필수)
□신청자 기준 가족관계증명서 (상세, 주민등록번호 공개)(필수)
□부모님 기준 가족관계증명서 [부 / 모 기준 각 1부씩] (상세, 주민등록번호 공개)(필수)
□(혼인한 경우 필수 제출) 배우자 기준 가족관계증명서 및 배우자 부모의 가족관계증명서 (상세, 주민등록번호 공개)(선택)
□신분증(방문신청시 필수지참)(선택)",-,https://youth.incheon.go.kr/youthpolicy/youthPolicyInfoDetail.do?poly_seq=225,,N,19,39,,,,"자가진단서비스 사전 실시('24.2.23. 개통)- 복지로(www.bokjiro.go.kr) > 복지서비스 > 모의계산 > 청년월세지원- 월세 신청 전, 복지로 사이트를 통한 ""자가진단서비스"" 먼저 실시 추천- 부정 수급 시 환수 조치","○ 부모와 함께 거주(원가구와 세대분리하지 않은 자)하는 경우
○ 주택 소유자(분양권, 입주권 포함) 
○ 직계존속, 형제, 자매 등 2촌이내 주택을 임차한 경우(배우자의 2촌 이내 혈족 포함)
○ 공공주택특별법에 따른 공공임대주택 거주자
○ 1실(방)에 다수가 거주하는 방식의 전대차인 경우
○ 전국 지자체 월세사업 또는 국토부 1차 월세사업 수혜 중인자 등(수혜종료 후 신청가능)",85,인천 서구,제한없음,제한없음,제한없음,20240226,20250225,제한없음
20240219005400200018,현금지급,(강화군) 인천시 청년월세 지원사업,"지급,인천시,지원대상으로",경제적 어려움을 겪는 청년들의 주거비용 부담 경감,주거,"기숙사,전월세 및 주거급여 지원","ㅁ 지원금액 : 1인 월 20만원씩, 최대 12개월(회) 월세 지원 - 실제 납부하는 월세의 최대 20만원까지 지원(임차보증금, 관리비 등은 제외)
ㅁ 지 급 일 : 매월 25일 현금으로 지급 - 토요일이거나 공휴일인 경우에는 그 전날 지급 - 지원대상으로 선정될 시, 신청일 기준 당월에 지출한 월세부터 지급
ㅁ 주거급여 수급자인 경우 전월(20일)에 지급한 주거급여를 차감하고 지급",인천광역시 청년정책담당관,인천광역시 강화군 경제교통과,특정기간,,,,2024. 2. ~ 2025. 2.,(19세 ~ 34세) 복지로를 통한 온라인신청 및 관할 행정복지센터 방문 신청(35세 ~ 39세) 인천청년포털을 통한 온라인신청 또는 관할 행정복지센터 방문 신청,,https://youth.incheon.go.kr/youthpolicy/youthPolicyInfoDetail.do?poly_seq=216,"□월세지원 신청(변경)서(필수)
□소득·재산 신고서(필수)
□서약서(필수)
□임대차계약서(확정일자 날인) 사본(필수)
□월세이체 증빙 서류(최근 3개월) (받는분, 보내는분, 날짜, 금액 명시)(필수)
□(월세지급을 위한) 통장사본(필수)
□청약통장 사본(신청인 명의, 종류무관)(필수)
□신청자 기준 가족관계증명서 (상세, 주민등록번호 공개)(필수)
□부모님 기준 가족관계증명서 [부 / 모 기준 각 1부씩] (상세, 주민등록번호 공개)(필수)
□(혼인한 경우 필수 제출) 배우자 기준 가족관계증명서 및 배우자 부모의 가족관계증명서 (상세, 주민등록번호 공개)(선택)
□신분증(방문신청시 필수지참)(선택)",-,https://youth.incheon.go.kr/youthpolicy/youthPolicyInfoDetail.do?poly_seq=216,,N,19,39,,,,"자가진단서비스 사전 실시('24.2.23. 개통)- 복지로(www.bokjiro.go.kr) > 복지서비스 > 모의계산 > 청년월세지원- 월세 신청 전, 복지로 사이트를 통한 ""자가진단서비스"" 먼저 실시 추천- 부정 수급 시 환수 조치","○ 부모와 함께 거주(원가구와 세대분리하지 않은 자)하는 경우
○ 주택 소유자(분양권, 입주권 포함) 
○ 직계존속, 형제, 자매 등 2촌이내 주택을 임차한 경우(배우자의 2촌 이내 혈족 포함)
○ 공공주택특별법에 따른 공공임대주택 거주자
○ 1실(방)에 다수가 거주하는 방식의 전대차인 경우
○ 전국 지자체 월세사업 또는 국토부 1차 월세사업 수혜 중인자 등(수혜종료 후 신청가능)",22,인천 강화군,제한없음,제한없음,제한없음,20240226,20250225,제한없음
20240219005400200008,현금지급,(연수구) 인천시 청년월세 지원사업,"지급,인천시,지원대상으로",경제적 어려움을 겪는 청년들의 주거비용 부담 경감,주거,"주택 및 거주지,전월세 및 주거급여 지원","지원금액 : 1인 월 20만원씩, 최대 12개월(회) 
월세 지원 - 실제 납부하는 월세의 최대 20만원까지 지원(임차보증금, 관리비 등은 제외)

◎ 지 급 일 : 매월 25일 현금으로 지급 
- 토요일이거나 공휴일인 경우에는 그 전날 지급 
- 지원대상으로 선정될 시, 신청일 기준 당월에 지출한 월세부터 지급

◎ 주거급여 수급자인 경우 전월(20일)에 지급한 주거급여를 차감하고 지급",인천광역시 청년정책담당관,인천광역시 연수구 경제산업과,특정기간,,,,2024. 2. ~ 2025. 2.,"(19세 ~ 34세) 복지로를 통한 온라인신청 및 관할 행정복지센터 방문 신청
(35세 ~ 39세) 인천청년포털을 통한 온라인신청 또는 관할 행정복지센터 방문 신청",,https://youth.incheon.go.kr/youthpolicy/youthPolicyInfoDetail.do?poly_seq=221,"월세지원 신청(변경)서(필수)
소득·재산 신고서(필수)
서약서(필수)
임대차계약서(확정일자 날인) 사본(필수)
월세이체 증빙 서류(최근 3개월) (받는분, 보내는분, 날짜, 금액 명시)(필수)
(월세지급을 위한) 통장사본(필수)
청약통장 사본(신청인 명의, 종류무관)(필수)
신청자 기준 가족관계증명서 (상세증명서, 주민등록번호 공개)(필수)
부모님 기준 가족관계증명서 (상세증명서, 주민등록번호 공개) [부 / 모 기준 각 1부씩](필수)(혼인한 경우 필수 제출) 
배우자 기준 가족관계증명서 및 배우자 부모의 가족관계증명서 (상세, 주민등록번호 공개)(선택)
신분증(방문신청시 필수지참)(선택)
추가서류 업로드(필요시)(선택)",-,https://youth.incheon.go.kr/youthpolicy/youthPolicyInfoDetail.do?poly_seq=221,,N,19,39,,,,"자가진단서비스 사전 실시('24.2.23. 개통)- 복지로(www.bokjiro.go.kr) > 복지서비스 > 모의계산 > 청년월세지원
- 월세 신청 전, 복지로 사이트를 통한 ""자가진단서비스"" 먼저 실시 추천- 부정 수급 시 환수 조치","○ 부모와 함께 거주(원가구와 세대분리하지 않은 자)하는 경우
○ 주택 소유자(분양권, 입주권 포함) 
○ 직계존속, 형제, 자매 등 2촌이내 주택을 임차한 경우(배우자의 2촌 이내 혈족 포함)
○ 공공주택특별법에 따른 공공임대주택 거주자
○ 1실(방)에 다수가 거주하는 방식의 전대차인 경우
○ 전국 지자체 월세사업 또는 국토부 1차 월세사업 수혜 중인자 등(수혜종료 후 신청가능)",49,인천 연수구,제한없음,제한없음,제한없음,20240226,20250225,제한없음
20240219005400200017,현금지급,(미추홀구) 인천시 청년월세 지원사업,"지급,인천시,지원대상으로",경제적 어려움을 겪는 청년들의 주거비용 부담 경감,주거,"기숙사,전월세 및 주거급여 지원","ㅁ 지원금액 : 1인 월 20만원씩, 최대 12개월(회) 월세 지원 - 실제 납부하는 월세의 최대 20만원까지 지원(임차보증금, 관리비 등은 제외)
ㅁ 지 급 일 : 매월 25일 현금으로 지급 - 토요일이거나 공휴일인 경우에는 그 전날 지급 - 지원대상으로 선정될 시, 신청일 기준 당월에 지출한 월세부터 지급
ㅁ 주거급여 수급자인 경우 전월(20일)에 지급한 주거급여를 차감하고 지급",인천광역시 청년정책담당관,인천광역시 미추홀구 일자리정책과,특정기간,,,,2024. 2. ~ 2025. 2.,"(19세 ~ 34세) 복지로를 통한 온라인신청 및 관할 행정복지센터 방문 신청
(35세 ~ 39세) 인천청년포털을 통한 온라인신청 또는 관할 행정복지센터 방문 신청",,https://youth.incheon.go.kr/youthpolicy/youthPolicyInfoDetail.do?poly_seq=220,"□월세지원 신청(변경)서(필수)
□소득·재산 신고서(필수)
□서약서(필수)
□임대차계약서(확정일자 날인) 사본(필수)
□월세이체 증빙 서류(최근 3개월) (받는분, 보내는분, 날짜, 금액 명시)(필수)
□(월세지급을 위한) 통장사본(필수)
□청약통장 사본(신청인 명의, 종류무관)(필수)
□신청자 기준 가족관계증명서 (상세, 주민등록번호 공개)(필수)
□부모님 기준 가족관계증명서 [부 / 모 기준 각 1부씩] (상세, 주민등록번호 공개)(필수)
□(혼인한 경우 필수 제출) 배우자 기준 가족관계증명서 및 배우자 부모의 가족관계증명서 (상세, 주민등록번호 공개)(선택)
□신분증(방문신청시 필수지참)(선택)",-,https://youth.incheon.go.kr/youthpolicy/youthPolicyInfoDetail.do?poly_seq=220,,N,19,39,,,,"자가진단서비스 사전 실시('24.2.23. 개통)- 복지로(www.bokjiro.go.kr) > 복지서비스 > 모의계산 > 청년월세지원- 월세 신청 전, 복지로 사이트를 통한 ""자가진단서비스"" 먼저 실시 추천- 부정 수급 시 환수 조치","○ 부모와 함께 거주(원가구와 세대분리하지 않은 자)하는 경우
○ 주택 소유자(분양권, 입주권 포함) 
○ 직계존속, 형제, 자매 등 2촌이내 주택을 임차한 경우(배우자의 2촌 이내 혈족 포함)
○ 공공주택특별법에 따른 공공임대주택 거주자
○ 1실(방)에 다수가 거주하는 방식의 전대차인 경우
○ 전국 지자체 월세사업 또는 국토부 1차 월세사업 수혜 중인자 등(수혜종료 후 신청가능)",81,인천 미추홀구,제한없음,제한없음,제한없음,20240226,20250225,제한없음
20240219005400200007,현금지급,(옹진군) 인천시 청년월세 지원사업,"지급,인천시,지원대상으로",경제적 어려움을 겪는 청년들의 주거비용 부담 경감,주거,주택 및 거주지,"ㅁ 지원금액 : 1인 월 20만원씩, 최대 12개월(회) 월세 지원 - 실제 납부하는 월세의 최대 20만원까지 지원(임차보증금, 관리비 등은 제외)
ㅁ 지 급 일 : 매월 25일 현금으로 지급 - 토요일이거나 공휴일인 경우에는 그 전날 지급 - 지원대상으로 선정될 시, 신청일 기준 당월에 지출한 월세부터 지급
ㅁ 주거급여 수급자인 경우 전월(20일)에 지급한 주거급여를 차감하고 지급",인천광역시 청년정책담당관,인천광역시 옹진군 지역경제과,특정기간,,,,2024. 2. ~ 2025. 2.,(19세 ~ 34세) 복지로를 통한 온라인신청 및 관할 행정복지센터 방문 신청(35세 ~ 39세) 인천청년포털을 통한 온라인신청 또는 관할 행정복지센터 방문 신청,,https://youth.incheon.go.kr/youthpolicy/youthPolicyInfoDetail.do?poly_seq=217,"□월세지원 신청(변경)서(필수)
□소득·재산 신고서(필수)
□서약서(필수)
□임대차계약서(확정일자 날인) 사본(필수)
□월세이체 증빙 서류(최근 3개월) (받는분, 보내는분, 날짜, 금액 명시)(필수)
□(월세지급을 위한) 통장사본(필수)
□청약통장 사본(신청인 명의, 종류무관)(필수)
□신청자 기준 가족관계증명서 (상세, 주민등록번호 공개)(필수)
□부모님 기준 가족관계증명서 [부 / 모 기준 각 1부씩] (상세, 주민등록번호 공개)(필수)
□(혼인한 경우 필수 제출) 배우자 기준 가족관계증명서 및 배우자 부모의 가족관계증명서 (상세, 주민등록번호 공개)(선택)",-,https://youth.incheon.go.kr/youthpolicy/youthPolicyInfoDetail.do?poly_seq=217,,N,19,39,,,,"자가진단서비스 사전 실시(개통예정)- 복지로(www.bokjiro.go.kr) > 복지서비스 > 모의계산 > 청년월세지원- 월세 신청 전, 복지로 사이트를 통한 ""자가진단서비스"" 먼저 실시 추천- 부정 수급 시 환수 조치","○ 부모와 함께 거주(원가구와 세대분리하지 않은 자)하는 경우
○ 주택 소유자(분양권, 입주권 포함) 
○ 직계존속, 형제, 자매 등 2촌이내 주택을 임차한 경우(배우자의 2촌 이내 혈족 포함)
○ 공공주택특별법에 따른 공공임대주택 거주자
○ 1실(방)에 다수가 거주하는 방식의 전대차인 경우
○ 전국 지자체 월세사업 또는 국토부 1차 월세사업 수혜 중인자 등(수혜종료 후 신청가능)",21,인천 옹진군,제한없음,제한없음,제한없음,20240226,20250225,제한없음
20240215005400200004,상담,서울시 청년동행센터,"개인회생,공공재무상담,복지서비스","금융문제로 어려움을 겪는 청년과 금융지식과 정보가 부족한 청년을 위해 파산,개인회생 등 공적채무조정지원 및 공공재무상담, 복지서비스 연계까지 맞춤형 통합서비스 제공",복지문화,"취약계층 및 금융지원,문화활동","공적채무조정지원(개인회생,파산면책), 공공재무상담, 주거 및 일자리 복지서비스 연계 
1. 부채문제로 막막한 청년이라면? - 청년 채무상담 : 개인회생·파산·워크아웃 등 맞춤형 채무조정 상담 * 요건 충족 시 무료 법률지원 
2. 나에게 꼭 맞는 돈 관리가 필요하다면? - 청년 재무코칭 : 1:1 맞춤형 재무상담 
3. 청년을 위한 복지서비스가 궁금하다면? - 주거, 일자리, 심리 등 복지정보 제공 및 연계",복지정책실,서울시복지재단,마감,,,,-,1644-0120 전화예약 홈페이지 [서울금융복지상담센터] - [온라인 일반상담 예약],상시,https://sfwc.welfare.seoul.kr/,-,-,https://sfwc.welfare.seoul.kr/,https://blog.naver.com/sfwc-youth,N,19,39,,,,"※ 악성부채 채무조정상담, 공공재무상담, 일자리·주거·심리 등 복지서비스 연계 - 모든 상담비용 무료",제한없음,16,서울특별시,제한없음,제한없음,제한없음,,,제한없음
20240215005400200002,기타,[춘천시] 청년월세 한시 특별지원 신청(2차),"임차료,최대,범위",부모님과 별도 거주하는 만19~34세(1989~2005년생) 청년(신청연도 기준 출생연도 적용)에게 월 최대 20만원 범위 내 실 임차료 지원(최대 12개월),주거,주택 및 거주지,월 최대 20만원 범위 내 실 임차료 지원(최대 12개월),춘천시,춘천시 공동주택과 주거복지팀,특정기간,,,,-,"청년 주소지 관할 읍,면,동 행복복지센터 방문(오프라인) 또는 복지로 홈페이지(온라인)",-,https://www.bokjiro.go.kr/ssis-tbu/index.do,"□ 신청서(행정복지센터 비치)
□ 소득·재산 신고서(행정복지센터 비치)
□ 서약서(행정복지센터 비치)
□ 청약통장사본(본인 명의, 종류 무관)
□ 임대차계약서(확정일자 또는 공인중개사 날인)
※ 날인 없을 시, 해당 소재지 건물 등기부등본 추가 제출(등기부상 소유주=계약서상 임대인 일치여부 확인)
□ 월세이체내역(신청일 기준 최근 3개월)
※ 통장 거래내역 및 은행 어플 캡쳐본(임차인, 임대인, 이체날짜, 이체금액 확인)
※ 계약일로부터 3개월이 지나지 않은 경우, 3개월 범위 내 해당 내역만 제출
□ 본인 및 본인 부·모 가족관계증명서(상세) 각 1부씩 총 3부
※ 기혼자의 경우, 배우자 및 배우자 부·모 가족관계증명서(상세) 각 1부씩 총 3부 추가 제출
□ 통장사본(본인 명의)
□ 추가서류(해당자에 한함)
※ 위임장, 부·모 전·월세 계약서(자가가 아닌 경우), 부·모 분양권 및 입주권 관련 서류(소유하고 있을 경우), 부채증빙서류(주택구입·임차보증금 마련 용도), 혼인관계증명서(상세/만 30세 미만 이혼의 경우) 등",-,https://www.chuncheon.go.kr/cityhall/administrative-info/notice-info/municipal-news/?bbsId=BBSMSTR_000000000151&nttId=474016&flag=view,,N,19,34,,,,-,-,52,강원특별자치도 춘천시,제한없음,제한없음,제한없음,20240226,20250225,제한없음
20240215005400200001,기타,청년월세 한시 특별 지원,"직면하는,200천원,경감하여",청년이 직면하는 높은 주거비 부담을 경감하여 주거안정 도모,주거,"주택 및 거주지,전월세 및 주거급여 지원",소득기준에 따라 월 200천원 임대료 지원,충청북도기획관리실 인구청년정책담당관 청년지원팀,,특정기간,특정기간,20250101,20251231,,청년월세 지원신청 접수(수시)온라인(복지로 https://www.bokjiro.go.kr) 및 오프라인(관할읍/면/동행정복지센터 등) 신청,복지로 https://www.bokjiro.go.kr 확인,https://www.bokjiro.go.kr,복지로 https://www.bokjiro.go.kr 확인,-,,,Y,19,34,제한없음,기타,원가구 소득 중위 100%이하이며 청년 독립가구 중위 60% 이하,"복지로  사이트 내 청년월세한시특별지원  세부내역 확인
https://www.bokjiro.go.kr/",-,139,충청북도,제한없음,제한없음,제한없음,20250101,20250225,제한없음
20240214005400200003,상담,청년층 정신건강서비스 강화 (충북청년마음건강센터 운영),"조기정신증,정신건강,청년","조기정신증, 우울, 불안 등을 겪는 청년층의 정신건강 문제를 조기발견·개입하여 충북 청년들의 정신건강 증진 및 예방",복지문화,"취약계층 및 금융지원,건강"," - 청년 정신건강지원서비스(사례관리, 치료비지원, 전문의 상담체계 운영, 회복지원 프로그램 등)
   - 청년 정신건강교육(조기정신증 ‘맘지킴이’예방교육, 우울증 예방교육)
   - 청년 조기정신증 인식개선 홍보 및 캠페인
   - 대상별 정신건강지원사업(대학생, 청년 직장인 등)
   - 청년 조기정신증 교육자료 및 콘텐츠 제작
   - 아웃팅(외부활동), 힐링콘서트 등",충청북도 보건복지국 보건정책과,충북광역정신건강복지센터,상시,특정기간,20250101,20251231,,"충북광역정신건강복지센터 홈페이지 확인 https://www.cbmind.or.kr
문의 043-217-0597",충북광역정신건강복지센터 홈페이지 확인,https://www.cbmind.or.kr,,-,,,N,19,34,제한없음,무관,,해당없음,해당없음,145,충청북도,제한없음,제한없음,제한없음,,,제한없음
20240214005400200005,현금지급,청년내일저축계좌 사업,"중간계층,월10만원,본인저축",일하는 중간계층 청년의 자산형성 지원 및 자립 촉진,복지문화,취약계층 및 금융지원,본인저축(월10만원~50만원) 시 정부지원금 매칭,충청북도 복지정책과 생활보장팀,,마감,,,,2024. 1월 ~ 12월,온라인(복지로) 및 오프라인(읍면동) 문의/접수 복지로 : http://www.bokjiro.go.kr,온라인(복지로) 및 오프라인(읍면동) 문의/접수,http://www.bokjiro.go.kr,온라인(복지로) 및 오프라인(읍면동) 문의/접수,-,,,N,19,34,,,,"신청당시 만19~34세(단, 수급자/차상위자는 만15~39세)",해당없음,22,충청북도,제한없음,제한없음,제한없음,,,제한없음
20240214005400200002,정보제공,청년 창업지원자금 융자지원,"융자금리,육성을,청년창업가",우수한 창업기업 발굴 육성을 통하여 청년창업가 육성,일자리,"취업,창업"," - 지원분야 및 업종 : 신성장동력산업 및 고부가가치 창업분야 집중 지원
     ․ 지식창업 : 지식콘텐츠, 통신업, 웹디자인, 컴퓨터프로그램밍 등
     ․ 기술창업 : 기계, 재료, 전기, 전자, 정보, 통신, 화공, 섬유 등
     ․ 일반창업 : 통신판매업, 유통업(도매업), 아이디어 창업 등
       ※ 1인 1분야만 지원(협업자 참여 등 중복 지원신청시 지원 제외)
    - 지원조건 : 융자금리(연 3.0%, 고정), 융자기간(1년거치 4년균분상환), 
                 융자한도(1억원 이내)  ※ 여성기업 또는 장애인기업(0.5%금리우대)",충청북도 경제기업과 기업정책팀,,특정기간,특정기간,20250101,20251231,,"충청북도 기업진흥원 공고 확인 / 온라인, 우편, 방문접수(충북기업진흥원)
http://www.cba.ne.kr",충청북도 기업진흥원 공고 확인,http://www.cba.ne.kr,충청북도 기업진흥원 공고 확인,신청 시기 2025.1.6. ~ 자금소진시까지,,,N,20,39,제한없음,무관,,해당없음,해당없음,1160,충청북도,제한없음,(예비)창업자,제한없음,20250106,20251231,제한없음
20240214005400200001,상담,청년도전 지원사업,"청년도전,프로그램,회복",직단념 청년의 자신감 회복 및 구직의욕 고취를 위한 맞춤형 프로그램 제공으로 구직시장 참여 및 취업 촉진 지원,일자리,취업,"맞춤형 상담․교육 프로그램 지원
   - 청년도전 : 40시간 프로그램 운영(5주)
   - 청년도전+Ⅰ유형 : 120시간 프로그램 운영(15주)
   - 청년도전+Ⅱ유형 : 200시간 프로그램 운영(25주)
   - 밀착상담, 사례관리, 자신감 회복, 진로탐색, 취업역량 강화",충청북도 충북경제자유구역청 기획행정부 혁신성장팀,,상시,특정기간,20250101,20251231,,고용부 워크넷 또는 ㈜잡스(043-908-4284) 문의/신청,고용부 워크넷 또는 ㈜잡스(043-908-4284) 문의/신청,https://www.work.go.kr/youngChallenge/index.do,고용부 워크넷 또는 ㈜잡스(043-908-4284) 문의/신청,-,,,N,18,39,제한없음,무관,,"구직단념청년*, 자립준비청년**, 청소년쉼터 입·퇴소 청년 등
    * 구직단념청년 : 최근 6개월 이상 취업 및 교육·직업훈련 이력없는 만18~39세 청년
    ** 자립준비청년 : 아동복지시설 퇴소 5년 이내 또는 퇴소 연장한 청년",해당없음,171,충청북도,제한없음,미취업자,제한없음,,,제한없음
20240213005400100002,현금지급,청년월세 특별지원,"12개월,주거급여수급자도,2026년","19세~34세 청년 대상 월 최대 20만원까지, 12개월 간 월세 지원",주거,"주택 및 거주지,전월세 및 주거급여 지원","□ 지원한도 : 실제 납부하는 임대료 범위 내에서 월 최대 20만원씩 12개월 동안 매월 분할 지원
* 주거급여수급자도 월세지원 한도액 20만원에서 주거급여액을 차감하고 지원
□ 지급기간 : 2024년 3월 ~ 2026년 12월",국토교통부 주택토지실 주거복지지원과,,특정기간,,,,,"- 온라인 : 복지로 누리집(www.bokjiro.go.kr) 또는 어플리케이션을 통하여 신청
- 오프라인 : 거주지의 행정복지센터에서 방문 신청","신청은 '24년 2월 26일부터 1년 간 수시로 가능하며, 지자체에서 2월부터 소득·재산 요건 검증을 거쳐 3월부터 월세 지급
- 신청자가 소득재산 조사로 손해를 보는 일이 없도록 지원금은 신청한 달로 소급하여 지급
* (지급범위) 신청한 달의 월세분부터 소급하여 지급
예) '24년 6월 신청 → '24년 8월 기준 소득·재산 검증 및 대상여부 통보 → '24년 9월 첫 지급 시 6월 월세분부터 소급하여 4개월분 지급",,"- 월세지원 신청서
- 소득, 재산 신고서
- 임대차계약 및 최근 3개월간 월세 이체 증빙 서류
- 통장 사본
- 가족관계증명서 등
※ 복지로 누리집에서 상세 서류 확인 필요"," (1차 사업) '22.8~'23.8 1년 간 신청 접수하여 요건 심사 후 총 9.7만명에게 월세 지원
 사전 모의 계산 : 복지로(bokjiro.go.kr), 마이홈포털(myhome.go.kr)의 모의계산 서비스를 통해 대상 여부 미리 확인",https://www.korea.kr/news/policyNewsView.do?newsId=148926146,,N,19,34,,,,,"□ 제외 대상
 - 주택 소유자(분양권, 임차권 포함)
 - 2촌이내 주택 임차(배우자의 2촌이내 혈족 포함)
 - 공공임대주택, 공무원임대주택 거주 
 - 보증금 5천만원 초과 주택 거주 
 - 1실에 다수거주 전대차(단, 임대인과 별도 계약 체결시 가능)
 - 국토부 또는 지자체 시행 월세지원 수혜 중인 경우(수혜 종료 후 신청 가능)",6489,전국,제한없음,제한없음,제한없음,20240226,20250225,제한없음
20240206005400100001,상담,청년전용창업자금(창업기반 지원),"이내,거치,자금",기술과 아이디어가 있지만 자금을 마련할 담보가 부족한 청년 창업기업을 위해 장기·저리로 정책 자금 지원,일자리,취업,"□ 대출한도
 - 연간 1억원 이내
 ※ 제조업 및 혁신성장 분야, 지역주력산업, 뿌리산업 등 중점 지원분야 2억원까지

□ 대출금리
 - 2.5%(고정)

□ 대출기간
 - (직접대출, 시설) 10년 이내(거치 기간: 담보 4년 이내, 신용 3년 이내)
 - (직접대출, 운전) 6년 이내(거치 기간 : 3년 이내)
 ※ 자금 신청·접수와 함께 교육·멘토링 실시 및 사업계획서 등에 대한 평가를 통해 융자 결정 후 대출",중소벤처기업진흥공단,중소벤처기업진흥공단,마감,,,,,- 중소벤처기업진흥공단 누리집(https://www.kosmes.or.kr)을 통해 융자 신청,- 공고문 참고,,- 공고문 참고,,https://www.kosmes.or.kr,,N,19,39,,,,,,1825,전국,제한없음,제한없음,제한없음,,,제한없음
20240129005400200010,기타,청년월세 한시 특별지원,"청년월세,장기화로,인하여",코로나 19 장기화로 인하여 경제적 어려움을 겪고 있는 청년층의 주거비 부담 경감을 위하여 청년월세 한시적 지원,주거,"주택 및 거주지,전월세 및 주거급여 지원",월 최대 20만원 임대료 지원 (최장 12개월),광주광역시 청년정책관,,특정기간,,,,2022.08.22.~2026.12.31.,접수처 : 주소지 행정복지센터(주민센터) 및 복지로 사이트,-,https://www.bokjiro.go.kr/ssis-tbu/twataa/wlfareInfo/moveTWAT52000M.do,"월세지원 신청(변경)서, 소득/재산 신고서, 임대차계약 및 월세이체 증빙서류, 서약서, 통장사본, 청년 및 부모의 가족관계증명서(상세), 배우자 및 배우자 보모의 가족관계증명서(상세), 청약통장 사본","□ 문의처
- 동구 청년체육과 : 062-608-2245
- 서구 일자리청년지원과 : 062-350-4797
- 남구 일자리정책과 : 062-607-2682
- 북구 청년미래정책관 : 062-410-8440
- 광산구 일자리정책과 : 062-960-3869",,,N,19,34,,,,주거급여 수급자의 경우 청년 주거급여 분리액 또는 별도보장가구는 주거급여액을 차감한 금액만 지원,-,21,광주광역시,제한없음,제한없음,제한없음,20240226,20250225,제한없음
20240129005400200023,보증,광주청년위원회 운영(제10기),"방안,연임가능,제9조",청년들의 시정 참여를 보장하고 청년의 의견을 반영하기 위해 다양한 분야의 청년들로 구성된 청년위원회 운영,참여권리,청년참여,"□ 근거 : 광주광역시 청년기본조례 제9조
□ 기능
❍ 청년의견 수렴 및 청년정책 제안
❍ 청년문제 발굴, 조사, 개선 방안 모색
❍ 개발된 청년정책에 대한 의견 제시 및 참여
❍ 국내외 청년 단체 ‧ 협의체와의 협력 및 교류
❍ 청년정책조정위원회와 상호 협조
❍ 활동보고서 발간
□ 임기 : 위촉일 ~ 2025. 12. 31.(조건 충족 시 1회 연임가능)
□ 활동지원 : 위촉장 수여, 전체회의 참석수당&middot;분과활동비 지원, 우수위원 표창 등
□ 모집분야 : 학생, 청년활동가, 청년창업자, 사회적기업인, 직장인, 취업준비생, 기타 등",광주광역시 교육청년국 청년정책과,-,특정기간,특정기간,20250101,20251230,,"○ 공통서류(지원자)
    - [서식1] 지원서, [서식2] 소개서, [서식3] 개인정보 수집&middot;이용&middot;제공 동의서 각 1부.
○ 추가서류(해당자) : 경력 및 활동 증빙자료 ※ 증빙자료 미제출 시 인정 불가
서류 작성 후 신청기간 내 담당자 이메일 제출(sookimanse@korea.kr)","   ○ 선정방법 : 면접심사
   ○ 심사일정 : 2025. 2. 12.(수) ~ 2. 13.(화)
   ○ 심사기준 : 청년위원회 지원동기 및 활동의지, 청년정책 관심도 등
   ○ 선정발표 : 2025. 2. 17.(월) / 광주광역시 홈페이지 및 광주청년통합플랫폼
    ※ 광주광역시 홈페이지(www.gwangju.go.kr)-시정소식&amp;ndash;고시‧공고
    ※ 광주청년통합플랫폼*(youth.gwangju.go.kr)-청년정책&amp;ndash;알림소식-공지사항
     * 홈페이지 시범운영 중
    ※ 상기 일정은 변동될 수 있으며, 변동 시 개별통보 예정",,"○ [서식1] 지원서
○ [서식2] 소개서
○ [서식3] 개인정보 수집&middot;이용&middot;제공 동의서
○ 활동경력 증빙자료",,https://youth.gwangju.go.kr,,N,19,39,제한없음,무관,,"   ○ 공고일 현재 광주광역시에 거주하는 19세 ~ 39세 청년
    ※ 1985년 1월 22일생부터 2006년 1월 21일생까지
   ○ 청년위원회 활동에 적극적으로 참여할 수 있는 청년","   ○ 광주광역시 위원회 참여 개수가 3개를 초과하는 경우 선정이 취소될 수 있습니다.
   ○ 청년위원회 연임은 1회만 가능하므로, 제8기와 제9기 청년위원회에 연속하여 참여한 위원은 제10기 청년위원회 위촉이 제한됩니다. ",29,광주광역시,제한없음,제한없음,제한없음,20250122,20250205,제한없음
20240129005400200007,현금지급,2024년 청년도전 지원사업,"청년도전,맞춤형,구직단념청년","구직단념청년 등을 대상으로 맞춤형 프로그램을 제공하여 청년의 구직의욕 고취, 노동시장 참여 및 취업 촉진 지원",일자리,취업,□ 맞춤형 프로그램 이수 시 인센티브 지급,광주광역시 북구청 청년미래정책관,지역고용정책연구원,마감,,,,□ 2024.01.01.~2024.12.31.,"□ (워크넷) : 워크넷 → 고용복지정책 → 청년도전지원사업(하단 신청탭 이용)|신청기관을 ""광주 북구 청춘이랑""로 신청",-,https://www.work.go.kr/youngChallenge/index.do#none,-,□ 고용노동부 홈페이지,,,N,18,39,,,,-,"□ 6개월 이내 취업·직업훈련 이력 있는 자, 대학교 재학중인 자",5,광주 북구,제한없음,미취업자,제한없음,,,제한없음
20240129005400200021,교육,청년13(일+삶)통장,"10개월,저축시,광주시","광주에 사는 근로 청년이 월 10만원씩 10개월 저축시, 광주시 100만원 지원",복지문화,취약계층 및 금융지원,"□ 본인 월10만원씩 10개월 저축시, 광주시 100만원 지원
□ 금융역랑강화 교육 및 지원",청년정책과,(사)광주금융사회복지협회,특정기간,특정기간,20250101,20251231,,□ 청년13통장(www.13account.or.kr) 홈페이지 회원가입 후 온라인 접수,청년13(일+삶)통장 홈페이지 접수 &rarr; 지원대상 추첨(2.10.(월) 예정)) &rarr; 광주광역시 홈페이지 최종 선정자 발표(2.12.(수) 예정) &rarr; 통장배부 및 약정서 배부,https://www.13account.or.kr,"① 주민등록초본 1부
② 근로여부확인 서류 1부
③ 소득확인서류 1부(최근 1개월 급여)
※ 제출서류에 대한 세부 기준은 공고문 참고",,https://www.13account.or.kr,,N,19,39,제한없음,기타,"월 급여 865,444원 이상 ~ 2,870,416원 이하 (세금포함)","‧ (주소지) 공고일 현재 본인의 주민등록상 주소지가 광주광역시인 자
‧ (근로여부) 근로유형(상용직‧계약직 등)에 관계없이, 최소 3개월 이전 (24년 10월 2일)부터 계속 근로하고 있는 자. ","· 정부 및 지자체 주관 자산형성지원사업 가입자 및 수혜자 (생애 1회 지원) [별첨 2 확인]
· 정부 및 지자체 주관 취업지원사업에 참여중인 자
  취업성공패키지, 국민취업지원제도(취업성공수당 최종 지급이 완료된 이후 가능), 
  청년일경험드림, 청년드림수당, 광주형청년일자리공제, 청년도전지원사업 등
· 정부 및 지자체 주관 재정지원, 일자리지원사업에 참여중인 자
  희망일자리사업, 지역공동체일자리사업, 자활사업 등
· ‘18~24년 광주청년비상금통장 및 청년13통장 수혜자 및 중도해지자 (생애 1회 지원) 
· 공무원, 학생(재학, 휴학, 유예, 주간 대학원생 포함) ※ 단, 방송대, 사이버대 가능
· 자영업자 / 직업군인, 군복무자 및 군복무 대체근무자(산업기능요원, 사회복무요원 등)
  ※ 정부 및 지자체 자산형성지원사업은 생애 1회 지원으로 제한
  ※ 위 사업들은 상호 지원이력을 관리하며 향후 신청이 제한될 수 있습니다.
     중복수급이 확인될 경우 환수 조치 될 수 있으므로 신청 시 유의하시기 바랍니다.",164,광주광역시,제한없음,"재직자, 일용근로자, 단기근로자, 영농종사자","고졸 미만, 고교 재학, 고졸 예정, 고교 졸업, 대학 재학, 대졸 예정, 대학 졸업, 석·박사, 기타",20250122,20250203,제한없음
20240129005400200020,시설제공,유스놀이터 운영(광주시),"생활지원,복지증진,여가",청년전용공간 운영 활성화와 여가 생활지원 및 대여사업을 통해 청년의 여가생활 및 복지증진 기여,복지문화,취약계층 및 금융지원,□ 캠핑 장비 및 레저용품 등 물품대여사업,경기도 광주시,경기도 광주시,마감,,,,2024.1.1.~12.31.,□ 광주시 청년지원센터 온라인 신청 및 방문수령,,,,,https://www.gj-youth.or.kr,,N,19,39,,,,"□ [캠핑장비] 백패킹 세트, 캠핑용 패키지(텐트, 침낭, 테이블, 의자, 조리도구, 웨건 등), 랜턴, 불멍화로, 빔프로젝터, 스크린  
□ [영상장비] 고프로, 웹캠, 짐벌, 미니 드론, 미러리스 카메라, 부자재(녹음기, 마이크, 조명, 삼각대 등) 
□ [공구] 수공구 세트, 전동드릴, 스크류 드라이버 
□ [취미·레저용품] 스마트폰 삼각대, 블루투스 스피커, 축구공, 농구공, 배구공, 배드민턴 라켓 등",,5,경기도 광주시,제한없음,제한없음,제한없음,,,제한없음
20240129005400200014,교육,청년 올라프로그램(광주시),"설계를,자격증,청년의","다양한 교육의 기회와 청년의 인생 설계를 위한 프로그,램 운영을 통해 청년의 삶 설계를 지원함","일자리, 교육","취업,미래역량강화","□ 취업 준비 및 청년의 역량강화를 위한 프로그램 운영
 ○  어학 및 자격증 응시료 지원 사업 : 1인당 3회에 한하여 자격증 응시료 실비 지원 (잡아바 어플라이)
 ○  청년 인생 디자인 프로그램 : 엑셀, 코딩, NCS 자격증 학습 등 취업 역량 강화 교육 지원
 ○  생활 금융 교육 : 월급관리, 재테크 및 교육 지원",경기도 광주시,경기도 광주시,마감,,,,□ 2024.1.1.~12.31.,□ 광주시 청년지원센터 누리집을 통한 온라인 신청 접수,,,,□ 누리집 가입 후 신청,https://www.gj-youth.or.kr,https://apply.jobaba.net,N,19,39,,,,□ 모집 사업별 선착순,,12,경기도 광주시,제한없음,제한없음,제한없음,,,제한없음
20240126005400200006,프로그램,독립응원패키지(청년 1인가구 이사비 지원)(광주시),"1인가구,이사비,광주시",청년 1인가구 이사비용 실비 지원,복지문화,취약계층 및 금융지원,□ 민간위탁 운영,경기도 광주시,광주시 청년지원센터'더누림플랫폼',마감,,,,2024.2.1.~2024.12.31. (예산 소진시 조기종료),□ 광주시 청년지원센터 홈페이지 '공지사항' 신청서 작성 후 온라인 접수 (gj-youth@naver.com),,https://www.gj-youth.or.kr,□ 공지사항 신청서 다운로드 (1월중 개정),□ 예산 소진시 조기 종료,,,N,19,39,,,,"□ 무주택 청년
□ 보호종료아동 우선 선발 
□ 이사비 중개수수료 지원 대상 불포함",,11,경기도 광주시,제한없음,제한없음,제한없음,,,제한없음
20240126005400200003,기타,청년꿈이룸 프로젝트(면접사진 및 정장지원)(광주시),"증명사진,재킷,바지",청년구직자의 면접 준비 부담 해소 및 구직비용 절감을 위해 면접정장 대여 및 취업용 증명사진 무료 지원,일자리,취업,"□ 면접정장대여[3박 4일, 횟수제한없음] : 남 (재킷, 바지, 셔츠, 구두, 벨트, 넥타이), 여 (재킷, 스커트, 바지, 블라우스, 구두)
□ 증명사진 촬영지원 : 1인당 16매 제공(연간 1회)",경기도 광주시 지역경제과,경기도 광주시 지역경제과,마감,,,,,□ 잡아바 홈페이지 (온라인) 신청 및 접수,□ 당일 접수 당일 처리 (최대 1일 소요),https://apply.jobaba.net,"□ 구직등록확인증(면접사진)
□ 면접일자 확인 가능 문자 또는 메일 (정장)","□ 사진은 연1회 신청 가능 
□ 면접사진을 위한 정장대여 1회 가능 (구직등록증만 필요)
□ 예산소진시 조기종료",,,N,18,39,,,,,,14,경기도 광주시,제한없음,제한없음,제한없음,,,제한없음
20240123005400200004,교육,2024년 익산시 청년 면접 정장 대여사업,"면접,정장,대여",익산시에 거주하는 미취업 청년을 위해 면접 정장 무료 대여,"일자리, 교육","취업,미래역량강화","□ 미취업 구직 청년에게 면접 정장 무료 대여
 ㅇ 대여품목: 정장(상·하의), 셔츠, 블라우스, 넥타이, 구두 등
 ㅇ 대여기간: 대여일로부터 3박 4일
 ㅇ 대여횟수: 1인당 연 3회
※ 일반 교육, 모의 면접, 대학교(원) 면접 등 참여자는 지원 제외",전북특별자치도 익산시,전북특별자치도 익산시,마감,,,,-,"□ 신청 방법: 온라인 신청(youthforest.iksan.go.kr) 

□ 신청절차
1. 신청접수: 신청서 및 구비서류 제출
2. 쿠폰수신: 예약 링크 및 쿠폰 번호 문자확인
3. 정장수령: 택배(면접일 전날 수령)
4. 정장반납: 대여일로부터 3박4일 내 반납(택배 착불 반납)",-,https://youthforest.iksan.go.kr/board/list.iksan?boardId=BBS_0000025&menuCd=DOM_000000102004002000&contentsSid=150,"□ 대여 신청서(붙임 1)
□ 개인정보 동의서(붙임 2)
□ 주민등록초본
    ※ 주민등록초본은 신청일 이후 발급분만 인정
□ 면접 증빙자료
    ※ 면접 증빙자료(면접 통보 메일, 문자 등 관련 자료) 필수
    ※ 증빙자료의 대상자가 본인임을 특정할 수 있어야 증빙자료로 인정(응시번호만 제출하는 경우 X, 대상자 본인의 이름과 응시번호가 함께 나온 캡처본 O)",문의: 익산시청 기업일자리과(☎063-859-7358),,,N,18,39,,,,-,익산시에 거주하는 만 18~39세 미취업 구직 청년,6,전북특별자치도 익산시,제한없음,미취업자,제한없음,,,제한없음
20240119005400200010,현금지급,대전 청년부상제대군인 등 진로탐색비 지원사업,"진로탐색비,대전,계좌입금",대전 거주 청년부상제대군인 및 청년중장기복무제대군인 미취업자 대상 진로탐색비 지원,복지문화,"취약계층 및 금융지원,건강","□ 지급액 : 100만원(1회에 한해 지급)
□ 지급방법 : 본인 명의 계좌입금",대전광역시,대전광역시,마감,,,,,접수처 : 대전광역시 보훈정책추진단(042-270-0893) 방문 또는 우편접수,-,,"□ 구비서류 : (신청월 기준 발급)
ㅇ 청년부상제대군인/전상군경, 공상군경, 재해부상군경 : 국가보훈대상자증 원본
ㅇ 청년중장기복무 제대군인 : 제대군인 확인서
ㅇ 공통서류 : ① 신분증 ②병적증명서 ③고용보험 자격 이력내역서 ④사업자등록 사실증명 ⑤적극적 구지활동 인정서류 ⑥본인명의 통장사본",-,https://www.daejeon.go.kr/drh/board/boardNormalView.do?ntatcSeq=1446542290&menuSeq=1631&boardId=normal_0096,,N,18,39,,,,"□ 지급대상: 근로의 의사가 있음에도 취업이나 창업을 하지 못한 청년부상제대군인 및 청년중장기복무제대군인
※ 단, 군인연금수급권자 제외
□ 병역 : 2024. 1. 1. 이후 전역자
□ 미취업 : 신청일 기준 미취업자(미창업자)
□  근로의사 : 미취업(미창업) 상태에서 적극적 구직(창업) 활동*
*제대군인법시행령」제 20조의 2(적극적 구직활동)적용, *국가보훈부 지침 준용",군인연금수급권자 제외,7,대전광역시,제한없음,미취업자,제한없음,,,군인
20240118005400200016,현금지급,청년마음건강지원사업 이용자 모집(양주시),"서비스,000원,본인부담금","우울감, 취업 애로 등으로 심리적 어려움을 겪고 있는 전국 청년을 대상으로 전문심리상담 서비스 제공",복지문화,"취약계층 및 금융지원,건강","□ 지원내용: 3개월 간 총 10회의 전문심리상담서비스 제공
ㅇ 사전사후검사: 개인 심리상담 관련 필요한 검사를 통한 주된 문제 및 욕구 파악, 회당 90분, 사전·사후 각 1회
ㅇ 상담 등 맞춤형 서비스(1:1 원칙): 심리·정서적 문제에 대한 개입예방, 관계상황적 스트레스 대처능력 향상, 
의사소통기술 및 대인관계 향상 도모 등 대상자 욕구에 맞춘 서비스 제공, 회당 50분, 총 8회
ㅇ 종결상담: 상담 종료 시 피드백 제공(고위험군의 경우 정신건강복지센터 또는 의료기관 연계), 1회


□ 서비스가격(1회당): 제공인력 기준에 따라 가격 차등
 ㅇ A형: 정부지원금 54,000원 + 본인부담금 6,000원= 60,000원
* 일반적 심리문제를 겪고 있으나 정신건강 관련 진료 등에 대한 부담감 없이 전문심리상담 서비스를 받고자 하는 경우 
 ㅇ B형: 정부지원금 63,000원+본인부담금 7,000원= 70,000원
* 자립준비청년 및 보호연장아동, 정신건강복지센터 방문자 등 서비스 욕구가 높거나 상대적으로 높은 수준의 상담 서비스가 필요한 경우
  ※ 선택기준은 예시일 뿐 서비스 유형은 신청자가 선택 가능
  ※ 서비스 유형은 제공인력의 자격기준에 의한 것으로 서비스 내용은 동일함
  ※ 자립준비청년은 서비스 유형과 관련 없이 본인부담금 면제(서비스 전액 지원)",양주시청,"로이심리상담센, 소풍아동청소년 심리상담센터, 숲속마을희망센터협동조합, ㈜율하모니,  테이크10아동발달센터",마감,,,,-,"□ 주민등록상 거주지 읍·면·동 행정복지센터 방문신청
□ 복지로 누리집(www.bokjiro.go.kr)과 모바일 앱(‘복지로’) 온라인 신청(신청절차 : 복지로>서비스신청>복지서비스신청>복지급여신청>청년마음건강지원)",개별 통보(선정자),https://www.bokjiro.go.kr,"□ 사회보장급여(사회서비스 이용권) 신청(변경) 신청서(행정복지센터 비치)
□ 사회서비스 이용자 준수사항 안내확인 동의서(행정복지센터 비치)
□ 개인정보 수집·이용 및 제3자 제공 동의서(행정복지센터 비치)
□ 신청인 신분증 
□ 우선순위 증명자료(자립준비청년만 해당) / 시군구 또는 기관(시설, 가정위탁지원센터)에서 발급한 보호 종료 확인서
□ 바우처 카드 안내 : 국민행복카드(신용/체크)
   ※ 카드사 영업점(은행, 우체국, 카드센터 등)방문, 홈페이지 또는 콜센터를 통해 신청하거나, 읍면동에서 서비스 신청 시 카드사 콜센터 발급상담 전화를 함께 신청
   ※ 기존 바우처 카드 보유자는 신청할 필요 없음","□ 문의처
ㅇ 로이심리상담센터(청년마음건강 A,B형): 031-824-5400
ㅇ 소풍아동청소년 심리상담센터(청년마음건강 A,B형): 031-867-2027
ㅇ 숲속마을희망센터협동조합(청년마음건강 A,B형): 031-855-3455
ㅇ ㈜율하모니(청년마음건강 A형): 031-867-9872
ㅇ 테이크10아동발달센터(청년마음건강 A,B형): 031-928-5441",https://www.jobaba.net/sprtPlcy/info/view2020.do?tSrchSeCd=01&tSrchTxt=%EC%B2%AD%EB%85%84%EB%A7%88%EC%9D%8C%EA%B1%B4%EA%B0%95%EC%A7%80%EC%9B%90&seq=11985&sn=,,N,19,34,,,,,,7,경기도 양주시,제한없음,제한없음,제한없음,,,제한없음
20240118005400200007,현금지급,청년마음건강지원사업 이용자 모집(고양시),"000원,서비스,본인부담금","우울감, 취업 애로 등으로 심리적 어려움을 겪고 있는 전국 청년을 대상으로 전문심리상담 서비스 제공",복지문화,"취약계층 및 금융지원,건강","□ 지원내용: 3개월 간 총 10회의 전문심리상담서비스 제공
ㅇ 사전사후검사: 개인 심리상담 관련 필요한 검사를 통한 주된 문제 및 욕구 파악, 회당 90분, 사전·사후 각 1회
ㅇ 상담 등 맞춤형 서비스(1:1 원칙): 심리·정서적 문제에 대한 개입예방, 관계상황적 스트레스 대처능력 향상, 
의사소통기술 및 대인관계 향상 도모 등 대상자 욕구에 맞춘 서비스 제공, 회당 50분, 총 8회
ㅇ 종결상담: 상담 종료 시 피드백 제공(고위험군의 경우 정신건강복지센터 또는 의료기관 연계), 1회

□ 서비스가격(1회당): 제공인력 기준에 따라 가격 차등
 ㅇ A형: 정부지원금 54,000원 + 본인부담금 6,000원= 60,000원
* 일반적 심리문제를 겪고 있으나 정신건강 관련 진료 등에 대한 부담감 없이 전문심리상담 서비스를 받고자 하는 경우 
 ㅇ B형: 정부지원금 63,000원+본인부담금 7,000원= 70,000원
* 자립준비청년 및 보호연장아동, 정신건강복지센터 방문자 등 서비스 욕구가 높거나 상대적으로 높은 수준의 상담 서비스가 필요한 경우
※ 자립준비청년 및 보호연장아동은 서비스 유형에 관계없이 본인부담금 면제, 서비스 전액 지원
※ 서비스 유형(A형, B형)은 신청자가 선택",고양시,서비스 제공기관,마감,,,,,주민등록상 거주지 동 행정복지센터 방문신청 (신분증 지참),2024. 2. 21.(수) 이후 등기우편 발송 예정,,"□ 구비서류(우선지원 대상자만 제출) 
ㅇ 자립준비청년: 시군구 또는 기관 발급 보호종료확인서 
ㅇ 보호연장아동: 시설확인서 또는 위탁확인서","□ 문의
ㅇ 고양시 민원콜센터(☎ 031-909-9000)
ㅇ 고양시 복지정책과(☎ 031-8075-3494)
ㅇ 동 행정복지센터 청년마음건강지원사업 담당자",https://www.jobaba.net/sprtPlcy/info/view2020.do?tSrchSeCd=01&tSrchTxt=%EC%B2%AD%EB%85%84%EB%A7%88%EC%9D%8C%EA%B1%B4%EA%B0%95%EC%A7%80%EC%9B%90&seq=12021&sn=,,N,19,34,,,,"□ 우선지원 대상
 ㅇ (1순위) 자립준비청년 및 보호연장아동
 ㅇ (2순위) 정신건강복지센터 연계
 ㅇ (그 외) 1, 2순위 모집인원 미달 시 성비 고려(어느 한 성이 70%를 초과하지 못함) 및 연장자 우선",,5,경기도 고양시,제한없음,제한없음,제한없음,,,제한없음
20240118005400100002,교육,햇살론유스,"최장,거치기간,보증기간","신용이력이 부족해 금융접근성이 낮은 대학생, 미취업청년등이 이용할 수 있는 저리대출 서비스 정책",복지문화,취약계층 및 금융지원,"□ 보증한도(다음 중 가장 적은 금액 적용)
 ㅇ 동일인 한도: 동일인 1인 최대 1천2백만원
 ㅇ 기간별 한도: 일반생활자금 연간 6백만원, 특정용도자금 연간 9백만원
 ㅇ 용도별 한도: 일반생활자금 1회 3백만원, 특정용도자금 1회 9백만원
* 보증실행 후 1개월 내에는 재신청을 제한
** 기존에 일반보증으로 이용한 금액 및 특례보증 이용금액에 따라 재신청 가능 여부 및 한도 등이 달라지니 이에 유의하시기 바랍니다.
(예1) ’21.4.3. 특례보증으로 5백만원 이용 시, 소요기간 6개월 (=5백만원/월 85만원)이 지난 ‘21.10.4. 이후 일반생활자금은 최대 3백만원, 특정용도자금은 최대 7백만원 신청 가능(특례보증 자금은 연간 한도에서 제외)
(예2) ’21.4.3. 특례보증으로 5백만원 이용 및 ’21.10.4. 일반생활자금 3백만원 이용시, 일반생활자금은 소요기간 6개월 (=3백만원/월 50만원)이 지난 ’22.4.5. 이후 최대 3백만원, 특정용도자금은 ‘21.11.5. 이후 최대 4백만원 신청 가능

□ 특정용도자금의 구분 및 보증한도
 ㅇ 보증대상자금: 학업·취업준비자금, 의료비, 주거비
 ㅇ 보증한도: 최대 900만원
* 동일한 용도로 보증 받은 소요 기간 내 추가 자금지원 불가능하니 이에 유의하시기 바랍니다.
(예시) ‘21.2.1일 5개월의 주거자금에 해당하는 2백50만 원(월세 50만 원)을 보증 받았을 경우, 5개월 후인 ’21.7.1일 이후에 잔여 한도 내에서 주거자금 신청 가능

□ 보증기간(※ 보증기간 중 중도상환수수료 없음)
 ㅇ 취업준비생
 - 대학생: 최장 거치기간 6년(8년), 최장 상환기간 7년, 최장 보증기간 13년(15년)
 - 대학원생, 학점은행제 학습자: 최장 거치기간 4년(6년), 최장 상환기간 7년, 최장 보증기간 11년(13년)
 - 미취업자: 최장 거치기간 2년(4년), 최장 상환기간 7년, 최장 보증기간 9년(11년)
 ㅇ 사회초년생
 - 중소기업 1년 이하 재직자: 최장 거치기간 1년(3년), 최장 상환기간 7년, 최장 보증기간 8년(10년)
※ 괄호 안은 군입대예정자(군필자, 면제자, 여성 제외)에 대한 추가 거치기간(2년) 부여 시 거치기간

□ 대출금리 및 보증료율
 ㅇ 취업준비생: 대출금리 3.5% + 보증료율 0.5% = 4.0%
 ㅇ 사회초년생: 대출금리 3.5% + 보증료율 1.0% = 4.5%
 ㅇ 사회적배려 대상자: 대출금리 3.5% + 보증료율 0.1% = 3.6%
*사회적 배려대상: 기초생활수급자, 차상위계층, 장애인, 북한이탈주민, 한부모가족 등",금융위원회,"서민금융진흥원 IBK기업은행, 신한은행, 전북은행",마감,,,,,"□ 보증신청 및 약정: 서민금융진흥원 앱을 통해서만 보증신청 가능
□ 대출신청 및 약정, 실행: IBK기업은행, 신한은행, 전북은행 중 우대서비스등을 비교하여 원하는 은행에 대출신청 가능","서민금융진흥원 앱에서 입력한 정보를 바탕으로 서류 제출 후 비대면 보증 심사
햇살론유스 협약은행 앱(app)을 통해 대출신청 > 은행의 대출심사 >대출 승인시 대출 실행",,공통 서류 및 자격조건 확인을  위한 서류는 서민금융원 앱을 통한 신청 시 확인 가능,문의: 서민금융콜센터 1397,https://www.fsc.go.kr/no040101?cnId=1148,https://www.kinfa.or.kr/product/sunYouth.do#none,N,19,34,,,,-,,180,전국,제한없음,"재직자, 미취업자, 일용근로자, 단기근로자",제한없음,,,중소기업
20240117005400200008,현금지급,청년월세 한시 특별지원 사업(김천시),"최대,월차임분,월세지원액에서",사업대상에 해당하는 청년에게 월세 지원(약 150명),주거,주택 및 거주지,"○ 지원내용 : 실제 납부하는 임대료를 최대 240만원(월 최대 20만원)까지 최대 12개월(회) 동안 매월 분할지원
※임차보증금, 관리비 등은 제외, 주거급여수급자의 경우 월세지원액에서 주거급여액 중 월차임분(청년 주거급여 분리지급액 포함)을 차감한 금액만 지원",국토교통부,김천시청(일자리경제과),특정기간,,20220822,20261231,2022-08-22~2026-12-31,온라인(복지로 신청) 및 오프라인(읍면동 행정복지센터 신청)-심사 및 선정통보-지급 및 수령,-,http://gbyouth.co.kr/policy/list.tc?mn=2379&pageNo=5069&no=228,-,-,http://gbyouth.co.kr/policy/list.tc?mn=2379&pageNo=5069&no=228,,N,19,34,,,, 2024년 청년가구 소득이 기준 중위소득 60% 이하이면서 청년 원가구 소득이 기준중위소득 100% 이하인 자 등의 지원요건을 모두 충족하는 자,"대상 : 「청년기본법」상 청년(19~34세 이하)으로 부모님과 별도 거주하는 무주택자
지자체가 자체 시행하는 '청년 월세지원' 등 청년계층에 대한 현금성 월세지원 사업을 통해 이미 지원받았거나 현재 지원 받고 있는 경우 중복 지원 불가능",24,경상북도 김천시,제한없음,제한없음,제한없음,20240226,20250225,제한없음
20240117005400200010,현금지급,유스타트 주택청약 종합저축 지원사업,"주택청약종합저축,자립준비청년의,복지를",자립준비청년의 주거 복지를 위한 주택청약종합저축 납입지원금 지원,주거,주택 및 거주지,"□ 자립준비청년의 주거 복지를 위한 주택청약종합저축 납입지원금 지원 
○ 우리은행 주택청약종합저축, 청년우대형 주택청약종합저축 (별도자격요건 필요) 통장 개설 
○ 매월 주택청약종합저축 계좌로 2만원 자동이체 - 지원예산: 1인당 월 2만원씩 24개월 지원 (본인 자금으로 1회 납입 후 2회~25회차까지 납입금 지원)
※ 신청기간은 모집 마감시까지",대한적십자사,주관기관과 동일,마감,,,,-,온라인(홈페이지 바로가기) 신청,-,https://www.redcross.or.kr/voluntary/windmill_support_self_reliance_home.do,-,-,,,N,19,34,,,,-,-,31,경상남도,제한없음,제한없음,제한없음,,,제한없음
20240116005400200020,현금지급,청년월세 지원사업,"지급,월세부터,수급자인",경제적 어려움을 겪는 청년들의 주거비용 부담 경감,주거,주택 및 거주지,"지원금액 : 1인 월 20만원씩, 최대 12개월(회) 월세 지원 
  - 실제 납부하는 월세의 최대 20만원까지 지원(임차보증금, 관리비 등은 제외)
◎ 지 급 일 : 매월 25일 현금으로 지급 - 토요일이거나 공휴일인 경우에는 그 전날 지급 
  - 지원대상으로 선정될 시, 신청일 기준 당월에 지출한 월세부터 지급
◎ 주거급여 수급자인 경우 전월(20일)에 지급한 주거급여를 차감하고 지급",인천광역시 청년정책담당관,인천광역시 10개 군·구(하단 문의처 참고),특정기간,,,,2024. 2. ~ 2025. 2. * 신청기간 : 2024. 2. 26. ~ 2025. 2. 25.(1년간),"(19세 ~ 34세(1989년~2005년)) 복지로를 통한 온라인신청 및 관할 행정복지센터 방문 신청 (35세 ~ 39세(1984년~1988년)) 인천청년포털을 통한 온라인신청 또는 관할 행정복지센터 방문 신청
※ (공통사항) 단, 동구(미래발전추진단), 부평구(일자리창출과)는 행정복지센터(주민센터)가 아닌 구청에서 접수",,https://youth.incheon.go.kr/youthpolicy/youthPolicyInfoDetail.do?poly_seq=2,"월세지원 신청(변경)서(필수)소득·재산 신고서(필수)서약서(필수)임대차계약서(확정일자 날인) 사본(필수)월세이체 증빙 서류(최근 3개월)(필수)(월세지급을 위한) 통장사본(필수)청약통장 사본(신청인 명의, 종류무관)(필수)신청자 기준 가족관계증명서 (상세, 주민등록번호 공개)(필수)부모님 기준 가족관계증명서 (상세, 주민등록번호 공개)(필수)(혼인한 경우 필수 제출) 배우자 기준 가족관계증명서 및 배우자 부모의 가족관계증명서 (상세, 주민등록번호 공개)(선택)신분증(방문신청시 필수지참)(선택)",-,https://youth.incheon.go.kr/bbs/bbsMsgDetail.do?msg_seq=45&bcd=notice,,N,19,39,,,,"자가진단서비스 사전 실시('24.2.23. 개통)- 복지로(www.bokjiro.go.kr) > 복지서비스 > 모의계산 > 청년월세지원- 월세 신청 전, 복지로 사이트를 통한 ""자가진단서비스"" 먼저 실시 추천- 부정 수급 시 환수 조치","○ 부모와 함께 거주(원가구와 세대분리하지 않은 자)하는 경우
○ 주택 소유자(분양권, 입주권 포함)
○ 직계존속, 형제, 자매 등 2촌이내 주택을 임차한 경우(배우자의 2촌 이내 혈족 포함)
○ 공공주택특별법에 따른 공공임대주택 거주자
○ 1실(방)에 다수가 거주하는 방식의 전대차인 경우
○ 전국 지자체 월세사업 또는 국토부 1차 월세사업 수혜 중인자 등 (수혜종료 후 신청가능 : 기존사업 수혜 완료자 ""복지로""에서 신청 시 시스템상 '자격중지' 요청 필요- 하단 각 군·구 담당자 문의)",504,인천광역시,제한없음,제한없음,제한없음,20240226,20250225,제한없음
20240116005400200046,보증,남동구 청년참여단 운영,"구정,보장,형성","청년의 구정 참여 보장, 청년을 위한 정책 개발 및 자립 기반 형성 등에 필요한 청년 지원 사업 발굴청년의 구정 참여 보장, 청년을 위한 정책 개발 및 자립 기반 형성 등에 필요한 청년 지원 사업 발굴",참여권리,청년참여,"활동지원(회의수당, 정책워크숍, 토크콘서트 등 행정지원)",인천광역시 남동구 일자리정책과,인천광역시 남동구 일자리정책과,마감,,,,2024. 1. ~ 12.,"□ 구 홈페이지에 접속하여 신청서 및 증빙서류 등 양식 다운
□ 구비 서류 양식 작성 및 증빙서류 구비
□ 방문 및 등기 우편 신청",-,,-,-,https://youth.incheon.go.kr/youthpolicy/youthPolicyInfoDetail.do?poly_seq=94,,N,19,39,,,,-,-,5,인천 남동구,제한없음,제한없음,제한없음,,,제한없음
20240116005400200019,대출,경상남도 청년주택 임차보증금 이자 지원사업,"임차보증금,이자,융자",-,주거,주택 및 거주지,"□ 사업내용 : 청년 주거 안정을 위한 주택임차보증금 융자 추천 및 이자 지원 
- 임차보증금 1억원 이하, 전용면적 60㎡ 이하의 주택 임차보증금 융자 추천(최대 9천만원 한도) 
- 4천만원 한도 주택 임차보증금 대출금의 이자 3% 지원(최장 6년간)",경상남도 건축주택과,주관기관과 동일,마감,,,,-,온라인 신청(경남 바로 서비스),-,https://baro.gyeongnam.go.kr/baro,-,-,,,N,19,34,,,,-,-,32,경상남도,제한없음,제한없음,제한없음,,,제한없음
20240116005400200056,프로그램,청년정책위원회 운영,"청년정책에,관한,의견수렴",청년정책에 관한 주요사항을 심의하고 전문적이고 다양한 청년정책 의견을 수렴하기 위해 운영하고자 함,참여권리,청년참여,"○ 지역 청년과의 소통창구 및 현장 의견수렴
○ 구정 참여와 정책 제안‧발굴 등
○ 청년정책에 관한 기본계획 수립과정 참여 등",인천광역시 동구 일자리경제과,인천광역시 동구 일자리경제과,마감,,,,2024.1. ~ 12.,,,,,-,https://youth.incheon.go.kr/youthpolicy/youthPolicyInfoDetail.do?poly_seq=83,,N,19,39,,,,,-,3,인천 동구,제한없음,제한없음,제한없음,,,제한없음
20240116005400200054,프로그램,청년 행복꾸러미 나눔,"행복꾸러미,수요와,맞아",청년의 날을 맞아 청년정책 수요와 관련한 설문조사에 참여한 청년을 대상으로 추첨을 통해 행복꾸러미 제공,복지문화,취약계층 및 금융지원,청년의 날을 맞아 청년정책 수요와 관련한 설문조사에 참여한 청년을 대상으로 추첨을 통해 행복꾸러미 제공,인천광역시 동구 일자리경제과,인천광역시 동구 일자리경제과,마감,,,,2024. 1. ~ 12.,,,,,-,https://youth.incheon.go.kr/youthpolicy/youthPolicyInfoDetail.do?poly_seq=81,,N,19,39,,,,,-,2,인천 동구,제한없음,제한없음,제한없음,,,제한없음
20240116005400200050,채용,동구 청년일자리 사업,"동구,관내,일할",동구 관내 청년층을 위한 일자리 제공,일자리,취업,관내 미취업 청년을 대상으로 공공기관 등에서 일할 수 있는 기회 제공,인천광역시 동구 일자리경제과,인천광역시 동구 일자리경제과,마감,,,,2024. 1. ~ 12.,,,,,-,https://youth.incheon.go.kr/youthpolicy/youthPolicyInfoDetail.do?poly_seq=80,,N,19,39,,,,,-,4,인천 동구,제한없음,미취업자,제한없음,,,제한없음
20240116005400200047,상담,청년e음 청년스타트업지원사업,"창업공간,정서진,아라뱃길","청년e음 스타트업지원사업 「정서진 아라뱃길 청년창업공간 운영」
- 대 상 : 정서진 아라뱃길 여객터미널 청년창업공간 6개소
- 지원내용 : 1년간 창업공간 제공(여객터미널 내 창업공간), 초기 창업사업기반 구축비(30만원 이내) 등 
- 매년 1~2월 공고예정",일자리,취업,창업공간 제공 및 공간 이용실적에 따른 초기창업사업기간 구축비 지원(30만원 이내),인천광역시 서구 청년정책일자리과,인천광역시 서구 청년정책일자리과,마감,,,,2024.1.~12.,,,,,-,https://youth.incheon.go.kr/youthpolicy/youthPolicyInfoDetail.do?poly_seq=69,,N,19,39,,,,,-,2,인천 서구,제한없음,(예비)창업자,제한없음,,,제한없음
20240116005400200055,보증,청년정책위원회 및 청년참여단 운영,"청년참여단,청년정책위원회,운영","청년의 사회참여 보장서구 청년정책위원회 운영, 서구 청년참여단, 청년주간 운영 등",참여권리,청년참여,"회의수당, 행정적 지원 등",인천광역시 서구 청년정책일자리과,인천광역시 서구 청년정책일자리과,마감,,,,2024. 1. ~ 12.,,,,,-,https://youth.incheon.go.kr/youthpolicy/youthPolicyInfoDetail.do?poly_seq=62,,N,19,34,,,,,-,4,인천 서구,제한없음,제한없음,제한없음,,,제한없음
20240116005400200018,상담,MZ하우스 및 안심거래 자문단 운영,"mz하우스,중개업소,깡통전세","청년들의 주거 안정화를 위해 중개업소(깡통전세 미취급, 근절방안 모색), 안심거래자문단(계약관련 법률자문 및 상담) 운영",주거,"주택 및 거주지,전월세 및 주거급여 지원","□ MZ하우스 : 깡통전세 미 취급 / 부득이 취급 시 선순위 권리관계 등을 반드시 안내하는 중개업소
 ○ 참고 사이트2에서 MZ하우스 참여업소 확인",인천광역시 연수구 공간정보과,인천광역시 연수구 공간정보과,마감,,,,2024.1. ~ 12.,,,,,-,https://youth.incheon.go.kr/youthpolicy/youthPolicyInfoDetail.do?poly_seq=126,https://www.yeonsu.go.kr/main/part/property/mzhouse.asp?gotopage=1&keyfield=&keyword=,N,19,39,,,,,-,11,인천 연수구,제한없음,제한없음,제한없음,,,제한없음
20240116005400200007,기타,인천논현4 1블록 창업지원주택 입주자 모집,"1블록,제곱미터,인천논현4",청년창업인의 주거복지 향상 및 창업지원을 위해 인천논현4 1블록 창업지원주택 입주(남동구 은봉로 297),일자리,"취업,창업","인천논현4 1블록 창업지원주택 입주(남동구 은봉로 297)

□ 임대대상
 ㅇ 25A/A1, 청년창업인, 건설호수 194
 ㅇ 25B/B1, 청년 창업인 중 주거약자, 건설호수 20
 ㅇ 세대당 계약면적: 58.2243제곱미터
-주거전용 25.77제곱미터, 주거공용: 11.96 제곱미터, 그밖의 공용 면적(기타 공용 10.0029 제곱미터, 주차장 10.4914 제곱미터)

□ 임대조건
※ 신청 시 모집 공고문 확인",인천광역시 남동구 일자리정책과,인천광역시 남동구 일자리정책과,마감,,,,2024. 1. ~ 12.,-,-,,,"□ LH 콜센터 : 1600-1004 (평일 : 09:00 ~ 18:00)
□ LH청약플러스- 공고문 메뉴에서 검색 후 세부내용 확인",https://youth.incheon.go.kr/youthpolicy/youthPolicyInfoDetail.do?poly_seq=200,,N,19,39,,,,-,-,34,인천 남동구,제한없음,(예비)창업자,제한없음,,,제한없음
20240116005400200053,상담,고립은둔청년 사회복귀 지원,"클래스,원데이,안전하게",고립·은둔 청년들에게 삶의 활력과 동기를 부여해 사회로 안전하게 복귀할 수 있는 기회 제공고립·은둔의 상태에서 벗어나고자 하는 청년들의 어려움 해소 및 심리적 회복을 위한 검사와 상담을 진행,복지문화,취약계층 및 금융지원,"심리 및 정신건강 상담, 원데이 클래스 등",인천광역시 동구 일자리경제과,인천광역시 동구 일자리경제과,마감,,,,2024.1. ~ 12.,,,,,-,https://youth.incheon.go.kr/youthpolicy/youthPolicyInfoDetail.do?poly_seq=190,,N,19,39,,,,,-,12,인천 동구,제한없음,제한없음,"고졸 미만, 고교 재학, 고졸 예정, 고교 졸업, 대학 재학, 대졸 예정, 대학 졸업, 석·박사",,,제한없음
20240116005400100001,현금지급,2024년 자립준비청년(청년 유형) 전세임대,"광역시,수도권,재계약",입주대상자로 선정된 자립준비청년이 거주할 주택을 물색하면 LH에서 주택소유자와 전세계약을 체결한 후 재임대하는 제도,주거,주택 및 거주지,"□ 전세보증금 지원한도액 및 지원가능 주택면적
(단독형 1인) 수도권 1.2억원 / 광역시 9,500만원 / 기타 도 지역 8,500만원
(쉐어형 2인)  수도권 1.5억원 / 광역시 1.2억원 / 기타 도 지역 1억원
(쉐어형 3인 이상) 수도권 2억원 / 광역시 1.5억원 / 기타 도 지역 1.2억원
※ 셰어형을 원하는 경우 단독형으로 신청, 입주대상자 선정 안내를 받은 후 해당 지역본부에 연락하여 셰어형으로으로 요청(셰어형은 동성만 지원가능. 단, 남매는 허용) 
※ 호당 전용면적 85㎡ 이하여야 하며, 가구원이 5인 이상인 경우(셰어형에 한함) 전용면적 85㎡를 초과한 주택 지원가능
※ 지역별 지원한도액을 초과하는 주택은 임차권을 LH에게 귀속하고 호당 지원한도액을 초과하는 금액을 입주대상자가 부담하는 조건으로, 
1호에 1인 입주 시 호당 지원한도액의 150%이내, 2인 이상 입주 시(셰어형에 한함) 지원한도액의 200% 이내만 지원가능

□ 지원가능주택
ㅇ 당첨자가 신청한 지역의 전용면적 85㎡ 이하 전세 또는 보증부월세로 계약 가능한 주택 (단독, 다가구, 다세대, 연립주택, 아파트, 주거용 오피스텔) 
ㅇ 부채비율(전세지원금 포함 총부채/주택가격)이 90% 이하인 주택
ㅇ 주거용 오피스텔의 경우 바닥난방이 되며, 별도로 취사 · 세면시설 및 화장실을 갖추어 주거용(사실상 사용)으로 이용가능하여야 함
ㅇ 보증부월세 전세임대주택의 경우 매월 지급하는 월세는 입주대상자가 직접 임대인에게 지급하여야 하며, 1년치 월세에 해당하는 금액을 계약시 기본보증금 외에 추가부담(전세계약 만료시 반환함)하여야함
[단, 수도권(60만원), 광역시(45만원), 기타지역(40만원) 한도의 보증부월세는 입주대상자가 원할 경우 3개월치 월세에 해당하는 금액만 입주자가 부담하고 9개월치 월세는 임차료 지급보증으로 대체가능

□ 임대조건
ㅇ 임대보증금 : 100만원
ㅇ 월임대료 
 - 22세 이하 무이자
 - 전세임대주택 거주 5년 이내 50%감면 (단, 다른 우대금리와 중복적용 불가)
 - 전세임대주택 거주 5년 이후 보증금 지원 규모별 연 1.0~2.0%
ㅇ 우대금리 적용 
 - 청년 1순위 : 0.5%p (단, 다른 우대금리와 중복적용 불가) 
 - 1자녀 0.2%P, 2자녀 0.3%P, 3자녀이상 0.5%P (단, 최저금리는 1.0%) 
 - 생계 · 의료급여 수급자 0.2%P (단, 최저금리는 1.0%) 
 ※ 월 임대료 및 우대금리 등은 주택도시기금 운용계획 융자조건에 따라 변경 가능
 ※ 주거급여 수급세대의 경우 지자체에서 신청자 계좌로 지급되던 주거급여액이 LH 계좌로 지급되며,  해당금액은 월 임대료로 자동 수납처리됨
 * 주거급여법 제7조제4항에 의거 공사가 직접 수납하며 보증부월세 계약은 제외

□ 임대기간: 2년
 ㅇ 최초 임대기간 경과 후 2년 단위로 최대 14회 재계약 가능하나, 4회를 초과하여 재계약을 체결할 때에는 무주택세대구성원으로서 아래 재계약 기준을 충족하여야 함
□ 재계약기준
 ㅇ (4회를 초과하여 재계약 체결 시) 무주택세대구성원으로서 소득기준 및 자산기준(전년도 도시근로자 가구원수별 가구당 월평균소득의 105% 이하, 영구임대주택 자산기준*)을 
충족하여야 하며, 미 충족 시 1회에 한해 재계약 체결 가능하나 임대보증금 및 임대료가 80% 할증",한국토지주택공사(LH),한국토지주택공사(LH),마감,,,,,"□ 신청방법: 청년 전세임대 청약은 인터넷으로만 신청 가능
ㅇ LH청약플러스(https://apply.lh.or.kr)→임대주택(청약신청)

□ 신청절차: 입주신청(LH청약센터) ▷대상자발표(예비자포함) ▷ 전세주택 물색(입주대상자) ▷ 전세주택 물색(입주대상자) ▷입주",입주대상자 선정안내 : 신청일로부터 최소 4주 소요,https://apply.lh.or.kr/lhapply/apply/wt/wrtanc/selectWrtancInfo.do?panId=2015122300015277&ccrCnntSysDsCd=03&uppAisTpCd=13&aisTpCd=17&mi=1026,"주민등록표등본, 가족관계증명서, 개인정보 이용·제공 및 제3자 제공 동의서, 자립준비청년 증명서 
※ 모든 발급서류는 신청일 기준 2주일 이내 발급분에 한함",전세임대 통합콜센터: 1670-0002,https://apply.lh.or.kr/lhapply/apply/wt/wrtanc/selectWrtancInfo.do?panId=2015122300015277&ccrCnntSysDsCd=03&uppAisTpCd=13&aisTpCd=17&mi=1026,,N,19,39,,,,"□ 지원대상
ㅇ 신청일 현재 본인이 무주택자이면서 「아동복지법」 제16조 및 제16조의3에 따라 가정위탁 보호조치가 종료되거나 아동복지시설에서 퇴소한지 5년 이내인 사람
※ 보호조치를 연장한 자, 보호조치 종료 예정자, 시설 퇴소예정자 포함, 혼인중인 자는 제외

□ 지원불가주택
ㅇ 입주대상자 또는 배우자의 직계 존·비속 소유의 주택 및 법인 소유의 공공임대주택
ㅇ 등기부등본상 압류·가압류·가등기·신탁등기·임차권등기 및 소유권행사에 제한이 되는 가처분·예고등기 등이 있는 경우(권리관계 말소 후 신청 가능) 
ㅇ 토지 소유자와 건물 소유자가 다른 주택(단, 각각의 소유자 모두와 전세계약 체결하는 경우 또는 토지지분 일부를 소유하고 있는 건물 소유주와 전세계약 체결하는 경우는 가능) 
ㅇ 서울보증보험(주)의 전세임대주택신용보험 또는 전세금보장신용보험의 보험사고자로서 서울보증보험(주)에 대한 동 보험사고 관련 채무를 완제하지 아니한 임대인 소유의 주택
ㅇ 서울보증보험(주)의 전세임대주택신용보험 가입 불가한 주택
ㅇ 기타 우리 공사가 재난·재해 등의 우려로 방침으로 정하여 공급을 제한하는 주택(소급적용 가능)",-,601,전국,제한없음,제한없음,제한없음,,,제한없음
20240116005400200002,현금지급,드림체크카드(구직활동비 지원),"관련된,취업을,간접비",취업을 준비하는 인천 거주 청년들에게 구직활동비를 지원하여 취업을 장려함과 동시에 사회적 안전망 확충,일자리,"취업,재직자","○ 구직활동에 관련된 직·간접 비용 
- 지원항목 : 구직활동과 관련된 항목(직접비+간접비) 
- 지원금액 : 1인 월 50만원씩 최대 6개월(최대 300만원 지원) 
- 지급방법 : 드림체크카드 30만원 + 인천e음 20만원",인천광역시 청년정책담당관,인천테크노파크 고용안정센터,특정기간,,,,,,,https://youth.incheon.go.kr/dream/dreamcard/dreamCardAcceptTerms.do,,-,https://youth.incheon.go.kr/job/dream.jsp,,N,18,39,제한없음,,,,"○ 취업 또는 창업 중인 자
○ 신청일 기준 학교에 재(휴)학 중인 학생
○ 중위소득 기준 미충족자
○ 실업급여, 국민기초생활보장(생계·의료·교육·주거) 수급자
○ 중앙정부, 지방자치단체 또는 관련기관에서 지원하는 유사사업 수혜자
○ 2019 ~ 2024년 드림체크카드 참여자",322,인천광역시,제한없음,제한없음,"고교 졸업, 대학 졸업",20250304,20250321,제한없음
20240116005400200052,시설제공,청년센터 서구1939 운영,"서구1939,청년활동공간,청년센터","일,쉼,배움까지 경험하는 청년종합지원공간",복지문화,취약계층 및 금융지원,청년정책정보 제공 및 청년활동공간 지원,인천광역시 서구 청년정책일자리과,인천광역시 서구 청년정책일자리과,마감,,,,2024. 1. ~ 12.,,,,,-,https://youth.incheon.go.kr/space/seogu/,,N,19,39,,,,,-,12,인천 서구,제한없음,제한없음,제한없음,,,제한없음
20240116005400200001,상담,청년창업 성장지원사업,"창업컨설팅,성장지원,창업자금",발전가능성이 높은 관내 창업 초기 청년을 발굴하여 우수기업으로 성장지원,일자리,"취업,창업","임차료, 마케팅비 등 창업자금 최대 1,500만원 지원, 창업컨설팅 지원",인천광역시 계양구 일자리정책과,인천광역시 계양구 일자리정책과,마감,,,,2024.1. ~ 12.,"□ 신청 홈페이지에 접속하여 신청서 등 양식 다운
□ 구비 서류 양식 작성 및 증빙서류 구비
□ 일자리정책과 방문 또는 이메일 신청",,,,"□ 2023년 신청 및 선발된 기업에게 2024년에 지원하는 정책
□ 2024년 모집일정 없음",https://youth.incheon.go.kr/youthpolicy/youthPolicyInfoDetail.do?poly_seq=101,,N,19,39,,,,□ 상가 임차료는 사무공간에 한해 지원(원룸 등 주거공간 임차료 지원 불가),"□ 2개 이상 사업자등록을 한 자
□ 창업자 대표 및 팀원 소유 건물의 임차료 지급 제외
□ 임대인이 창업자의 직계존비속, 형제, 자매, 배우자인 경우 지급 제외",12,인천 계양구,제한없음,(예비)창업자,제한없음,,,제한없음
20240115005400200004,현금지급,충북행복결혼공제,"결혼,근로자,농업인","충북 내 미혼 청년 근로자 및 농업인이 매월 일정액을 5년간 적립하면 도·시군, 기업에서 함께 적립하여 결혼 및 근속유지 시 목돈을 마련해 주는 사업",일자리,재직자,"□ 지급액
ㅇ 근로자 기본형
- 근로자 30만원, 도·시군 30만원, 기업 20만원씩 월 80만원을 5년간 적립하여 기간 내 본인 결혼 및 근속 시 만기 원금 4,800만원에 이자를 더한 목돈 수령
- 기업당 최대 10명씩 신청
ㅇ 농업인
 - 농업인 공제는 농업인 30만원, 도·시군 30만원씩 월 60만원을  5년간 적립해 기간 내 본인 결혼 및 농업 종사 시 만기 원금 3,600만원에 이자를 더한 목돈을 수령
 - 공제 협약기관인 농협의 후원으로 본인 결혼 시 결혼축하금 1백만원을 추가 수령

□ 적립기간: 5년

□ 세제헤택
 ㅇ 근로자: 만기 수령시 기업기여금에 대한 근로소득세 50% 이상 감면
 ㅇ 기업: 기업납입금에 대한 손금(비용) 인정 및 연구인력개발비 세액공제",충북도청,충북 내 시군 담당부서,상시,특정기간,20250101,20251231,,본인 주소지 시군 담당부서 방문접수 및 등기우편 접수를 통해 신청 가능,-,,충북도내 시군 누리집 공지사항 확인 후,"▸청주시여성가족과(043-201-1763), 충주시기획예산과(043-850-5262), 제천시미래정책과(043-641-5273)
▸보은군미래전략과(043-540-3710), 옥천군성장정책과(043-730-3783), 영동군미래전략과(043-740-3047)
▸증평군미래전략과(043-835-4623), 진천군인구정책과(043-539-3933), 괴산군미래전략과(043-830-3207)
▸음성군2030전략실(043-871-5413), 단양군미래전략과(043-420-3113)",,,N,19,39,미혼,무관,,,"□ 대기업 등 중소(중견)기업이 아닌 기업, 제외업종(주점업 등)
□ 휴·폐업중인 기업, 국세 및 지방세 체납 기업(공고일 기준)
□ 기업 대표(최대주주·출자자 포함)의 배우자 ,직계비속, 형제·자매 관계에 있는 자
□ (청년재직자)내일채움공제 및 청년내일채움공제 등 가입자
□ 정부 및 타 지방자치단체에서 시행 중인 근로자에게 직접 지원하는 자산 형성 지원성격의 사업 참여 중인 자 또는 참여하여 지원금을 수령한 자
  ※ 정부지원금(고용부 내일채움공제, 중기부 청년재직자내일채움공제)을 수령한 자는 충북행복결혼공제 기본형은 가입 가능 
  ※ 충북행복결혼공제 정부지원형은 지역주도형 청년일자리사업 인센티브와 중복지원 불가
□ 중도해지자의 경우, 해지일 이후 만 2년이 경과되지 않은 자
□ 신청서, 정보제공 동의서 등 신청 구비서류를 제출하지 않은 자
□ 세법에 따라 사업자등록을 한 자 및 타 기업 대표자를 겸직하고 있는 자
□ 대한민국 국적을 보유하지 않은 외국인(다만, 거주(F-2), 영주(F-5)는 제외)
□ 부정수급 등 참여 제한기간에 해당하는 기업 및 부정수급자
□ 도 및 시군 검토결과 지원이 부적절하다고 판단되는 자",731,충청북도,제한없음,"재직자, 영농종사자",제한없음,,,제한없음
20240110005400200002,교육,청년 면접 정장 대여사업,"면접,정장,구직",익산시 미취업 구직 청년에게 면접 정장 무료 대여,"일자리, 교육","취업,미래역량강화","□ 미취업 구직 청년에게 면접 정장 무료 대여
ㅇ (대여품목) 정장(상·하의), 셔츠, 블라우스, 넥타이, 구두 등
ㅇ (대여기간) 대여일로부터 3박 4일
ㅇ (대여횟수) 1인당 연 3회
   ※ 일반 교육, 모의 면접, 대학교(원) 면접 등 참여자는 지원 제외",전북특별자치도 익산시,전북특별자치도 익산시,마감,,,,2024. 1. ~ 예산 소진 시까지,"□ 신청방법: 온라인 신청(youthforest.iksan.go.kr)
   ① 익산청년시청 홈페이지(youthforest.iksan.go.kr) 접속
   ② 익산청년정책 - 청년 면접 정장 대여사업
   ③ 신청서, 개인정보 동의서 다운로드 → 작성(자필 서명 필수)
   ④ 신청서, 개인정보 동의서, 주민등록초본, 면접 증빙자료 업로드
    ※ 신청서 양식은 익산청년시청 홈페이지에서 다운로드 가능

□ 신청절차

① 신청접수(신청서 및 구비서류 제출)
② 쿠폰수신(예약 링크 및쿠폰 번호 문자확인)
③ 정장수령(택배, 면접일 전날 수령)
④ 정장반납(대여일로부터 3박4일 내 택배 착불 반납)",,https://youthforest.iksan.go.kr/board/list.iksan?boardId=BBS_0000025&menuCd=DOM_000000102004002000&contentsSid=150,,"□ 대여 승인은 월요일 9시부터 금요일 18시까지만 가능  (주말, 공휴일, 대체휴무일 등은 승인 불가)
□ 기타 자세한 사항은 익산시청 기업일자리과(☎063-859-7358)로 문의",https://youthforest.iksan.go.kr/index.iksan?menuCd=DOM_000000102004001000,,N,18,39,,,,-,-,5,전북특별자치도 익산시,제한없음,미취업자,제한없음,,,제한없음
20240110005400200004,프로그램,청년몰 '상상노리터' 입점 희망 청년상인 모집,"상상노리터,청년상인,청년몰",익산시에서 운영하고 있는 복합청년몰 '상상노리터' 입점 희망 청년상인 모집,일자리,"취업,재직자","□ 임대료 지원(입점일로부터 2년간)
□ 임대기간 : 계약일 ~ 2025. 12. 31.
□ 임접점포위치 : 청년몰 상상노리터
□ 입점가능업종
 ㅇ 1층 : 음식점 등 요식업
 ㅇ 2층 : 보틀샵, 애견용품점, 타로카드 등 서비스 업종
   ※ 현재 청년몰에 입점해 있는 업종과 중복 지원 불가",전북특별자치도 익산시,전북특별자치도 익산시,마감,,,,,신청방법 : 이메일 접수(dovetail@korea.kr),,,"지원신청서, 개인정보동의서 등",익산시청 소상공인과 상권활성화계(063-859-5219),,,N,19,39,,,,"□ 지원자격: 신청일 현재 만 39세 이하로 사업자 등록을 하지 않은 개인
□ 사용허가 대상자(계약자)가 직접 영업
□ 청년상인육성재단에서 운영하는 교육과정 수료 가능한 자 (3일 소요)
□ 의무사항
ㅇ 계약기간 동안 사업체 유지
ㅇ 전통시장 화재공제 및 청년몰 자치규약 가입
ㅇ 실태조사(매출, 고객 수, 임대료 등 영업실태 조사)에 성실히 응답
   * 중도 포기 시 지원금 환수, 사업참여 배제 등 불이익 조치가 있을 수 있음","□ 미성년자
□ ‘15~’23년 정부지원으로 전통시장 창업지원을 받은 청년상인(청년몰 포함)
□ 청년상인 창업 및 청년몰 지원을 받은 후 중도 포기하거나, 폐업한 자
□ 복합청년몰 조성 및 활성화사업 세칙에 따른 청년상인의 결격사유에 해당하는 자
  * 사업관계자 등 특수이해관계자에 해당하는 자
  * 기타 사회적 물의, 도덕성 훼손 등 사업수행에 부적절하다고 판단되는 경우",5,전북특별자치도 익산시,제한없음,제한없음,제한없음,,,제한없음
20240109005400100002,대출,청년전용 버팀목전세자금,"최장,10년,청년전용",전세자금이 부족한 청년들에게 청년전용 버팀목 전세자금을 대출,주거,주택 및 거주지,"□ 대출금리 : 연 1.8~2.7%
※`20.5.8∼`20.8.9까지 접수된 청년가구 우대금리(0.6%p) 부여 계좌는 변경 전 기준금리(소득구간별 1.8%∼2.4%)가 적용되며, 연장 시점에 변경된 기준금리가 적용

□ 대출한도 
 ○ 호당대출한도: 2억원 이하(단, 만25세미만 단독세대주인 경우 1.5억원 이하)
 ○ 소요자금에 대한 대출비율
 - 신규계약 : 전세금액의 80% 이내
 - 갱신계약 : 증액금액 이내에서 증액 후 총 보증금의 80% 이내

□ 대출기간 : 최초 2년(4회연장, 최장 10년 이용가능)
 ○ 주택도시보증공사 전세금안심대출 보증서 : 최대 2년 1개월(4회 연장하여 최장 10년 5개월 가능)
 ○ 최장 10년 이용 후 연장시점 기준 미성년 1자녀당 2년 추가(최장 20년 이용 가능)",국토교통부 주택기금과,주택도시보증공사,마감,,,,-,"□ 기금 e든든 사이트(enhuf.molit.go.kr) 및 은행 영업점에 방문하여 신청접수 
□ 전화상담이 필요한 경우 담당자한테 문의 
 - 대출 심사 관련한 상담 우리은행(1599-0800), 국민은행(1599-1771), 하나은행(1599-1111), 신한은행(1599-8000), 대구은행(1566-5050), 부산은행(1800-1333)
 - 자산 심사 관련한 상담 주택도시보증공사 콜센터 1566-9009",-,https://enhuf.molit.go.kr/,-,"□ 유의사항
○ 대출 취급 후 주택취득이 확인된 경우에는 본 대출금을 상환하여야 함
○ 주택도시보증공사 보증서를 담보로 취급된 대출의 경우 추가대출 불가(전체 수탁은행) 및 대출이용기간 중도 목적물 변경 불가(하나은행)
○ 주택도시기금대출은 「금융소비자보호법」의 위법계약해지권 적용대상이 아님

□ 상담문의
○ 대출 심사 관련한 상담은 아래의 콜센터 번호 및 기금 수탁은행 지점에서 가능
○ 자산심사 관련한 상담은 주택도시보증공사 콜센터 1566-9009 및 심사 진행 중 안내된 담당자 번호로 문의",https://nhuf.molit.go.kr/FP/FP05/FP0502/FP05020301.jsp,,N,19,34,,,,"□ 대상주택
○ 임차 전용면적: 임차 전용면적 85㎡ 이하 주택(주거용 오피스텔 포함) 및 채권양도협약기관 소유의 기숙사(호수가 구분되어 있고 전입신고가 가능한 경우에 한함)
(단, 만25세미만 단독세대주인 경우 60㎡ 이하 주택)
※ 단, 쉐어하우스(채권양도협약기관 소유주택에 한함)에 입주하는 경우 예외적으로 면적 제한 없음
○ 임차보증금: 3억원 이하

□ 대출금지급방식
○임대인계좌에 입금함을 원칙. 단, 임대인에게 이미 임차보증금을 지급한 사실이 확인될 경우에는 임차인계좌로 입금 가능

□ 대출취급영업점
○임차대상주택이 소재한 도내 영업점에서 취급이 원칙. 단, 특별시,광역시는 동 시가 접한 도(특별시, 광역시 포함)와 동일지역으로 운용하고 영업점이 타 도 인접지역에 위치한 경우 타 도의 인접 시,군까지 취급","대출접수일 현재 공공임대주택에 입주하고 있는 경우 불가
※ 대출신청 물건지가 해당 목적물인 경우 또는 대출신청인 및 배우자가 퇴거하는 경우 대출가능",182,전국,제한없음,제한없음,제한없음,,,제한없음
20240109005400100005,대출,청년전용 보증부 월세대출,"월세금,보증금,20만원",청년들에게 낮은 이자로 전월세보증금 및 월세 대출 지원,주거,주택 및 거주지,"□  대출금리
(보증금) 연 1.3%,(월세금) 연0%(20만원 한도), 1.0% (20만원 초과)
※ 자산심사 부적격자의 경우 가산금리가 부과
□ 대출한도
(보증금) 최대 3,500만원 이내 (월세금) 최대 1,200만원 (24개월 기준 월 50만원 이내) 
□ 대출기간
25개월 만기 일시상환(4회 연장, 최장 10년 5개월 이용가능)",국토교통부 주택기금과,"주택도시보증공사, 주택금융공사",마감,,,,-,"□ 온라인 신청: 기금e든든 홈페이지(https://enhuf.molit.go.kr)에서 가능
□ 은행 방문 신청: 기금 수탁은행인 우리, 신한, 국민, 농협, 하나은행에서 가능
※ 이용 가능 지점은 은행 상황에 따라 다를 수 있습니다.",대출조건 확인 ▷ 대출신청 ▷ 자산심사 ▷ 자산심사 결과 정보 송신 ▷ 서류제출 및 추가심사 진행 ▷ 대출승인 및 실행,http://nhuf.molit.go.kr/FP/FP05/FP0502/FP05020701.jsp,"신분증, 주민등록등본, 소득확인서류, 건강보험득실확인서, 확정일자부 임대차(전세)계약서 사본, 임차주택 건물 등기사항 전부 증명서
※ 기타 심사 시 필요한 서류 추가 징구 가능","[유의사항]
- 대출 취급 후 주택취득이 확인된 경우에는 본 대출금을 상환하여야 함
- 쉐어하우스 입주자의 경우 본 대출상품 이용 불가
- 본 대출상품은 제2금융권 전세자금대출 대환 불가
- 주택도시기금대출은 「금융소비자보호법」의 위법계약해지권 적용대상이 아님

[상담문의]
- 대출 심사 관련한 상담은 아래의 콜센터 번호 및 기금 수탁은행 지점에서 가능
- 자산심사 관련한 상담은 주택도시보증공사 콜센터 1566-9009 및 심사 진행 중 안내된 담당자 번호로 문의",https://nhuf.molit.go.kr/FP/FP05/FP0502/FP05020701.jsp,,N,19,34,,,,"□ 보증금 대출금은 임대인계좌에 입금함을 원칙
※ 단, 임대인에게 이미 임차보증금을 지급한 사실이 확인될 경우에는 임차인계좌로 입금 가능

□ 월세금 대출금은 아래와 같이 지급함
1. 대출실행 후 2년(24회차) 범위내에서 매월 약정일에 임대인 통장으로 지급
 ※ 부득이한 경우에는 임차인 통장으로 지급 가능. 다만, 연지급을 요청하는 경우에는 반드시 임대인 통장으로 지급
2. 대출실행 후 매 1년마다 차주로부터 월세금 지급신청서를 제출받고 월세금 납부사실과 거주여부를 확인하며, 계약이 종료된 경우 또는 월세금을 연체한 경우에는 대출금지급을 중단하고 기한의 이익 상실(타목적물 전입하여 보증부 월세가 유지되는 경우 제외)
3. 대출실행 후 2년이 종료되는 시점에서 대출금액을 확정하며, 고객요청 등에 의해 대출금이 지급되지 않은 금액은 소급하여 지급 불가
4. 대출 연체발생으로 인해 지급되지 못한 월세금은 소급하여 지급 불가
 ※ 다만, 전회차 대출 실행 후 발생된 연체가 당회자 대출금 실행 전에 해소된 경우 당회차 월세금은 지급할 수 있음

□ 대상주택
○ 임차 전용면적 60㎡ 이하 주택(60㎡ 이하 주거용 오피스텔 포함)
○ 보증금 6.5천만원, 월세금 70만원 이하

□ 대출취급영업점
○ 임차대상주택이 소재한 도내 영업점에서 취급이 원칙(우리, 국민, 신한은행 취급가능, 기업, 농협은행 2월 중 취급예정)
※ 단, 특별시,광역시는 동 시가 접한 도(특별시, 광역시 포함)와 동일지역으로 운용하고 영업점이 타 도 인접지역에 위치한 경우 타 도의 인접 시,군까지 취급",-,82,전국,제한없음,제한없음,제한없음,,,제한없음
20240108005400100003,현금지급,청년도약계좌,"비과세,정부기여금을,가입자의",만기 5년(60개월) 동안 매월 70만원 한도 내에서 자유롭게 납입하면 매월 최대 6%의 정부기여금을 지급하고 이자소득에 대한 비과세 혜택을 제공하는 상품,복지문화,취약계층 및 금융지원,"□ 가입자의 소득구간 및 월 납입액에 따라 최대 6%까지 정부기여금을 지원
□ 본인납입금액과 정부기여금에 대한 이자와 이에 대한 비과세 혜택(만기·특별중도 해지시)
 ※ 전년도 소득 확정 전, 가입자의 경우 모두 비과세 인정(24년 1월 이전에 가입하였더라도 해당)
□ 저소득층 청년 대상 일정수준의 우대금리 제공 (명칭 : 소득+우대금리)
※ 육아휴직급여(육아휴직수당 포함) 및 군장병급여만 있는 경우, 정부기여금 매칭비율 6% 적용",서민금융진흥원,"서민금융진흥원, 취급은행",마감,,,,-,"[매월]
가입신청 - 취급은행 앱
[신청 후 약 2주]
가입심사 - 서민금융진흥원
[익월 초]
계좌개설 - 취급은행 앱","□ 개인 및 가구소득 확인 세부 절차 (약 2주 소요)
① 나이 및 개인소득 확인 → ② 가구원 확정 및 정보제공 동의 → ③ 가구소득 확인 → ④ 확인결과 통보
  ※ 행정정보공동이용서비스를 통해 전면 비대면 확인 시행(행안부, 국세청, 병무청)
□ 개인소득은 가입일로부터 1년 주기로 유지심사를 통해 현행화하여 기여금 지급여부 및 규모 조정",,,"□ 취급은행을 통틀어 1명당 1개의 계좌만 가입 가능
 ※ 가입요건을 충족하는 가구(청년부부 등)일 경우 부부가 각각 가입 가능
□ 복지, 고용지원 및 지자체 상품은 동시가입이 가능하나, 사업목적이 유사한 청년희망적금은 만기(또는 해지) 후 가입이 가능
 ※ 청년희망적금 만기해지자는 청년도약계좌 일시납입 가능
□ 청년내일저축계좌, 청년내일채움공제 등과 동시가입이 가능
□가입일 현재 직전 과세기간의 금융소득종합과세가 확정되지 않아 전전 과세기간까지만 금융소득종합과세 대상 여부가 확인된 경우, 직전 과세기간의 금융소득종합과세 대상자로 확인되는 시점부터 납입중지
「공공재정 부정청구 금지 및 부정이익 환수 등에 관한 법률」에 따른 부정이익으로 확인되는 경우 환수 등의 제재 가능

□ 청년도약계좌 상품에 대한 보다 자세한 안내는 서민금융진흥원콜센터(1397)로 문의하거나 홈페이지 자주하는 질문 참고(사업관련참고사이트2)",https://ylaccount.kinfa.or.kr,https://www.kinfa.or.kr/customerService/boardFAQ.do,N,19,34,,,,"□ 계좌개설일(가입일) 기준 만 19세 ~ 34세 이하*
  *병역이행기간(최대 6년)은 연령 계산시 빼고 계산",직전 3개년도 중 1회 이상 금융소득종합과세 대상자는 가입이 제한,598,전국,제한없음,제한없음,제한없음,,,제한없음
20240105005400200001,현금지급,청년 소상공인 창업응원금 지원,"창업응원금,창업,안내를",청년 창업 기업의 초기 정착을 지원하여 자생력 강화 및 건강한 창업생태계 조성하기 위하여 창업응원금 및 교육 지원,일자리,창업,"(창업응원금) 기업당 창업응원금 30만원 지원(1회, 현금 지급)
(교육지원) 창업 관련 지원사업 및 유관기관 안내를 통한 사업 성장 발판 마련, 실무 교육자료 배부 등",충청북도 인구청년정책담당관 청년지원팀,(재)충청북도기업진흥원,상시,특정기간,20250101,20251231,,"충청북도기업흥원 홈페이지 내 공고문 확인 및 신청

□ 접수방법 : 이메일(cbsb976@naver.com) 또는 방문 접수(우편접수 불가)
※ 방문처 : 충북 청주시 흥덕구 풍산로 50, 2층 충북소상공인지원센터
※ 이메일 제출
- 제출서류 &quot;PDF&quot; 파일 변환하여 전체 합본 후 1부 제출 권고
- 메일 발송 시 제목 &quot;이름_업체명_창업응원금 신청&quot; 기재 발송 요망
","충청북도기업흥원 홈페이지 내 공고문 확인 및 신청

□ 선정방법
 지원기준 충족 시 선착순 지원접수일시 기준 선착순* 지원 
* 제출 필수서류 누락 시 지원대상에서 제외
 예산소진 시기에 맞물려 지원자가 초과하는 경우, 우선순위에 따라 지원금 지급 여부 결정

□ 선정결과 통보 : 개별 이메일 통보",https://www.cbsb.kr/home/main.php,충청북도기업흥원 홈페이지 내 공고문 내 신청서류 확인,"□ 문의처 : 청년 소상공인 창업응원금 지원사업 담당자(043-230-9768)
",,,N,19,39,제한없음,무관,,공고문 내 신청자격 확인,공고문 내 신청자격 확인,4058,충청북도,제한없음,(예비)창업자,제한없음,,,제한없음
20240104005400100002,대출,중소기업 취업청년 전월세보증금 대출,"취업청년,중소기업,대출",중소기업에 취업한 청년들에게 저리의 중소기업 취업청년 전월세보증금을 대출,주거,"주택 및 거주지,전월세 및 주거급여 지원","□ 대출금리 : 연 1.5%
□ 대출한도 : 최대 1억원 이내
□ 대출기간 : 최초 2년(4회 연장, 최장 10년 이용가능)",국토교통부 주택기금과,주택도시보증공사,마감,,,,상시,대출조건 확인 ▷ 대출신청 ▷ 자산심사 ▷ 자산심사 결과 정보 송신 ▷ 서류제출 및 추가심사 진행 ▷ 대출승인 및 실행,-,http://nhuf.molit.go.kr/FP/FP05/FP0502/FP05020601.jsp,"신분증, 주민등록등본, 소득확인서류, 건강보험득실확인서, 확정일자부 임대차(전세)계약서 사본,임차주택 건물 등기사항 전부 증명서, 중소기업재직확인
※ 기타 심사 시 필요한 서류 추가 징구 가능","[유의사항]
- 대출 취급 후 주택취득이 확인된 경우에는 본 대출금을 상환하여야 함
- 본 대출상품은 2023년 12월 31일까지 신청 가능하며, 생애 중 1회만 이용 가능
- 쉐어하우스 입주자의 경우 본 대출상품 이용 불가
- 본 대출상품은 시중은행 전세자금대출, 제2금융권 전세자금대출 대환 불가
- 본 대출상품은 임차중도금 대출 불가
- 주택도시보증공사 보증서를 담보로 취급된 대출의 경우 추가대출 불가(전체 수탁은행) 및 대출이용기간 중도 목적물 변경 불가(하나은행)
- 주택도시기금대출은 금융소비자보호법의 위법계약해지권 적용대상이 아님",http://nhuf.molit.go.kr/FP/FP05/FP0502/FP05020601.jsp,https://www.seoulhousing.kr/html/0504002.do,N,19,34,,,,"□ 신청 시기
 ○ 임대차계약서상 잔금지급일과 주민등록등본상 전입일 중 빠른 날로부터 3개월 이내까지 신청
 ○ 계약갱신의 경우에는 계약갱신일(월세에서 전세로 전환계약한 경우에는 전환일)로부터 3개월 이내에 신청
 
□ 대상주택
 ○ 전용면적 85㎡ 이하 주택(주거용 오피스텔은 85㎡이하 포함)
 ○ 임차보증금 2억원 이하","(공공임대주택) 대출접수일 현재 공공임대주택에 입주하고 있는 경우 불가
 ※ 대출신청 물건지가 해당 목적물인 경우 또는 대출신청인 및 배우자가 퇴거하는 경우 대출가능",144,전국,제한없음,"재직자, (예비)창업자",제한없음,,,중소기업
